testassemblies352,17423
testassemblies3138,17107
testassemblies618,15566
testassemblies581,15225
testassemblies727,15175
testassemblies579,14377
testassemblies2668,14255
testassemblies482,14179
testassemblies2729,13949
testassemblies4982,13436
testassemblies3129,13344
testassemblies3543,12269
testassemblies3161,12123
testassemblies705,12103
testassemblies4037,12085
testassemblies342,12069
testassemblies231,11851
testassemblies2400,11833
testassemblies1977,11804
testassemblies344,11671
testassemblies636,11583
testassemblies646,11521
testassemblies2722,11487
testassemblies4959,11421
testassemblies627,11364
testassemblies587,11297
testassemblies549,11261
testassemblies358,11217
testassemblies736,11201
testassemblies4952,11128
testassemblies2218,11056
testassemblies346,11046
testassemblies122,11022
testassemblies3107,11005
testassemblies5028,10943
testassemblies3012,10895
testassemblies695,10888
testassemblies2618,10869
testassemblies3777,10868
testassemblies1685,10766
testassemblies3533,10746
testassemblies3247,10679
testassemblies1485,10653
testassemblies3221,10632
testassemblies3218,10629
testassemblies3671,10628
testassemblies1534,10515
testassemblies51,10513
testassemblies995,10492
testassemblies41,10487
testassemblies780,10482
testassemblies752,10451
testassemblies603,10416
testassemblies4142,10382
testassemblies2926,10356
testassemblies694,10292
testassemblies2559,10202
testassemblies2521,10189
testassemblies2153,10149
testassemblies764,10146
testassemblies726,10097
testassemblies588,10035
testassemblies4697,10008
testassemblies1500,9979
testassemblies2727,9971
testassemblies345,9966
testassemblies2490,9963
testassemblies1147,9920
testassemblies730,9919
testassemblies762,9913
testassemblies3862,9910
testassemblies728,9904
testassemblies5017,9872
testassemblies753,9866
testassemblies4176,9800
testassemblies3787,9735
testassemblies5290,9713
testassemblies224,9678
testassemblies5088,9643
testassemblies5215,9641
testassemblies5214,9640
testassemblies2304,9617
testassemblies654,9599
testassemblies2937,9548
testassemblies881,9527
testassemblies4677,9454
testassemblies3254,9428
testassemblies175,9363
testassemblies4300,9338
testassemblies658,9333
testassemblies2365,9327
testassemblies732,9313
testassemblies739,9304
testassemblies2044,9298
testassemblies1469,9287
testassemblies3137,9223
testassemblies3189,9222
testassemblies4440,9201
testassemblies4119,9191
testassemblies3136,9184
testassemblies4500,9170
testassemblies522,9138
testassemblies5343,9135
testassemblies1865,9095
testassemblies4036,9093
testassemblies2525,9081
testassemblies2710,9073
testassemblies4327,9042
testassemblies3361,9018
testassemblies2721,8991
testassemblies4529,8983
testassemblies3646,8916
testassemblies2730,8900
testassemblies1946,8889
testassemblies3172,8861
testassemblies3594,8852
testassemblies2924,8832
testassemblies758,8831
testassemblies610,8827
testassemblies4377,8826
testassemblies997,8820
testassemblies2368,8786
testassemblies3130,8770
testassemblies759,8752
testassemblies4341,8736
testassemblies1104,8720
testassemblies2557,8708
testassemblies2895,8662
testassemblies602,8647
testassemblies2904,8642
testassemblies693,8592
testassemblies2156,8577
testassemblies2321,8561
testassemblies480,8555
testassemblies724,8544
testassemblies565,8532
testassemblies394,8519
testassemblies2638,8518
testassemblies1650,8500
testassemblies2374,8463
testassemblies2829,8455
testassemblies2603,8451
testassemblies3373,8449
testassemblies766,8436
testassemblies626,8405
testassemblies2716,8364
testassemblies354,8350
testassemblies687,8335
testassemblies4949,8333
testassemblies4085,8315
testassemblies3926,8305
testassemblies5291,8283
testassemblies1359,8278
testassemblies2732,8258
testassemblies2084,8257
testassemblies4734,8244
testassemblies2130,8229
testassemblies2031,8215
testassemblies3498,8205
testassemblies343,8201
testassemblies5220,8197
testassemblies569,8193
testassemblies311,8172
testassemblies1031,8131
testassemblies2771,8130
testassemblies767,8085
testassemblies4025,8078
testassemblies3633,8065
testassemblies3429,8063
testassemblies3413,8055
testassemblies2844,8052
testassemblies5336,8044
testassemblies3124,8028
testassemblies2553,8027
testassemblies5504,8027
testassemblies379,8026
testassemblies438,8017
testassemblies589,8006
testassemblies2733,7994
testassemblies5326,7975
testassemblies1852,7941
testassemblies582,7936
testassemblies3745,7928
testassemblies2106,7917
testassemblies538,7909
testassemblies2826,7908
testassemblies5115,7902
testassemblies1405,7882
testassemblies775,7846
testassemblies3544,7823
testassemblies834,7822
testassemblies5167,7818
testassemblies349,7803
testassemblies3764,7790
testassemblies1651,7766
testassemblies1617,7705
testassemblies2204,7693
testassemblies4896,7687
testassemblies4750,7683
testassemblies3672,7679
testassemblies2191,7675
testassemblies5136,7642
testassemblies43,7629
testassemblies580,7610
testassemblies542,7558
testassemblies678,7558
testassemblies703,7540
testassemblies2033,7505
testassemblies786,7505
testassemblies4105,7467
testassemblies637,7463
testassemblies625,7461
testassemblies4445,7452
testassemblies2136,7450
testassemblies2524,7440
testassemblies2822,7437
testassemblies3095,7431
testassemblies4862,7431
testassemblies4294,7402
testassemblies4537,7376
testassemblies3979,7365
testassemblies3360,7339
testassemblies5193,7321
testassemblies1683,7286
testassemblies647,7217
testassemblies4135,7158
testassemblies3903,7148
testassemblies4385,7144
testassemblies1880,7122
testassemblies1691,7114
testassemblies4838,7113
testassemblies5463,7113
testassemblies5256,7098
testassemblies1756,7080
testassemblies2850,7079
testassemblies1415,7049
testassemblies833,7018
testassemblies2628,7006
testassemblies2662,6969
testassemblies4931,6961
testassemblies4915,6941
testassemblies1236,6888
testassemblies2500,6868
testassemblies731,6863
testassemblies617,6851
testassemblies1864,6814
testassemblies5333,6814
testassemblies669,6776
testassemblies781,6769
testassemblies4781,6723
testassemblies4917,6718
testassemblies4065,6706
testassemblies3379,6673
testassemblies4772,6672
testassemblies4122,6664
testassemblies1930,6647
testassemblies3206,6634
testassemblies761,6579
testassemblies804,6540
testassemblies3282,6530
testassemblies770,6525
testassemblies2546,6513
testassemblies692,6487
testassemblies2720,6486
testassemblies3499,6471
testassemblies568,6467
testassemblies295,6462
testassemblies675,6461
testassemblies573,6460
testassemblies465,6454
testassemblies284,6444
testassemblies4597,6426
testassemblies99,6399
testassemblies5644,6371
testassemblies3521,6355
testassemblies3523,6355
testassemblies223,6318
testassemblies2520,6284
testassemblies571,6254
testassemblies3276,6226
testassemblies5500,6213
testassemblies4501,6197
testassemblies4555,6196
testassemblies2886,6191
testassemblies4778,6189
testassemblies923,6176
testassemblies2905,6166
testassemblies2017,6165
testassemblies2008,6154
testassemblies442,6140
testassemblies4073,6136
testassemblies4172,6133
testassemblies3459,6103
testassemblies4991,6075
testassemblies2502,6065
testassemblies652,6037
testassemblies3398,6020
testassemblies551,6011
testassemblies5039,6003
testassemblies4940,6001
testassemblies494,5994
testassemblies2683,5989
testassemblies2217,5974
testassemblies5153,5959
testassemblies1561,5953
testassemblies1936,5947
testassemblies52,5920
testassemblies4490,5917
testassemblies5475,5917
testassemblies3191,5909
testassemblies878,5894
testassemblies461,5890
testassemblies2078,5865
testassemblies3700,5858
testassemblies3131,5852
testassemblies520,5851
testassemblies3014,5837
testassemblies721,5834
testassemblies785,5823
testassemblies3553,5815
testassemblies293,5810
testassemblies2378,5804
testassemblies704,5802
testassemblies3380,5800
testassemblies623,5794
testassemblies4094,5787
testassemblies1384,5780
testassemblies3325,5769
testassemblies5042,5753
testassemblies2249,5752
testassemblies5546,5736
testassemblies870,5732
testassemblies4272,5730
testassemblies46,5729
testassemblies4920,5710
testassemblies1591,5688
testassemblies682,5663
testassemblies3289,5660
testassemblies4947,5641
testassemblies5638,5617
testassemblies1932,5595
testassemblies3920,5586
testassemblies397,5580
testassemblies4732,5563
testassemblies1779,5552
testassemblies3240,5544
testassemblies5408,5541
testassemblies2934,5539
testassemblies348,5524
testassemblies1403,5520
testassemblies1191,5518
testassemblies663,5518
testassemblies942,5516
testassemblies1468,5505
testassemblies4518,5483
testassemblies4229,5469
testassemblies1776,5463
testassemblies5437,5447
testassemblies3292,5430
testassemblies2255,5423
testassemblies4861,5414
testassemblies1030,5395
testassemblies4392,5377
testassemblies3476,5376
testassemblies4749,5362
testassemblies738,5353
testassemblies2485,5344
testassemblies4234,5327
testassemblies3424,5316
testassemblies48,5308
testassemblies624,5305
testassemblies4317,5300
testassemblies3935,5294
testassemblies2203,5292
testassemblies2825,5292
testassemblies5471,5286
testassemblies4507,5250
testassemblies3701,5234
testassemblies1669,5224
testassemblies3801,5220
testassemblies4801,5205
testassemblies2311,5201
testassemblies4871,5200
testassemblies1404,5166
testassemblies3374,5162
testassemblies3290,5124
testassemblies5205,5100
testassemblies3144,5095
testassemblies5423,5095
testassemblies351,5058
testassemblies3188,5052
testassemblies5103,5051
testassemblies3480,5023
testassemblies4820,5013
testassemblies4944,4994
testassemblies4394,4979
testassemblies5430,4963
testassemblies680,4955
testassemblies1827,4908
testassemblies5272,4907
testassemblies1066,4881
testassemblies5636,4867
testassemblies911,4849
testassemblies660,4847
testassemblies4983,4843
testassemblies2817,4824
testassemblies4373,4815
testassemblies5372,4781
testassemblies4177,4769
testassemblies49,4761
testassemblies5223,4760
testassemblies3808,4735
testassemblies4692,4733
testassemblies4583,4732
testassemblies2617,4714
testassemblies4870,4703
testassemblies3497,4651
testassemblies5664,4642
testassemblies3378,4626
testassemblies3540,4624
testassemblies5563,4612
testassemblies2373,4607
testassemblies1182,4603
testassemblies4989,4603
testassemblies1478,4588
testassemblies2422,4573
testassemblies5667,4552
testassemblies2558,4543
testassemblies4314,4541
testassemblies2043,4534
testassemblies2548,4533
testassemblies3763,4530
testassemblies4743,4524
testassemblies2117,4518
testassemblies4428,4507
testassemblies1631,4496
testassemblies2182,4491
testassemblies1308,4483
testassemblies2967,4483
testassemblies3586,4481
testassemblies3919,4481
testassemblies3277,4476
testassemblies1870,4475
testassemblies2361,4462
testassemblies4303,4447
testassemblies3426,4440
testassemblies3343,4398
testassemblies1078,4378
testassemblies3742,4374
testassemblies4052,4355
testassemblies5254,4352
testassemblies4494,4346
testassemblies5106,4311
testassemblies4980,4301
testassemblies634,4294
testassemblies4339,4291
testassemblies3679,4290
testassemblies3576,4288
testassemblies765,4282
testassemblies5185,4275
testassemblies1940,4259
testassemblies1034,4233
testassemblies1742,4230
testassemblies4112,4229
testassemblies787,4216
testassemblies4125,4213
testassemblies4074,4212
testassemblies2056,4203
testassemblies357,4196
testassemblies2566,4166
testassemblies355,4161
testassemblies3684,4159
testassemblies2471,4148
testassemblies4765,4122
testassemblies2622,4115
testassemblies666,4112
testassemblies1939,4095
testassemblies4347,4078
testassemblies98,4070
testassemblies4424,4068
testassemblies4521,4050
testassemblies1676,4035
testassemblies3768,4030
testassemblies4265,4020
testassemblies1728,4010
testassemblies1218,3979
testassemblies5356,3979
testassemblies1126,3960
testassemblies3382,3885
testassemblies4350,3852
testassemblies4584,3831
testassemblies4539,3818
testassemblies1777,3808
testassemblies4783,3800
testassemblies5421,3769
testassemblies3117,3763
testassemblies644,3762
testassemblies1550,3760
testassemblies671,3749
testassemblies2593,3732
testassemblies2276,3719
testassemblies5375,3711
testassemblies672,3703
testassemblies3339,3698
testassemblies1053,3683
testassemblies2536,3675
testassemblies4979,3675
testassemblies2277,3663
testassemblies4455,3661
testassemblies2506,3628
testassemblies3036,3608
testassemblies5150,3601
testassemblies3171,3598
testassemblies690,3597
testassemblies5327,3578
testassemblies2747,3575
testassemblies3321,3550
testassemblies4433,3541
testassemblies5677,3539
testassemblies4297,3531
testassemblies5550,3515
testassemblies4736,3504
testassemblies2767,3494
testassemblies737,3477
testassemblies3356,3463
testassemblies2547,3430
testassemblies5316,3427
testassemblies4586,3406
testassemblies2952,3401
testassemblies3418,3399
testassemblies1361,3396
testassemblies4882,3392
testassemblies2366,3377
testassemblies4175,3362
testassemblies5478,3352
testassemblies2480,3347
testassemblies1638,3327
testassemblies4488,3323
testassemblies265,3317
testassemblies3954,3293
testassemblies3551,3288
testassemblies3664,3252
testassemblies1447,3246
testassemblies3542,3236
testassemblies5685,3225
testassemblies296,3221
testassemblies3749,3205
testassemblies5303,3178
testassemblies769,3174
testassemblies5655,3141
testassemblies4169,3140
testassemblies734,3140
testassemblies3921,3139
testassemblies4310,3136
testassemblies2657,3131
testassemblies748,3129
testassemblies4477,3127
testassemblies3571,3126
testassemblies3016,3122
testassemblies4540,3093
testassemblies1313,3089
testassemblies3784,3088
testassemblies4664,3087
testassemblies1715,3080
testassemblies4503,3067
testassemblies3061,3064
testassemblies5601,3059
testassemblies3430,3037
testassemblies5138,3036
testassemblies4595,3033
testassemblies651,3029
testassemblies4349,3003
testassemblies3365,3000
testassemblies2897,2994
testassemblies328,2978
testassemblies1588,2974
testassemblies3190,2971
testassemblies1383,2960
testassemblies4906,2956
testassemblies740,2953
testassemblies2491,2948
testassemblies1165,2945
testassemblies2297,2937
testassemblies2175,2936
testassemblies1663,2933
testassemblies1652,2928
testassemblies1388,2926
testassemblies3888,2917
testassemblies1773,2910
testassemblies4807,2910
testassemblies3515,2900
testassemblies772,2894
testassemblies2815,2893
testassemblies2852,2893
testassemblies1948,2880
testassemblies1438,2878
testassemblies5250,2875
testassemblies3397,2870
testassemblies5116,2869
testassemblies3524,2865
testassemblies2092,2847
testassemblies2247,2845
testassemblies700,2839
testassemblies773,2830
testassemblies1164,2828
testassemblies2306,2827
testassemblies1603,2824
testassemblies467,2817
testassemblies1668,2796
testassemblies4794,2795
testassemblies2587,2792
testassemblies1986,2789
testassemblies5650,2789
testassemblies4173,2788
testassemblies3387,2781
testassemblies5654,2777
testassemblies4121,2774
testassemblies3050,2767
testassemblies3812,2764
testassemblies4072,2761
testassemblies4814,2761
testassemblies1545,2756
testassemblies3288,2754
testassemblies4955,2751
testassemblies4061,2745
testassemblies1033,2736
testassemblies5179,2736
testassemblies3795,2725
testassemblies1971,2717
testassemblies3118,2717
testassemblies3950,2716
testassemblies2853,2708
testassemblies4559,2708
testassemblies4851,2708
testassemblies922,2707
testassemblies5535,2700
testassemblies3449,2687
testassemblies5096,2686
testassemblies2425,2682
testassemblies2274,2678
testassemblies620,2678
testassemblies264,2674
testassemblies2434,2669
testassemblies4922,2668
testassemblies4573,2651
testassemblies3705,2646
testassemblies1931,2636
testassemblies3328,2636
testassemblies341,2634
testassemblies3324,2626
testassemblies4956,2622
testassemblies5623,2616
testassemblies4439,2610
testassemblies2979,2604
testassemblies4610,2604
testassemblies1389,2603
testassemblies3320,2601
testassemblies4857,2599
testassemblies5070,2593
testassemblies1142,2589
testassemblies3350,2587
testassemblies628,2572
testassemblies4713,2568
testassemblies616,2547
testassemblies4718,2546
testassemblies4222,2545
testassemblies347,2544
testassemblies4321,2544
testassemblies4255,2539
testassemblies3074,2537
testassemblies2323,2526
testassemblies5192,2516
testassemblies3081,2515
testassemblies4418,2510
testassemblies4970,2510
testassemblies5302,2510
testassemblies4000,2504
testassemblies3508,2501
testassemblies621,2496
testassemblies1209,2477
testassemblies604,2473
testassemblies4363,2470
testassemblies2301,2467
testassemblies3846,2466
testassemblies3402,2460
testassemblies4511,2457
testassemblies3621,2445
testassemblies685,2433
testassemblies4193,2424
testassemblies1891,2420
testassemblies3659,2406
testassemblies2459,2399
testassemblies3776,2397
testassemblies3996,2396
testassemblies5279,2390
testassemblies4860,2386
testassemblies1643,2383
testassemblies416,2380
testassemblies2160,2373
testassemblies4771,2364
testassemblies464,2359
testassemblies5295,2345
testassemblies2545,2343
testassemblies5595,2342
testassemblies4082,2340
testassemblies4704,2340
testassemblies5547,2335
testassemblies735,2332
testassemblies2731,2331
testassemblies5599,2316
testassemblies4985,2308
testassemblies3522,2300
testassemblies4591,2293
testassemblies1146,2284
testassemblies2938,2279
testassemblies5678,2273
testassemblies4487,2262
testassemblies395,2256
testassemblies1988,2239
testassemblies1542,2238
testassemblies3401,2237
testassemblies4523,2234
testassemblies3271,2233
testassemblies3239,2230
testassemblies5226,2225
testassemblies554,2222
testassemblies572,2222
testassemblies3496,2216
testassemblies3725,2216
testassemblies4531,2211
testassemblies5249,2208
testassemblies3740,2203
testassemblies3729,2202
testassemblies1560,2200
testassemblies2442,2200
testassemblies5332,2188
testassemblies2865,2184
testassemblies3032,2171
testassemblies5095,2167
testassemblies2772,2165
testassemblies5697,2165
testassemblies656,2162
testassemblies3744,2158
testassemblies53,2154
testassemblies309,2149
testassemblies5373,2148
testassemblies479,2145
testassemblies835,2143
testassemblies3757,2136
testassemblies3078,2133
testassemblies1612,2131
testassemblies4316,2131
testassemblies5600,2130
testassemblies4830,2125
testassemblies688,2121
testassemblies776,2113
testassemblies2061,2098
testassemblies830,2096
testassemblies824,2094
testassemblies4897,2086
testassemblies2220,2084
testassemblies4932,2080
testassemblies4601,2078
testassemblies1628,2069
testassemblies5484,2060
testassemblies4988,2056
testassemblies1576,2044
testassemblies3982,2035
testassemblies5085,2025
testassemblies4827,2019
testassemblies3389,2018
testassemblies3471,2015
testassemblies1489,2012
testassemblies597,2009
testassemblies2955,2005
testassemblies2346,2000
testassemblies5178,2000
testassemblies4075,1999
testassemblies4833,1990
testassemblies779,1989
testassemblies5149,1988
testassemblies3232,1987
testassemblies1917,1986
testassemblies4631,1986
testassemblies5230,1986
testassemblies1649,1985
testassemblies4570,1985
testassemblies460,1977
testassemblies5278,1965
testassemblies5126,1963
testassemblies61,1957
testassemblies5509,1948
testassemblies805,1944
testassemblies2174,1941
testassemblies79,1938
testassemblies396,1937
testassemblies4091,1937
testassemblies3468,1936
testassemblies3758,1933
testassemblies5162,1931
testassemblies2830,1930
testassemblies483,1930
testassemblies3790,1925
testassemblies4919,1919
testassemblies3287,1916
testassemblies1893,1914
testassemblies5528,1913
testassemblies869,1901
testassemblies5360,1894
testassemblies4256,1892
testassemblies495,1891
testassemblies777,1884
testassemblies4538,1883
testassemblies3676,1882
testassemblies733,1873
testassemblies784,1866
testassemblies2329,1859
testassemblies5479,1856
testassemblies3409,1852
testassemblies1136,1851
testassemblies4745,1850
testassemblies5014,1849
testassemblies5034,1846
testassemblies5195,1846
testassemblies5665,1846
testassemblies4271,1842
testassemblies1698,1839
testassemblies5611,1837
testassemblies993,1830
testassemblies4802,1824
testassemblies4731,1823
testassemblies2470,1817
testassemblies2367,1813
testassemblies2138,1808
testassemblies2950,1808
testassemblies47,1808
testassemblies4806,1805
testassemblies2504,1802
testassemblies229,1800
testassemblies5244,1800
testassemblies2741,1799
testassemblies5084,1799
testassemblies5243,1795
testassemblies768,1793
testassemblies132,1792
testassemblies1358,1789
testassemblies2513,1784
testassemblies5420,1784
testassemblies659,1783
testassemblies771,1777
testassemblies3472,1774
testassemblies1675,1771
testassemblies2377,1767
testassemblies1735,1766
testassemblies1664,1763
testassemblies380,1761
testassemblies45,1761
testassemblies3967,1751
testassemblies4890,1743
testassemblies4233,1740
testassemblies944,1740
testassemblies4768,1739
testassemblies1105,1736
testassemblies3252,1733
testassemblies4129,1726
testassemblies4711,1724
testassemblies3040,1720
testassemblies5160,1714
testassemblies384,1713
testassemblies1693,1706
testassemblies1802,1705
testassemblies1217,1697
testassemblies2019,1696
testassemblies657,1695
testassemblies4393,1691
testassemblies2734,1690
testassemblies2989,1690
testassemblies2549,1688
testassemblies5032,1687
testassemblies2940,1676
testassemblies4978,1674
testassemblies5319,1655
testassemblies1602,1652
testassemblies1987,1648
testassemblies5004,1646
testassemblies4395,1645
testassemblies2898,1641
testassemblies823,1641
testassemblies4304,1634
testassemblies3487,1631
testassemblies2664,1619
testassemblies506,1617
testassemblies4456,1614
testassemblies2604,1613
testassemblies840,1609
testassemblies263,1607
testassemblies1215,1595
testassemblies5627,1595
testassemblies2539,1587
testassemblies2656,1586
testassemblies2958,1586
testassemblies4986,1586
testassemblies42,1581
testassemblies4044,1580
testassemblies5501,1569
testassemblies4775,1562
testassemblies4748,1545
testassemblies2385,1540
testassemblies2667,1539
testassemblies3246,1539
testassemblies3466,1537
testassemblies5515,1534
testassemblies4969,1529
testassemblies5532,1520
testassemblies2380,1519
testassemblies4134,1519
testassemblies2565,1518
testassemblies4719,1518
testassemblies699,1518
testassemblies5578,1515
testassemblies4417,1512
testassemblies2849,1503
testassemblies5539,1496
testassemblies4448,1493
testassemblies5368,1482
testassemblies3739,1479
testassemblies3505,1478
testassemblies3759,1477
testassemblies1200,1476
testassemblies3167,1476
testassemblies3943,1476
testassemblies4055,1469
testassemblies5508,1468
testassemblies5735,1468
testassemblies1455,1464
testassemblies1918,1458
testassemblies340,1457
testassemblies2492,1455
testassemblies1201,1454
testassemblies1528,1454
testassemblies5708,1453
testassemblies2951,1452
testassemblies3991,1452
testassemblies4171,1451
testassemblies3122,1443
testassemblies1533,1438
testassemblies2289,1436
testassemblies4124,1436
testassemblies4144,1436
testassemblies1999,1434
testassemblies4115,1431
testassemblies2232,1418
testassemblies1823,1415
testassemblies5010,1414
testassemblies1506,1412
testassemblies5641,1410
testassemblies1012,1408
testassemblies4990,1407
testassemblies839,1404
testassemblies3964,1403
testassemblies749,1403
testassemblies2515,1402
testassemblies1242,1397
testassemblies5606,1397
testassemblies3668,1393
testassemblies2574,1391
testassemblies3242,1389
testassemblies3754,1385
testassemblies1966,1384
testassemblies2977,1382
testassemblies2899,1379
testassemblies5520,1376
testassemblies2605,1374
testassemblies1349,1366
testassemblies1784,1365
testassemblies4569,1364
testassemblies5334,1364
testassemblies4553,1363
testassemblies585,1363
testassemblies5488,1355
testassemblies4092,1353
testassemblies3377,1352
testassemblies3997,1350
testassemblies2062,1347
testassemblies691,1347
testassemblies3162,1344
testassemblies3724,1344
testassemblies4620,1336
testassemblies50,1336
testassemblies653,1335
testassemblies3836,1332
testassemblies1280,1328
testassemblies4199,1323
testassemblies998,1323
testassemblies2162,1321
testassemblies4508,1320
testassemblies566,1314
testassemblies3390,1307
testassemblies4972,1307
testassemblies600,1305
testassemblies4869,1304
testassemblies1190,1302
testassemblies4600,1298
testassemblies463,1296
testassemblies1399,1294
testassemblies5091,1294
testassemblies3342,1293
testassemblies4163,1291
testassemblies1897,1286
testassemblies756,1286
testassemblies774,1284
testassemblies1896,1283
testassemblies2230,1283
testassemblies2702,1280
testassemblies2448,1274
testassemblies2077,1271
testassemblies5428,1269
testassemblies606,1269
testassemblies1795,1268
testassemblies2854,1264
testassemblies3316,1262
testassemblies945,1262
testassemblies3338,1261
testassemblies457,1259
testassemblies3719,1254
testassemblies5105,1253
testassemblies2501,1251
testassemblies5439,1250
testassemblies1644,1247
testassemblies5154,1246
testassemblies821,1243
testassemblies535,1240
testassemblies1521,1239
testassemblies1052,1237
testassemblies2686,1237
testassemblies2887,1234
testassemblies2864,1233
testassemblies2237,1232
testassemblies4185,1232
testassemblies2818,1220
testassemblies2063,1217
testassemblies3600,1217
testassemblies4558,1216
testassemblies3864,1215
testassemblies2781,1214
testassemblies4888,1214
testassemblies2254,1210
testassemblies4127,1210
testassemblies819,1210
testassemblies3155,1209
testassemblies3805,1209
testassemblies5637,1199
testassemblies2884,1198
testassemblies2916,1198
testassemblies3359,1197
testassemblies5031,1196
testassemblies1947,1191
testassemblies866,1190
testassemblies4170,1189
testassemblies4879,1189
testassemblies4262,1188
testassemblies4740,1188
testassemblies2355,1185
testassemblies3513,1185
testassemblies3706,1185
testassemblies1119,1183
testassemblies2402,1182
testassemblies4344,1182
testassemblies502,1182
testassemblies3047,1180
testassemblies5648,1179
testassemblies2540,1178
testassemblies3075,1178
testassemblies3216,1178
testassemblies1318,1175
testassemblies2503,1175
testassemblies3702,1174
testassemblies77,1174
testassemblies3046,1170
testassemblies3257,1167
testassemblies4546,1167
testassemblies4444,1166
testassemblies4328,1165
testassemblies381,1162
testassemblies3687,1161
testassemblies4250,1158
testassemblies5318,1157
testassemblies4126,1155
testassemblies4927,1155
testassemblies1385,1153
testassemblies4998,1152
testassemblies1803,1151
testassemblies686,1149
testassemblies1509,1148
testassemblies290,1145
testassemblies3564,1145
testassemblies1958,1140
testassemblies1877,1137
testassemblies2885,1137
testassemblies133,1135
testassemblies4021,1134
testassemblies1998,1133
testassemblies3067,1131
testassemblies4491,1130
testassemblies4391,1125
testassemblies5175,1121
testassemblies1640,1114
testassemblies59,1114
testassemblies3115,1113
testassemblies1139,1111
testassemblies2152,1107
testassemblies3958,1104
testassemblies4954,1103
testassemblies4302,1102
testassemblies4443,1100
testassemblies4454,1092
testassemblies306,1089
testassemblies3494,1088
testassemblies4420,1088
testassemblies5651,1088
testassemblies2743,1086
testassemblies4213,1081
testassemblies1422,1080
testassemblies222,1079
testassemblies2472,1077
testassemblies3437,1076
testassemblies308,1075
testassemblies4237,1075
testassemblies3538,1070
testassemblies567,1064
testassemblies2995,1061
testassemblies4730,1058
testassemblies4545,1057
testassemblies4482,1056
testassemblies1933,1050
testassemblies2931,1048
testassemblies5009,1048
testassemblies2135,1047
testassemblies4762,1045
testassemblies4881,1043
testassemblies3079,1042
testassemblies4599,1040
testassemblies3655,1039
testassemblies5702,1039
testassemblies4767,1038
testassemblies4815,1033
testassemblies4816,1033
testassemblies5705,1032
testassemblies3463,1031
testassemblies5035,1031
testassemblies5280,1031
testassemblies2902,1026
testassemblies60,1020
testassemblies1426,1017
testassemblies3340,1017
testassemblies414,1017
testassemblies4665,1017
testassemblies5583,1017
testassemblies4918,1016
testassemblies3962,1012
testassemblies5201,1012
testassemblies4398,1009
testassemblies5301,1009
testassemblies1501,1004
testassemblies312,1003
testassemblies4744,1003
testassemblies4325,1001
testassemblies3896,1000
testassemblies2595,999
testassemblies3403,999
testassemblies1541,997
testassemblies3738,995
testassemblies4407,995
testassemblies633,995
testassemblies3256,990
testassemblies4361,990
testassemblies407,989
testassemblies729,986
testassemblies910,985
testassemblies4530,979
testassemblies1549,978
testassemblies313,970
testassemblies5212,969
testassemblies5128,967
testassemblies5282,965
testassemblies4975,964
testassemblies679,964
testassemblies4747,961
testassemblies594,961
testassemblies2022,960
testassemblies3737,957
testassemblies5401,956
testassemblies4973,955
testassemblies2212,950
testassemblies3783,948
testassemblies2629,947
testassemblies2197,943
testassemblies3800,941
testassemblies4432,936
testassemblies5647,931
testassemblies1972,929
testassemblies537,923
testassemblies4346,921
testassemblies2903,917
testassemblies191,915
testassemblies1508,914
testassemblies1324,912
testassemblies3261,900
testassemblies4276,899
testassemblies5148,888
testassemblies924,888
testassemblies3545,886
testassemblies5613,885
testassemblies1639,882
testassemblies3298,881
testassemblies5584,879
testassemblies2783,878
testassemblies2974,878
testassemblies1449,877
testassemblies5567,876
testassemblies848,876
testassemblies1117,873
testassemblies5346,871
testassemblies3843,870
testassemblies1435,869
testassemblies5248,865
testassemblies1883,864
testassemblies3223,864
testassemblies5217,859
testassemblies2210,858
testassemblies1926,843
testassemblies2215,843
testassemblies3570,843
testassemblies466,842
testassemblies5612,841
testassemblies1994,837
testassemblies2484,837
testassemblies3539,836
testassemblies5524,836
testassemblies3643,834
testassemblies4899,827
testassemblies2906,824
testassemblies3634,822
testassemblies5514,821
testassemblies2300,816
testassemblies5556,815
testassemblies987,815
testassemblies4770,801
testassemblies5425,801
testassemblies847,796
testassemblies4766,795
testassemblies5502,795
testassemblies3529,794
testassemblies1951,788
testassemblies4578,782
testassemblies802,780
testassemblies3804,777
testassemblies67,777
testassemblies4614,775
testassemblies2206,773
testassemblies2583,768
testassemblies3990,764
testassemblies4453,764
testassemblies3993,763
testassemblies299,759
testassemblies5661,757
testassemblies5577,754
testassemblies314,749
testassemblies5317,748
testassemblies5675,748
testassemblies2318,740
testassemblies4813,740
testassemblies2032,739
testassemblies1797,735
testassemblies3369,734
testassemblies5442,731
testassemblies559,731
testassemblies5469,730
testassemblies5404,728
testassemblies1243,723
testassemblies1214,721
testassemblies2691,719
testassemblies5335,716
testassemblies815,715
testassemblies3799,711
testassemblies4063,707
testassemblies4133,705
testassemblies2780,695
testassemblies1843,691
testassemblies5143,690
testassemblies4264,688
testassemblies1565,685
testassemblies5283,679
testassemblies4921,677
testassemblies4365,673
testassemblies2227,665
testassemblies3616,665
testassemblies1904,660
testassemblies3559,651
testassemblies4866,649
testassemblies5691,648
testassemblies552,644
testassemblies3531,640
testassemblies1206,634
testassemblies1677,633
testassemblies3899,630
testassemblies481,625
testassemblies5209,624
testassemblies3541,621
testassemblies2225,620
testassemblies5198,617
testassemblies5703,617
testassemblies4164,615
testassemblies1882,609
testassemblies5013,607
testassemblies2250,606
testassemblies4895,606
testassemblies2070,603
testassemblies2611,597
testassemblies3065,597
testassemblies4459,597
testassemblies2753,595
testassemblies4510,592
testassemblies4893,592
testassemblies4451,591
testassemblies2208,589
testassemblies2517,586
testassemblies5238,584
testassemblies4607,582
testassemblies1114,581
testassemblies1846,575
testassemblies2159,568
testassemblies3345,567
testassemblies3651,567
testassemblies3683,565
testassemblies665,563
testassemblies2578,553
testassemblies5344,553
testassemblies1920,552
testassemblies4093,551
testassemblies1981,549
testassemblies2978,548
testassemblies3669,547
testassemblies5127,541
testassemblies2060,538
testassemblies4151,536
testassemblies3308,534
testassemblies3160,532
testassemblies3895,532
testassemblies2340,529
testassemblies3143,528
testassemblies2093,526
testassemblies3010,523
testassemblies1928,521
testassemblies5331,518
testassemblies5569,517
testassemblies5007,512
testassemblies4305,511
testassemblies5402,509
testassemblies2969,505
testassemblies2584,504
testassemblies4996,503
testassemblies4935,502
testassemblies5444,502
testassemblies1929,501
testassemblies1269,496
testassemblies1636,495
testassemblies3575,495
testassemblies3922,492
testassemblies877,489
testassemblies4823,486
testassemblies1531,485
testassemblies591,482
testassemblies1927,481
testassemblies2552,480
testassemblies4997,479
testassemblies5184,478
testassemblies5554,478
testassemblies4024,474
testassemblies5707,474
testassemblies5734,469
testassemblies3151,465
testassemblies3355,461
testassemblies1788,459
testassemblies2954,459
testassemblies2345,457
testassemblies2626,456
testassemblies4621,456
testassemblies3491,455
testassemblies4022,454
testassemblies2793,452
testassemblies2099,451
testassemblies5370,451
testassemblies2291,448
testassemblies541,445
testassemblies3042,444
testassemblies2347,442
testassemblies3225,439
testassemblies3678,435
testassemblies4752,434
testassemblies3313,432
testassemblies217,427
testassemblies3495,424
testassemblies3902,420
testassemblies557,415
testassemblies2389,413
testassemblies2447,413
testassemblies3219,412
testassemblies1573,408
testassemblies2835,408
testassemblies2994,407
testassemblies583,405
testassemblies4776,403
testassemblies4149,400
testassemblies608,400
testassemblies3011,398
testassemblies4308,393
testassemblies1642,392
testassemblies4609,392
testassemblies4196,388
testassemblies5016,388
testassemblies2309,387
testassemblies5107,384
testassemblies3318,383
testassemblies2137,381
testassemblies4619,381
testassemblies3212,380
testassemblies5094,379
testassemblies2313,373
testassemblies4283,373
testassemblies4840,371
testassemblies1604,370
testassemblies4800,367
testassemblies5605,367
testassemblies1979,366
testassemblies5690,366
testassemblies4742,365
testassemblies536,364
testassemblies4611,361
testassemblies4792,361
testassemblies5294,361
testassemblies961,359
testassemblies5222,357
testassemblies2473,356
testassemblies3035,354
testassemblies3269,354
testassemblies4628,354
testassemblies4406,350
testassemblies1572,349
testassemblies683,346
testassemblies3627,345
testassemblies1150,343
testassemblies1741,341
testassemblies4219,341
testassemblies4473,341
testassemblies1980,340
testassemblies3934,336
testassemblies5351,336
testassemblies1780,331
testassemblies2554,330
testassemblies4995,330
testassemblies3391,327
testassemblies4548,327
testassemblies1502,325
testassemblies2894,322
testassemblies4174,322
testassemblies285,321
testassemblies3886,321
testassemblies1062,318
testassemblies3985,315
testassemblies2384,314
testassemblies5146,314
testassemblies3150,309
testassemblies667,303
testassemblies5431,301
testassemblies2083,299
testassemblies4923,298
testassemblies4435,295
testassemblies1249,293
testassemblies1564,293
testassemblies4200,293
testassemblies5255,291
testassemblies1356,289
testassemblies3506,289
testassemblies3297,288
testassemblies4831,285
testassemblies1401,283
testassemblies2184,283
testassemblies2726,283
testassemblies128,282
testassemblies2641,281
testassemblies1760,279
testassemblies4976,279
testassemblies1011,278
testassemblies4680,277
testassemblies2949,276
testassemblies3327,276
testassemblies3793,276
testassemblies2526,275
testassemblies3076,274
testassemblies1369,273
testassemblies5320,269
testassemblies4486,268
testassemblies510,268
testassemblies5409,268
testassemblies2709,267
testassemblies141,266
testassemblies619,266
testassemblies4437,265
testassemblies2594,264
testassemblies2388,263
testassemblies370,263
testassemblies5398,263
testassemblies1018,261
testassemblies4626,261
testassemblies5364,261
testassemblies4400,260
testassemblies599,260
testassemblies5219,257
testassemblies3322,255
testassemblies4504,253
testassemblies4638,251
testassemblies4894,251
testassemblies4269,249
testassemblies5098,249
testassemblies2640,246
testassemblies650,246
testassemblies3597,245
testassemblies3826,243
testassemblies4205,243
testassemblies1811,242
testassemblies4275,242
testassemblies642,241
testassemblies4225,240
testassemblies1580,239
testassemblies1934,239
testassemblies778,239
testassemblies2527,238
testassemblies2707,238
testassemblies1205,237
testassemblies4804,237
testassemblies4343,236
testassemblies5208,232
testassemblies635,232
testassemblies3792,231
testassemblies4184,231
testassemblies1212,230
testassemblies2996,230
testassemblies4822,230
testassemblies718,228
testassemblies2813,227
testassemblies375,224
testassemblies4760,224
testassemblies4534,222
testassemblies2855,221
testassemblies5626,221
testassemblies1321,219
testassemblies3507,219
testassemblies5400,217
testassemblies2928,216
testassemblies4506,216
testassemblies2158,215
testassemblies4926,215
testassemblies5549,215
testassemblies5237,214
testassemblies5543,214
testassemblies4909,213
testassemblies5134,211
testassemblies725,211
testassemblies376,206
testassemblies4735,206
testassemblies5517,206
testassemblies2404,205
testassemblies1135,204
testassemblies5462,202
testassemblies3020,201
testassemblies1563,200
testassemblies3141,200
testassemblies5706,200
testassemblies5363,198
testassemblies5582,198
testassemblies4364,197
testassemblies4384,197
testassemblies5006,197
testassemblies837,197
testassemblies257,196
testassemblies5710,194
testassemblies1492,191
testassemblies2296,191
testassemblies1942,190
testassemblies3596,190
testassemblies4964,190
testassemblies3180,189
testassemblies4301,189
testassemblies2827,187
testassemblies2305,185
testassemblies3038,185
testassemblies4101,185
testassemblies4724,185
testassemblies5671,185
testassemblies1841,184
testassemblies1204,182
testassemblies165,182
testassemblies1271,181
testassemblies1322,181
testassemblies143,181
testassemblies2704,181
testassemblies3017,179
testassemblies3550,179
testassemblies899,179
testassemblies5686,178
testassemblies3352,177
testassemblies5292,177
testassemblies4945,176
testassemblies5173,176
testassemblies556,175
testassemblies3989,174
testassemblies4472,174
testassemblies5338,174
testassemblies5721,174
testassemblies420,173
testassemblies871,173
testassemblies1270,171
testassemblies406,171
testassemblies4579,171
testassemblies3685,170
testassemblies3815,169
testassemblies3049,168
testassemblies5176,168
testassemblies5202,168
testassemblies3714,166
testassemblies4848,166
testassemblies1658,165
testassemblies4030,165
testassemblies4695,165
testassemblies2222,162
testassemblies2831,162
testassemblies5163,162
testassemblies4580,160
testassemblies5576,159
testassemblies3405,158
testassemblies4854,158
testassemblies3607,157
testassemblies2118,156
testassemblies5182,155
testassemblies5545,153
testassemblies5666,153
testassemblies1654,152
testassemblies4088,152
testassemblies4097,151
testassemblies720,151
testassemblies2343,150
testassemblies3931,150
testassemblies125,149
testassemblies4640,149
testassemblies127,148
testassemblies5357,148
testassemblies5568,148
testassemblies2133,147
testassemblies5025,147
testassemblies1252,146
testassemblies2564,146
testassemblies2655,146
testassemblies2851,146
testassemblies4512,146
testassemblies5109,146
testassemblies710,146
testassemblies947,146
testassemblies4397,145
testassemblies553,144
testassemblies3099,143
testassemblies1118,142
testassemblies4298,142
testassemblies5151,142
testassemblies1014,141
testassemblies2181,140
testassemblies4630,140
testassemblies2876,139
testassemblies4717,138
testassemblies1326,137
testassemblies5590,137
testassemblies4908,136
testassemblies883,136
testassemblies1699,135
testassemblies3406,135
testassemblies5345,135
testassemblies1292,134
testassemblies54,134
testassemblies5628,134
testassemblies455,133
testassemblies1029,132
testassemblies5139,132
testassemblies5643,132
testassemblies5225,131
testassemblies3362,130
testassemblies1023,129
testassemblies2332,128
testassemblies5183,128
testassemblies5371,128
testassemblies1690,127
testassemblies3750,127
testassemblies4716,127
testassemblies2292,126
testassemblies2659,126
testassemblies4141,126
testassemblies1657,125
testassemblies4729,125
testassemblies849,124
testassemblies1067,123
testassemblies1077,123
testassemblies2900,123
testassemblies5646,123
testassemblies4336,122
testassemblies1141,121
testassemblies1091,120
testassemblies1219,120
testassemblies1245,120
testassemblies2828,120
testassemblies5436,120
testassemblies3348,119
testassemblies5190,119
testassemblies5422,119
testassemblies2819,118
testassemblies4012,118
testassemblies4161,118
testassemblies4828,118
testassemblies3810,117
testassemblies4431,117
testassemblies1267,116
testassemblies1961,116
testassemblies797,116
testassemblies2856,115
testassemblies3479,115
testassemblies4128,115
testassemblies2076,114
testassemblies3383,114
testassemblies2231,113
testassemblies4452,113
testassemblies1905,112
testassemblies4889,112
testassemblies1532,111
testassemblies2427,111
testassemblies3653,111
testassemblies5521,110
testassemblies1816,109
testassemblies3260,109
testassemblies820,109
testassemblies254,108
testassemblies887,108
testassemblies304,107
testassemblies5540,107
testassemblies1743,106
testassemblies1394,105
testassemblies4292,105
testassemblies3822,104
testassemblies1237,103
testassemblies1684,103
testassemblies2236,103
testassemblies4224,103
testassemblies5580,103
testassemblies4248,102
testassemblies4846,102
testassemblies1101,101
testassemblies2253,101
testassemblies3932,100
testassemblies4375,100
testassemblies640,100
testassemblies1140,99
testassemblies2324,99
testassemblies3314,99
testassemblies5054,99
testassemblies508,99
testassemblies1375,97
testassemblies3451,97
testassemblies3789,97
testassemblies5466,97
testassemblies3098,96
testassemblies1739,94
testassemblies5092,94
testassemblies4786,93
testassemblies5253,93
testassemblies914,93
testassemblies3174,92
testassemblies3386,92
testassemblies4892,92
testassemblies2252,91
testassemblies4764,91
testassemblies5313,91
testassemblies755,91
testassemblies3599,90
testassemblies4357,90
testassemblies97,90
testassemblies2923,89
testassemblies4083,89
testassemblies4707,89
testassemblies5166,89
testassemblies5029,88
testassemblies1633,87
testassemblies297,87
testassemblies4043,87
testassemblies4278,87
testassemblies3175,86
testassemblies3604,86
testassemblies5503,86
testassemblies5575,86
testassemblies5030,85
testassemblies3674,84
testassemblies4887,84
testassemblies894,84
testassemblies2705,82
testassemblies2800,82
testassemblies1102,81
testassemblies1213,81
testassemblies2988,81
testassemblies2235,80
testassemblies2285,80
testassemblies4604,80
testassemblies5170,80
testassemblies1925,79
testassemblies3335,78
testassemblies3412,78
testassemblies3622,78
testassemblies4078,78
testassemblies2682,77
testassemblies3589,77
testassemblies4966,76
testassemblies5008,76
testassemblies1950,75
testassemblies3481,75
testassemblies5015,74
testassemblies1216,73
testassemblies2356,73
testassemblies3916,73
testassemblies4723,73
testassemblies5513,73
testassemblies1546,72
testassemblies1965,72
testassemblies500,72
testassemblies1425,71
testassemblies4261,71
testassemblies5414,71
testassemblies3273,70
testassemblies5240,70
testassemblies925,70
testassemblies2351,69
testassemblies4799,69
testassemblies5656,69
testassemblies1297,68
testassemblies5464,68
testassemblies140,67
testassemblies1957,67
testassemblies3213,67
testassemblies3432,67
testassemblies3798,67
testassemblies5056,67
testassemblies1759,65
testassemblies2505,65
testassemblies5397,65
testassemblies3300,64
testassemblies3911,64
testassemblies4154,64
testassemblies4863,64
testassemblies142,63
testassemblies2728,63
testassemblies5027,63
testassemblies855,63
testassemblies1922,62
testassemblies3901,61
testassemblies4930,61
testassemblies179,60
testassemblies3825,60
testassemblies524,60
testassemblies854,60
testassemblies2823,59
testassemblies5058,59
testassemblies1264,58
testassemblies2193,58
testassemblies2763,57
testassemblies3666,57
testassemblies4251,57
testassemblies5125,57
testassemblies371,56
testassemblies3872,56
testassemblies989,56
testassemblies2059,55
testassemblies4489,55
testassemblies4845,55
testassemblies5077,55
testassemblies5328,55
testassemblies5315,54
testassemblies1805,53
testassemblies3999,53
testassemblies2700,52
testassemblies3526,52
testassemblies369,52
testassemblies4577,52
testassemblies4637,52
testassemblies3791,51
testassemblies4402,51
testassemblies4581,51
testassemblies3833,50
testassemblies5057,50
testassemblies1170,49
testassemblies4725,49
testassemblies5242,49
testassemblies5257,49
testassemblies3658,48
testassemblies5340,48
testassemblies614,48
testassemblies1804,47
testassemblies3112,47
testassemblies3351,47
testassemblies3585,47
testassemblies5033,47
testassemblies4939,46
testassemblies2421,45
testassemblies2649,45
testassemblies5321,44
testassemblies4386,43
testassemblies1814,42
testassemblies2993,42
testassemblies5467,42
testassemblies96,42
testassemblies3612,41
testassemblies1211,40
testassemblies2073,40
testassemblies2299,40
testassemblies3283,40
testassemblies4517,40
testassemblies4618,40
testassemblies5075,40
testassemblies5329,40
testassemblies5347,40
testassemblies1199,39
testassemblies3363,39
testassemblies4002,39
testassemblies4556,39
testassemblies1382,38
testassemblies4844,38
testassemblies5018,38
testassemblies5314,38
testassemblies3264,37
testassemblies4875,37
testassemblies185,36
testassemblies5113,36
testassemblies5533,34
testassemblies5591,34
testassemblies3082,33
testassemblies4277,33
testassemblies4666,33
testassemblies5369,33
testassemblies1210,32
testassemblies2337,32
testassemblies3123,31
testassemblies4291,31
testassemblies4856,31
testassemblies356,30
testassemblies4885,29
testassemblies5507,29
testassemblies4221,28
testassemblies1005,27
testassemblies2057,26
testassemblies2074,26
testassemblies2105,26
testassemblies2563,26
testassemblies3224,26
testassemblies5102,26
testassemblies5527,26
testassemblies1755,25
testassemblies2975,25
testassemblies4938,25
testassemblies5731,25
testassemblies5100,24
testassemblies5486,24
testassemblies5587,24
testassemblies609,24
testassemblies233,23
testassemblies4358,23
testassemblies2312,22
testassemblies250,22
testassemblies3832,22
testassemblies4426,22
testassemblies3326,21
testassemblies3388,21
testassemblies3661,21
testassemblies3782,21
testassemblies714,21
testassemblies851,21
testassemblies1054,20
testassemblies1799,20
testassemblies2694,20
testassemblies402,20
testassemblies4839,20
testassemblies5658,20
testassemblies5660,20
testassemblies3281,19
testassemblies4338,19
testassemblies936,19
testassemblies1516,18
testassemblies197,18
testassemblies2322,18
testassemblies3080,18
testassemblies3894,18
testassemblies4049,18
testassemblies1022,17
testassemblies3205,17
testassemblies5733,17
testassemblies110,16
testassemblies13,16
testassemblies5511,16
testassemblies3814,15
testassemblies5353,15
testassemblies5683,15
testassemblies3631,14
testassemblies4311,14
testassemblies4647,14
testassemblies960,14
testassemblies966,14
testassemblies2901,13
testassemblies5045,13
testassemblies745,13
testassemblies927,13
testassemblies3972,12
testassemblies4048,12
testassemblies4331,12
testassemblies5101,12
testassemblies5450,12
testassemblies948,12
testassemblies1310,11
testassemblies301,11
testassemblies1276,10
testassemblies178,10
testassemblies4148,10
testassemblies5379,10
testassemblies5492,10
testassemblies2541,9
testassemblies3751,9
testassemblies4516,9
testassemblies503,9
testassemblies5177,9
testassemblies558,9
testassemblies5594,9
testassemblies1195,8
testassemblies1872,8
testassemblies240,8
testassemblies2630,8
testassemblies287,8
testassemblies2983,8
testassemblies4104,8
testassemblies4382,8
testassemblies1397,7
testassemblies1527,7
testassemblies211,7
testassemblies2693,7
testassemblies2941,7
testassemblies3756,7
testassemblies4757,7
testassemblies5131,7
testassemblies5440,7
testassemblies919,7
testassemblies2417,6
testassemblies3628,6
testassemblies4211,6
testassemblies4759,6
testassemblies5358,6
testassemblies1395,5
testassemblies2857,5
testassemblies3315,5
testassemblies3593,5
testassemblies4606,5
testassemblies1655,4
testassemblies1861,4
testassemblies2284,4
testassemblies2917,4
testassemblies3134,4
testassemblies3578,4
testassemblies3873,4
testassemblies3970,4
testassemblies4624,4
testassemblies4808,4
testassemblies505,4
testassemblies523,4
testassemblies920,4
testassemblies1187,3
testassemblies1763,3
testassemblies1813,3
testassemblies3439,3
testassemblies4354,3
testassemblies462,3
testassemblies4904,3
testassemblies5189,3
testassemblies5260,3
testassemblies1050,2
testassemblies1450,2
testassemblies1679,2
testassemblies1696,2
testassemblies2585,2
testassemblies2792,2
testassemblies3286,2
testassemblies3647,2
testassemblies3831,2
testassemblies3939,2
testassemblies5197,2
testassemblies750,2
testassemblies971,2
testassemblies1287,1
testassemblies1293,1
testassemblies1316,1
testassemblies1838,1
testassemblies2959,1
testassemblies3133,1
testassemblies3285,1
testassemblies3428,1
testassemblies3440,1
testassemblies3488,1
testassemblies3590,1
testassemblies3747,1
testassemblies3767,1
testassemblies3811,1
testassemblies4419,1
testassemblies4608,1
testassemblies4674,1
testassemblies4824,1
