48240,testassemblies58
36009,testassemblies1179
34359,testassemblies1372
32808,testassemblies1314
32489,testassemblies324
32362,testassemblies1718
31276,testassemblies1463
31132,testassemblies1605
31124,testassemblies1866
30078,testassemblies1420
28940,testassemblies500
28092,testassemblies1327
27380,testassemblies4420
27137,testassemblies4866
26468,testassemblies222
26026,testassemblies6067
24918,testassemblies1313
24741,testassemblies1568
24723,testassemblies5164
23408,testassemblies446
22912,testassemblies319
22553,testassemblies4253
22312,testassemblies1473
20219,testassemblies1832
20179,testassemblies4833
19729,testassemblies3024
19442,testassemblies5602
19356,testassemblies3715
18784,testassemblies1336
18370,testassemblies1872
18293,testassemblies82
17499,testassemblies302
17294,testassemblies3206
16835,testassemblies741
16612,testassemblies3646
16456,testassemblies2733
16253,testassemblies6172
16018,testassemblies83
15964,testassemblies1017
15955,testassemblies825
15911,testassemblies719
15866,testassemblies6744
15760,testassemblies1964
15673,testassemblies1619
15580,testassemblies4329
15550,testassemblies1236
15481,testassemblies1935
15455,testassemblies5243
15314,testassemblies1403
15166,testassemblies5426
14993,testassemblies1554
14900,testassemblies7009
14813,testassemblies1343
14798,testassemblies3302
14618,testassemblies3194
14291,testassemblies6514
14190,testassemblies4323
14100,testassemblies4689
14006,testassemblies1431
13965,testassemblies177
13782,testassemblies1618
13601,testassemblies4590
13583,testassemblies1300
13480,testassemblies846
13328,testassemblies1527
13292,testassemblies4054
13238,testassemblies1125
13145,testassemblies1341
12938,testassemblies2512
12844,testassemblies4304
12591,testassemblies6124
12307,testassemblies6316
11788,testassemblies4664
11716,testassemblies3176
11663,testassemblies3894
11600,testassemblies1220
11102,testassemblies4215
10854,testassemblies918
10852,testassemblies1484
10819,testassemblies3719
10636,testassemblies1323
10517,testassemblies46
10391,testassemblies4884
10335,testassemblies300
10208,testassemblies2122
10160,testassemblies1486
10005,testassemblies1775
9991,testassemblies4231
9868,testassemblies6002
9854,testassemblies4403
9615,testassemblies6028
9535,testassemblies4793
9531,testassemblies4661
9519,testassemblies6718
9480,testassemblies1521
9391,testassemblies1705
9353,testassemblies4308
9227,testassemblies1949
9197,testassemblies3428
9182,testassemblies4167
9122,testassemblies4826
9027,testassemblies1309
8993,testassemblies1397
8981,testassemblies5462
8937,testassemblies5320
8843,testassemblies1961
8818,testassemblies2407
8732,testassemblies3684
8492,testassemblies554
8479,testassemblies2378
8408,testassemblies1279
8377,testassemblies5093
8292,testassemblies906
8235,testassemblies1920
8229,testassemblies7149
8198,testassemblies761
8164,testassemblies108
8162,testassemblies1897
7874,testassemblies5102
7856,testassemblies5947
7758,testassemblies6814
7749,testassemblies6102
7740,testassemblies1233
7669,testassemblies1716
7535,testassemblies2215
7522,testassemblies5222
7521,testassemblies1788
7454,testassemblies1474
7402,testassemblies3283
7377,testassemblies2012
7302,testassemblies724
7268,testassemblies856
7184,testassemblies1156
7050,testassemblies592
7015,testassemblies2067
7000,testassemblies2243
6951,testassemblies6031
6948,testassemblies5578
6913,testassemblies6379
6910,testassemblies4217
6834,testassemblies4719
6821,testassemblies4739
6794,testassemblies1208
6743,testassemblies4554
6476,testassemblies77
6451,testassemblies6714
6406,testassemblies498
6347,testassemblies449
6330,testassemblies1350
6329,testassemblies4854
6320,testassemblies1700
6311,testassemblies5972
6151,testassemblies4913
6054,testassemblies3034
6036,testassemblies1488
6031,testassemblies1229
6022,testassemblies5923
5950,testassemblies2861
5900,testassemblies1433
5878,testassemblies1851
5861,testassemblies931
5810,testassemblies732
5794,testassemblies1348
5726,testassemblies2049
5725,testassemblies2010
5716,testassemblies3849
5693,testassemblies4243
5673,testassemblies1918
5496,testassemblies4738
5478,testassemblies299
5467,testassemblies7142
5441,testassemblies5216
5424,testassemblies1886
5424,testassemblies4816
5424,testassemblies6206
5382,testassemblies1316
5338,testassemblies859
5335,testassemblies107
5311,testassemblies4162
5273,testassemblies1695
5270,testassemblies7314
5223,testassemblies1690
5181,testassemblies3815
5146,testassemblies6213
5140,testassemblies2242
5109,testassemblies991
5108,testassemblies1280
5085,testassemblies5167
5080,testassemblies874
5065,testassemblies1655
5058,testassemblies3930
5018,testassemblies3505
5010,testassemblies3776
5010,testassemblies4570
5000,testassemblies5369
4993,testassemblies2028
4968,testassemblies6111
4951,testassemblies2507
4938,testassemblies221
4921,testassemblies2376
4887,testassemblies5677
4877,testassemblies3156
4876,testassemblies1259
4842,testassemblies3426
4752,testassemblies5815
4746,testassemblies6214
4719,testassemblies7127
4662,testassemblies586
4623,testassemblies6594
4620,testassemblies6612
4599,testassemblies4252
4596,testassemblies1204
4594,testassemblies3049
4581,testassemblies1355
4565,testassemblies349
4563,testassemblies4434
4548,testassemblies5560
4547,testassemblies6164
4536,testassemblies6887
4528,testassemblies458
4493,testassemblies2149
4478,testassemblies1600
4439,testassemblies6097
4412,testassemblies2018
4381,testassemblies3488
4381,testassemblies5522
4375,testassemblies3738
4373,testassemblies2824
4371,testassemblies2678
4366,testassemblies609
4360,testassemblies1738
4354,testassemblies4333
4350,testassemblies5593
4322,testassemblies6671
4305,testassemblies2004
4294,testassemblies6460
4291,testassemblies1413
4287,testassemblies4339
4279,testassemblies343
4276,testassemblies644
4274,testassemblies2405
4266,testassemblies6866
4244,testassemblies4378
4233,testassemblies1632
4125,testassemblies2024
4087,testassemblies547
4082,testassemblies5577
4081,testassemblies2021
4054,testassemblies1344
4032,testassemblies3983
3984,testassemblies5946
3962,testassemblies2905
3945,testassemblies3438
3911,testassemblies593
3899,testassemblies3524
3897,testassemblies1679
3891,testassemblies4662
3890,testassemblies1845
3882,testassemblies2274
3882,testassemblies5461
3869,testassemblies6823
3861,testassemblies321
3853,testassemblies6042
3850,testassemblies4108
3823,testassemblies49
3820,testassemblies4168
3802,testassemblies2402
3770,testassemblies3230
3769,testassemblies326
3749,testassemblies6306
3690,testassemblies1353
3666,testassemblies5280
3654,testassemblies1187
3634,testassemblies1291
3631,testassemblies3374
3618,testassemblies4765
3591,testassemblies7305
3563,testassemblies5907
3553,testassemblies4380
3512,testassemblies6462
3504,testassemblies4159
3499,testassemblies3511
3491,testassemblies4377
3466,testassemblies4134
3458,testassemblies4787
3454,testassemblies1760
3449,testassemblies4795
3441,testassemblies6617
3434,testassemblies4770
3428,testassemblies6854
3291,testassemblies439
3285,testassemblies6284
3282,testassemblies3658
3266,testassemblies4745
3252,testassemblies6037
3247,testassemblies1196
3237,testassemblies3635
3207,testassemblies3705
3197,testassemblies2535
3192,testassemblies2156
3173,testassemblies4307
3157,testassemblies1922
3142,testassemblies5723
3139,testassemblies1438
3093,testassemblies5279
3089,testassemblies1734
3087,testassemblies3217
3080,testassemblies2853
3079,testassemblies3286
3058,testassemblies6038
3048,testassemblies640
3046,testassemblies7214
3042,testassemblies1269
3026,testassemblies1232
3020,testassemblies1645
3015,testassemblies4452
3014,testassemblies706
3010,testassemblies1145
2992,testassemblies5839
2987,testassemblies2339
2982,testassemblies6702
2977,testassemblies1947
2961,testassemblies4394
2931,testassemblies7226
2904,testassemblies6842
2900,testassemblies5032
2893,testassemblies1687
2893,testassemblies2740
2875,testassemblies6047
2870,testassemblies4428
2864,testassemblies5276
2849,testassemblies1926
2843,testassemblies2732
2839,testassemblies1273
2835,testassemblies2217
2835,testassemblies6089
2799,testassemblies6711
2790,testassemblies3755
2787,testassemblies1193
2772,testassemblies5205
2760,testassemblies5956
2757,testassemblies4714
2745,testassemblies3202
2728,testassemblies1066
2694,testassemblies1057
2687,testassemblies854
2673,testassemblies5120
2663,testassemblies4515
2646,testassemblies6467
2633,testassemblies3336
2631,testassemblies5142
2630,testassemblies3695
2628,testassemblies3033
2626,testassemblies1834
2621,testassemblies4084
2590,testassemblies7225
2583,testassemblies2860
2575,testassemblies1102
2556,testassemblies6245
2549,testassemblies1491
2547,testassemblies5406
2538,testassemblies3987
2536,testassemblies5417
2525,testassemblies1904
2504,testassemblies5708
2502,testassemblies2852
2497,testassemblies6699
2495,testassemblies1697
2492,testassemblies2280
2481,testassemblies3185
2474,testassemblies7349
2469,testassemblies3481
2463,testassemblies2341
2460,testassemblies2182
2458,testassemblies1583
2457,testassemblies6689
2454,testassemblies2007
2435,testassemblies1166
2433,testassemblies5101
2431,testassemblies6335
2429,testassemblies219
2428,testassemblies2065
2421,testassemblies541
2420,testassemblies3522
2420,testassemblies5829
2418,testassemblies1684
2417,testassemblies5543
2413,testassemblies70
2392,testassemblies279
2390,testassemblies5175
2380,testassemblies6506
2378,testassemblies1812
2377,testassemblies1941
2376,testassemblies1442
2370,testassemblies1688
2358,testassemblies2025
2355,testassemblies1495
2351,testassemblies1551
2349,testassemblies2029
2343,testassemblies6157
2342,testassemblies3509
2341,testassemblies2027
2340,testassemblies2008
2339,testassemblies1915
2338,testassemblies4609
2332,testassemblies2013
2309,testassemblies5482
2301,testassemblies2851
2291,testassemblies2380
2290,testassemblies4653
2288,testassemblies1400
2275,testassemblies2538
2273,testassemblies2019
2265,testassemblies1480
2261,testassemblies2001
2255,testassemblies6087
2250,testassemblies4646
2249,testassemblies3361
2248,testassemblies5259
2247,testassemblies4297
2244,testassemblies830
2237,testassemblies4767
2226,testassemblies1710
2202,testassemblies4623
2200,testassemblies407
2183,testassemblies1497
2183,testassemblies3125
2176,testassemblies5890
2175,testassemblies3212
2169,testassemblies7292
2168,testassemblies7412
2166,testassemblies1888
2161,testassemblies6794
2158,testassemblies6580
2157,testassemblies4012
2155,testassemblies5415
2154,testassemblies2096
2148,testassemblies2404
2133,testassemblies6009
2113,testassemblies7198
2108,testassemblies5926
2080,testassemblies7331
2074,testassemblies630
2064,testassemblies1508
2057,testassemblies5295
2055,testassemblies6276
2050,testassemblies1303
2024,testassemblies5663
2022,testassemblies5468
2020,testassemblies3181
2018,testassemblies2464
2016,testassemblies217
2010,testassemblies6152
2003,testassemblies486
2003,testassemblies4357
2002,testassemblies4550
1998,testassemblies2371
1995,testassemblies5629
1983,testassemblies976
1983,testassemblies6071
1967,testassemblies5186
1960,testassemblies81
1951,testassemblies5789
1946,testassemblies4233
1946,testassemblies5659
1943,testassemblies2787
1931,testassemblies4247
1927,testassemblies1627
1923,testassemblies1281
1923,testassemblies2148
1912,testassemblies1288
1893,testassemblies3604
1892,testassemblies2322
1889,testassemblies1351
1870,testassemblies59
1864,testassemblies79
1864,testassemblies7397
1861,testassemblies2818
1839,testassemblies2421
1834,testassemblies5531
1833,testassemblies84
1831,testassemblies2605
1830,testassemblies78
1828,testassemblies1317
1823,testassemblies6433
1819,testassemblies6440
1802,testassemblies6605
1798,testassemblies2928
1789,testassemblies5834
1788,testassemblies80
1788,testassemblies7180
1768,testassemblies4547
1764,testassemblies1304
1760,testassemblies4185
1759,testassemblies4796
1746,testassemblies7273
1742,testassemblies3931
1738,testassemblies85
1738,testassemblies2048
1738,testassemblies2989
1738,testassemblies5385
1737,testassemblies4032
1724,testassemblies2918
1719,testassemblies2006
1718,testassemblies2607
1718,testassemblies6348
1708,testassemblies169
1706,testassemblies3461
1705,testassemblies835
1694,testassemblies3523
1672,testassemblies1908
1671,testassemblies6510
1663,testassemblies2786
1658,testassemblies6204
1652,testassemblies5736
1651,testassemblies86
1645,testassemblies1969
1640,testassemblies6378
1637,testassemblies5371
1634,testassemblies378
1634,testassemblies4074
1630,testassemblies5636
1621,testassemblies3313
1607,testassemblies2064
1603,testassemblies5443
1598,testassemblies1681
1587,testassemblies7155
1570,testassemblies379
1557,testassemblies6326
1551,testassemblies2254
1549,testassemblies2528
1544,testassemblies5436
1540,testassemblies652
1534,testassemblies5699
1527,testassemblies5345
1522,testassemblies1171
1519,testassemblies4343
1512,testassemblies6341
1507,testassemblies6137
1506,testassemblies2066
1496,testassemblies3560
1486,testassemblies2256
1482,testassemblies55
1475,testassemblies2587
1472,testassemblies5978
1462,testassemblies782
1461,testassemblies3899
1455,testassemblies3842
1445,testassemblies1843
1442,testassemblies3554
1437,testassemblies4101
1431,testassemblies1587
1428,testassemblies3745
1410,testassemblies983
1404,testassemblies3340
1397,testassemblies6984
1396,testassemblies377
1388,testassemblies5363
1387,testassemblies5398
1384,testassemblies4075
1368,testassemblies2677
1365,testassemblies1189
1357,testassemblies6569
1354,testassemblies5397
1352,testassemblies1636
1347,testassemblies1853
1345,testassemblies4273
1343,testassemblies3458
1338,testassemblies5756
1332,testassemblies3162
1316,testassemblies1113
1314,testassemblies1101
1314,testassemblies3923
1312,testassemblies3292
1310,testassemblies6715
1309,testassemblies2911
1306,testassemblies5271
1302,testassemblies2062
1301,testassemblies3657
1301,testassemblies6827
1285,testassemblies6333
1282,testassemblies4290
1282,testassemblies5166
1275,testassemblies6205
1267,testassemblies632
1256,testassemblies4177
1245,testassemblies7148
1243,testassemblies913
1237,testassemblies2536
1236,testassemblies6174
1233,testassemblies1979
1232,testassemblies4189
1232,testassemblies5879
1230,testassemblies6853
1229,testassemblies4565
1227,testassemblies3483
1219,testassemblies6203
1218,testassemblies6096
1215,testassemblies6041
1214,testassemblies6304
1213,testassemblies2216
1204,testassemblies6305
1200,testassemblies3683
1196,testassemblies1780
1195,testassemblies4169
1193,testassemblies1219
1192,testassemblies1946
1186,testassemblies48
1182,testassemblies1450
1179,testassemblies6843
1177,testassemblies1270
1177,testassemblies5575
1172,testassemblies2279
1170,testassemblies4379
1170,testassemblies5319
1169,testassemblies3120
1166,testassemblies4001
1161,testassemblies948
1158,testassemblies6325
1149,testassemblies7220
1145,testassemblies5962
1143,testassemblies1683
1141,testassemblies5673
1131,testassemblies2240
1130,testassemblies4710
1129,testassemblies5495
1127,testassemblies3141
1126,testassemblies6574
1122,testassemblies3809
1116,testassemblies3892
1104,testassemblies5790
1103,testassemblies5544
1099,testassemblies2075
1098,testassemblies2604
1097,testassemblies2022
1097,testassemblies5477
1092,testassemblies2377
1090,testassemblies481
1090,testassemblies1320
1088,testassemblies4291
1088,testassemblies5215
1085,testassemblies6459
1084,testassemblies5625
1083,testassemblies660
1083,testassemblies5743
1081,testassemblies1252
1078,testassemblies7231
1076,testassemblies4848
1074,testassemblies5945
1073,testassemblies5015
1065,testassemblies278
1064,testassemblies423
1064,testassemblies2465
1063,testassemblies5284
1063,testassemblies6859
1060,testassemblies2241
1057,testassemblies4856
1054,testassemblies2422
1051,testassemblies2406
1049,testassemblies3052
1046,testassemblies5895
1044,testassemblies5008
1042,testassemblies784
1039,testassemblies4601
1037,testassemblies5346
1028,testassemblies3124
1024,testassemblies5994
1019,testassemblies5884
1016,testassemblies907
1016,testassemblies5469
1014,testassemblies4083
1013,testassemblies7383
1010,testassemblies3516
1009,testassemblies1787
1009,testassemblies5395
1008,testassemblies4095
1006,testassemblies5459
1003,testassemblies2831
1002,testassemblies5891
1001,testassemblies4977
999,testassemblies4435
996,testassemblies283
993,testassemblies3320
990,testassemblies6220
990,testassemblies6285
989,testassemblies2095
989,testassemblies5359
986,testassemblies3992
985,testassemblies722
984,testassemblies1502
980,testassemblies5804
979,testassemblies2728
979,testassemblies3346
973,testassemblies3794
969,testassemblies6728
967,testassemblies6507
967,testassemblies7315
966,testassemblies2051
963,testassemblies3022
963,testassemblies7267
959,testassemblies2047
958,testassemblies4023
957,testassemblies3855
956,testassemblies5661
955,testassemblies694
955,testassemblies1642
955,testassemblies3835
954,testassemblies5026
952,testassemblies1762
950,testassemblies4166
947,testassemblies3160
944,testassemblies2446
938,testassemblies7348
937,testassemblies1381
937,testassemblies7413
936,testassemblies3153
934,testassemblies2333
929,testassemblies6131
926,testassemblies1817
926,testassemblies3425
924,testassemblies5643
915,testassemblies4784
913,testassemblies2890
906,testassemblies2904
901,testassemblies4251
898,testassemblies4622
895,testassemblies2736
891,testassemblies5538
890,testassemblies4801
889,testassemblies2005
886,testassemblies5985
886,testassemblies6533
885,testassemblies4447
884,testassemblies3048
883,testassemblies2965
881,testassemblies7137
879,testassemblies5768
878,testassemblies723
878,testassemblies2953
873,testassemblies6386
872,testassemblies605
871,testassemblies816
869,testassemblies3056
866,testassemblies6010
865,testassemblies2016
865,testassemblies2506
864,testassemblies5225
863,testassemblies3508
860,testassemblies218
858,testassemblies6334
856,testassemblies5581
854,testassemblies1704
849,testassemblies6168
848,testassemblies6903
844,testassemblies5889
844,testassemblies6012
843,testassemblies4690
841,testassemblies3825
841,testassemblies6068
835,testassemblies2898
833,testassemblies4207
831,testassemblies542
831,testassemblies4133
831,testassemblies4585
829,testassemblies2872
828,testassemblies3159
827,testassemblies1522
826,testassemblies4805
826,testassemblies7411
824,testassemblies4968
823,testassemblies2806
821,testassemblies4912
821,testassemblies6200
821,testassemblies6431
820,testassemblies6616
817,testassemblies4956
816,testassemblies276
816,testassemblies7378
815,testassemblies2375
815,testassemblies4777
815,testassemblies5910
815,testassemblies7202
814,testassemblies3696
813,testassemblies1240
812,testassemblies6645
807,testassemblies4569
806,testassemblies4766
806,testassemblies6046
806,testassemblies6381
803,testassemblies7247
802,testassemblies2003
800,testassemblies2862
797,testassemblies805
795,testassemblies5065
795,testassemblies7264
791,testassemblies6716
790,testassemblies2023
789,testassemblies111
787,testassemblies4433
787,testassemblies6388
783,testassemblies4955
781,testassemblies238
781,testassemblies268
781,testassemblies3229
781,testassemblies5856
781,testassemblies7318
780,testassemblies3802
778,testassemblies789
778,testassemblies1626
777,testassemblies6212
775,testassemblies71
773,testassemblies6841
771,testassemblies2020
769,testassemblies4764
769,testassemblies6515
769,testassemblies6623
767,testassemblies5660
766,testassemblies1482
766,testassemblies3387
764,testassemblies971
762,testassemblies1740
759,testassemblies5539
752,testassemblies6666
749,testassemblies2036
746,testassemblies5971
741,testassemblies3323
741,testassemblies4376
740,testassemblies5100
739,testassemblies929
739,testassemblies7017
738,testassemblies6377
733,testassemblies69
731,testassemblies5163
729,testassemblies6695
728,testassemblies3704
728,testassemblies4298
724,testassemblies2011
723,testassemblies5833
722,testassemblies5828
720,testassemblies3431
718,testassemblies1446
718,testassemblies2054
716,testassemblies6466
714,testassemblies1481
713,testassemblies7263
707,testassemblies3326
707,testassemblies5898
706,testassemblies1797
705,testassemblies6138
704,testassemblies2009
704,testassemblies5242
703,testassemblies4701
701,testassemblies275
700,testassemblies7266
699,testassemblies1142
696,testassemblies3066
695,testassemblies7227
692,testassemblies2002
692,testassemblies4212
689,testassemblies3459
689,testassemblies5969
688,testassemblies2922
687,testassemblies298
687,testassemblies1561
685,testassemblies3722
684,testassemblies5148
684,testassemblies6156
681,testassemblies5832
681,testassemblies6398
679,testassemblies5707
676,testassemblies4660
676,testassemblies6611
673,testassemblies6072
669,testassemblies987
665,testassemblies5571
663,testassemblies2026
663,testassemblies5614
656,testassemblies6059
653,testassemblies6310
649,testassemblies4213
648,testassemblies7409
646,testassemblies5700
645,testassemblies5726
644,testassemblies1613
644,testassemblies1685
644,testassemblies7284
641,testassemblies280
637,testassemblies3816
636,testassemblies2809
636,testassemblies4244
631,testassemblies6630
629,testassemblies3085
629,testassemblies3137
627,testassemblies5583
616,testassemblies6636
614,testassemblies4621
613,testassemblies2602
610,testassemblies2383
609,testassemblies4567
609,testassemblies6253
608,testassemblies1165
608,testassemblies6560
607,testassemblies5438
606,testassemblies3926
604,testassemblies1216
604,testassemblies4688
604,testassemblies5624
603,testassemblies4827
593,testassemblies2727
592,testassemblies5613
591,testassemblies3453
589,testassemblies444
586,testassemblies5848
585,testassemblies1767
584,testassemblies6524
583,testassemblies4090
583,testassemblies5272
583,testassemblies5937
579,testassemblies5278
579,testassemblies6640
578,testassemblies1461
577,testassemblies4429
574,testassemblies3269
568,testassemblies2061
565,testassemblies4834
561,testassemblies3979
558,testassemblies1617
555,testassemblies1893
554,testassemblies3315
554,testassemblies7045
552,testassemblies6637
551,testassemblies2310
551,testassemblies5144
551,testassemblies5576
550,testassemblies5209
546,testassemblies2401
544,testassemblies3444
541,testassemblies984
540,testassemblies890
538,testassemblies3487
538,testassemblies4804
538,testassemblies5685
537,testassemblies2150
536,testassemblies2253
533,testassemblies4479
529,testassemblies3664
529,testassemblies6234
529,testassemblies6905
526,testassemblies1680
526,testassemblies3422
526,testassemblies4644
524,testassemblies501
524,testassemblies5712
522,testassemblies1006
522,testassemblies2714
518,testassemblies2490
517,testassemblies2484
515,testassemblies1622
515,testassemblies6032
514,testassemblies2475
514,testassemblies3154
508,testassemblies301
501,testassemblies4018
500,testassemblies7414
494,testassemblies1678
493,testassemblies6865
492,testassemblies1256
489,testassemblies2104
483,testassemblies1093
483,testassemblies5014
478,testassemblies4636
477,testassemblies4160
476,testassemblies5200
475,testassemblies3314
475,testassemblies4533
474,testassemblies602
473,testassemblies4427
471,testassemblies1415
469,testassemblies6461
468,testassemblies2644
468,testassemblies6603
467,testassemblies1104
465,testassemblies3345
463,testassemblies819
462,testassemblies4859
458,testassemblies1528
458,testassemblies4799
456,testassemblies6226
456,testassemblies6691
455,testassemblies5765
454,testassemblies4272
450,testassemblies2208
449,testassemblies6940
448,testassemblies2074
448,testassemblies7116
446,testassemblies5668
445,testassemblies5607
444,testassemblies6874
442,testassemblies591
442,testassemblies4439
441,testassemblies408
441,testassemblies551
441,testassemblies1917
440,testassemblies1586
440,testassemblies6592
439,testassemblies3155
438,testassemblies6040
436,testassemblies3209
434,testassemblies150
433,testassemblies1708
431,testassemblies3969
426,testassemblies860
426,testassemblies1184
425,testassemblies5813
418,testassemblies254
418,testassemblies1247
416,testassemblies1262
415,testassemblies1604
415,testassemblies6303
414,testassemblies5566
413,testassemblies4619
412,testassemblies7077
402,testassemblies5853
401,testassemblies4862
401,testassemblies5312
399,testassemblies7181
398,testassemblies5311
397,testassemblies6979
396,testassemblies1362
392,testassemblies6562
391,testassemblies1452
388,testassemblies2606
387,testassemblies2688
387,testassemblies7248
385,testassemblies5729
383,testassemblies2033
379,testassemblies838
377,testassemblies1620
375,testassemblies4114
375,testassemblies6238
374,testassemblies1149
374,testassemblies1802
373,testassemblies1798
371,testassemblies1518
371,testassemblies1596
371,testassemblies3671
370,testassemblies1778
369,testassemblies5296
365,testassemblies1555
364,testassemblies871
364,testassemblies6411
364,testassemblies7076
363,testassemblies1715
363,testassemblies6495
362,testassemblies2223
362,testassemblies7168
361,testassemblies2619
360,testassemblies6850
359,testassemblies5600
358,testassemblies2925
357,testassemblies3146
356,testassemblies5849
355,testassemblies5900
354,testassemblies6886
353,testassemblies900
353,testassemblies6003
351,testassemblies2738
348,testassemblies6545
347,testassemblies4665
346,testassemblies1201
346,testassemblies4437
346,testassemblies4983
344,testassemblies5087
342,testassemblies3394
341,testassemblies459
340,testassemblies4824
339,testassemblies6593
334,testassemblies1614
333,testassemblies637
333,testassemblies7320
329,testassemblies6249
328,testassemblies5393
327,testassemblies1386
327,testassemblies5760
325,testassemblies801
324,testassemblies2742
322,testassemblies3312
321,testassemblies1880
320,testassemblies339
320,testassemblies1020
320,testassemblies5298
319,testassemblies3070
319,testassemblies5056
318,testassemblies5347
318,testassemblies5654
316,testassemblies6911
315,testassemblies5537
314,testassemblies6517
312,testassemblies5348
310,testassemblies1931
308,testassemblies3311
308,testassemblies5306
303,testassemblies5004
300,testassemblies247
298,testassemblies4947
297,testassemblies151
294,testassemblies4991
291,testassemblies1462
291,testassemblies3296
291,testassemblies4462
290,testassemblies6119
289,testassemblies5909
288,testassemblies2822
288,testassemblies4506
288,testassemblies4670
288,testassemblies5924
287,testassemblies778
287,testassemblies1368
287,testassemblies1848
287,testassemblies4186
287,testassemblies5973
284,testassemblies1912
283,testassemblies281
283,testassemblies1784
282,testassemblies5273
280,testassemblies1319
279,testassemblies818
278,testassemblies3485
277,testassemblies2527
277,testassemblies2823
276,testassemblies604
276,testassemblies4525
273,testassemblies4762
273,testassemblies6614
272,testassemblies595
272,testassemblies1205
272,testassemblies3054
272,testassemblies4595
272,testassemblies4924
271,testassemblies5394
269,testassemblies578
269,testassemblies4513
269,testassemblies6723
268,testassemblies1357
268,testassemblies3808
267,testassemblies5274
266,testassemblies262
266,testassemblies3000
265,testassemblies6057
264,testassemblies1103
264,testassemblies3729
263,testassemblies2743
263,testassemblies7213
261,testassemblies1492
261,testassemblies3001
260,testassemblies1662
257,testassemblies5000
256,testassemblies419
256,testassemblies4296
254,testassemblies6591
253,testassemblies451
253,testassemblies7106
251,testassemblies112
251,testassemblies709
250,testassemblies6536
249,testassemblies831
249,testassemblies1791
247,testassemblies1213
246,testassemblies786
245,testassemblies1268
244,testassemblies3018
244,testassemblies7398
243,testassemblies1089
242,testassemblies2821
242,testassemblies3980
241,testassemblies6058
240,testassemblies6014
239,testassemblies1333
239,testassemblies3891
238,testassemblies390
234,testassemblies3307
233,testassemblies489
233,testassemblies1794
232,testassemblies4201
231,testassemblies2321
231,testassemblies5006
227,testassemblies2691
227,testassemblies7304
225,testassemblies1106
224,testassemblies2295
224,testassemblies4014
223,testassemblies925
223,testassemblies1517
222,testassemblies708
222,testassemblies6639
221,testassemblies7386
219,testassemblies1338
219,testassemblies6221
218,testassemblies2109
218,testassemblies5549
217,testassemblies1857
216,testassemblies1055
216,testassemblies2168
216,testassemblies5949
215,testassemblies1573
215,testassemblies4877
214,testassemblies2316
213,testassemblies5740
213,testassemblies7192
212,testassemblies230
212,testassemblies267
211,testassemblies1637
211,testassemblies4146
209,testassemblies1640
209,testassemblies6676
208,testassemblies2111
208,testassemblies6181
206,testassemblies5176
206,testassemblies6300
205,testassemblies978
205,testassemblies4195
205,testassemblies6110
205,testassemblies7296
204,testassemblies4792
204,testassemblies6509
203,testassemblies2523
202,testassemblies1875
202,testassemblies6153
202,testassemblies7303
201,testassemblies1460
201,testassemblies6293
201,testassemblies6487
200,testassemblies1185
199,testassemblies1535
198,testassemblies2609
198,testassemblies3598
198,testassemblies6424
198,testassemblies6588
197,testassemblies1366
197,testassemblies1673
196,testassemblies1370
196,testassemblies2107
196,testassemblies5817
195,testassemblies6139
194,testassemblies5013
193,testassemblies6432
192,testassemblies5228
191,testassemblies1958
190,testassemblies1742
190,testassemblies3922
190,testassemblies5439
189,testassemblies178
189,testassemblies7145
188,testassemblies6408
188,testassemblies7014
187,testassemblies1526
187,testassemblies6151
185,testassemblies1476
185,testassemblies1649
185,testassemblies2532
185,testassemblies7032
184,testassemblies1038
183,testassemblies3201
182,testassemblies448
181,testassemblies5389
179,testassemblies4140
179,testassemblies7325
178,testassemblies1265
178,testassemblies2567
177,testassemblies5866
176,testassemblies57
176,testassemblies483
176,testassemblies4335
175,testassemblies1677
175,testassemblies1814
174,testassemblies3536
173,testassemblies110
172,testassemblies7024
169,testassemblies3668
169,testassemblies6931
167,testassemblies876
167,testassemblies944
167,testassemblies5857
166,testassemblies1682
166,testassemblies5623
166,testassemblies6973
165,testassemblies7400
164,testassemblies1694
163,testassemblies3534
163,testassemblies7173
162,testassemblies6237
162,testassemblies7401
161,testassemblies1663
161,testassemblies5260
160,testassemblies5867
160,testassemblies6302
159,testassemblies5092
158,testassemblies5521
157,testassemblies3925
157,testassemblies4728
156,testassemblies62
156,testassemblies4928
155,testassemblies5001
154,testassemblies4453
154,testassemblies4471
154,testassemblies6684
154,testassemblies6875
154,testassemblies7102
153,testassemblies6163
153,testassemblies6280
152,testassemblies1753
152,testassemblies3293
152,testassemblies6395
151,testassemblies443
151,testassemblies1630
151,testassemblies1879
151,testassemblies3571
149,testassemblies5305
147,testassemblies781
147,testassemblies1388
146,testassemblies329
146,testassemblies1490
146,testassemblies6016
145,testassemblies993
145,testassemblies2091
145,testassemblies6904
144,testassemblies861
144,testassemblies3226
144,testassemblies3845
143,testassemblies1019
143,testassemblies6464
142,testassemblies3198
142,testassemblies3813
140,testassemblies2326
140,testassemblies3911
138,testassemblies3095
138,testassemblies3205
138,testassemblies3884
137,testassemblies1749
137,testassemblies3170
137,testassemblies6452
137,testassemblies6604
136,testassemblies4998
135,testassemblies4211
135,testassemblies6938
134,testassemblies1907
134,testassemblies2548
134,testassemblies2819
133,testassemblies1322
133,testassemblies1668
133,testassemblies5800
133,testassemblies6787
132,testassemblies2457
132,testassemblies2808
131,testassemblies39
131,testassemblies2802
130,testassemblies4392
130,testassemblies6428
129,testassemblies5303
129,testassemblies7129
128,testassemblies3183
128,testassemblies5143
127,testassemblies1549
127,testassemblies1691
127,testassemblies2209
127,testassemblies3303
126,testassemblies2311
126,testassemblies5073
125,testassemblies1237
125,testassemblies1531
124,testassemblies1286
124,testassemblies4191
124,testassemblies4234
123,testassemblies1578
123,testassemblies3053
123,testassemblies6101
122,testassemblies4503
122,testassemblies6898
122,testassemblies6906
121,testassemblies779
121,testassemblies1222
120,testassemblies1382
120,testassemblies7011
119,testassemblies911
119,testassemblies3222
119,testassemblies3527
119,testassemblies3720
119,testassemblies5221
118,testassemblies6895
117,testassemblies1085
117,testassemblies4280
117,testassemblies5698
116,testassemblies496
116,testassemblies2087
116,testassemblies5655
116,testassemblies6173
115,testassemblies3164
115,testassemblies4528
114,testassemblies1042
114,testassemblies1307
114,testassemblies4518
113,testassemblies491
113,testassemblies3863
113,testassemblies5724
113,testassemblies7016
112,testassemblies2513
112,testassemblies3263
112,testassemblies3360
112,testassemblies5569
112,testassemblies6819
111,testassemblies869
111,testassemblies4988
111,testassemblies6729
110,testassemblies2780
109,testassemblies1023
109,testassemblies1602
108,testassemblies3274
108,testassemblies3395
108,testassemblies5690
108,testassemblies7338
107,testassemblies594
107,testassemblies2596
107,testassemblies5903
106,testassemblies1226
106,testassemblies1530
106,testassemblies5682
106,testassemblies7312
105,testassemblies1849
105,testassemblies3606
105,testassemblies5620
104,testassemblies4371
104,testassemblies4939
103,testassemblies783
103,testassemblies2320
103,testassemblies3754
103,testassemblies5321
103,testassemblies5667
102,testassemblies1367
102,testassemblies1862
102,testassemblies4242
102,testassemblies7086
101,testassemblies231
101,testassemblies6835
100,testassemblies1722
100,testassemblies3637
99,testassemblies1054
99,testassemblies1063
99,testassemblies7288
98,testassemblies3281
98,testassemblies3897
97,testassemblies1032
97,testassemblies1588
97,testassemblies2768
97,testassemblies6224
97,testassemblies7212
96,testassemblies1105
96,testassemblies1839
96,testassemblies4109
95,testassemblies1173
95,testassemblies2108
95,testassemblies5314
95,testassemblies5934
94,testassemblies1891
94,testassemblies2622
94,testassemblies3968
94,testassemblies6741
94,testassemblies7112
93,testassemblies3982
93,testassemblies5547
93,testassemblies6680
92,testassemblies340
92,testassemblies942
92,testassemblies5904
90,testassemblies2015
90,testassemblies3287
90,testassemblies5601
90,testassemblies6674
89,testassemblies1609
89,testassemblies3517
88,testassemblies3150
88,testassemblies4529
87,testassemblies381
87,testassemblies3339
87,testassemblies6183
86,testassemblies1146
86,testassemblies2921
86,testassemblies3790
86,testassemblies4069
86,testassemblies5688
86,testassemblies5977
85,testassemblies1167
85,testassemblies1192
85,testassemblies2110
85,testassemblies2541
85,testassemblies3667
85,testassemblies5719
85,testassemblies6091
85,testassemblies6747
84,testassemblies1874
83,testassemblies1840
83,testassemblies2686
83,testassemblies3182
82,testassemblies2923
82,testassemblies6065
82,testassemblies7041
82,testassemblies7111
81,testassemblies1658
81,testassemblies2179
81,testassemblies3858
80,testassemblies226
80,testassemblies2593
80,testassemblies3372
80,testassemblies4372
80,testassemblies4918
80,testassemblies6568
79,testassemblies1932
79,testassemblies4676
78,testassemblies311
78,testassemblies1148
78,testassemblies1465
78,testassemblies1519
78,testassemblies1659
78,testassemblies6343
77,testassemblies1421
77,testassemblies2996
77,testassemblies4387
77,testassemblies5411
77,testassemblies5523
77,testassemblies6935
76,testassemblies1477
76,testassemblies1755
76,testassemblies2232
76,testassemblies4709
75,testassemblies1792
75,testassemblies1943
75,testassemblies2390
74,testassemblies465
74,testassemblies4624
74,testassemblies4812
74,testassemblies6941
73,testassemblies851
73,testassemblies1030
73,testassemblies3151
72,testassemblies536
72,testassemblies671
72,testassemblies2994
72,testassemblies5990
71,testassemblies1373
71,testassemblies4153
71,testassemblies5262
71,testassemblies7064
70,testassemblies1841
70,testassemblies1987
70,testassemblies2829
70,testassemblies3196
70,testassemblies4254
70,testassemblies5207
70,testassemblies5413
70,testassemblies5467
70,testassemblies5573
69,testassemblies1346
69,testassemblies3231
69,testassemblies3455
69,testassemblies4008
69,testassemblies5390
69,testassemblies5634
69,testassemblies5860
69,testassemblies6901
69,testassemblies7329
68,testassemblies956
68,testassemblies1847
68,testassemblies3163
68,testassemblies6095
67,testassemblies310
67,testassemblies1284
67,testassemblies1934
67,testassemblies3241
67,testassemblies3857
67,testassemblies4161
67,testassemblies7186
66,testassemblies7083
65,testassemblies316
65,testassemblies1506
65,testassemblies1863
65,testassemblies3369
65,testassemblies4369
65,testassemblies5217
64,testassemblies5788
63,testassemblies248
63,testassemblies499
63,testassemblies803
63,testassemblies1416
63,testassemblies4508
63,testassemblies6127
63,testassemblies6857
62,testassemblies229
62,testassemblies511
62,testassemblies1365
62,testassemblies1489
62,testassemblies2143
62,testassemblies3242
62,testassemblies6134
62,testassemblies7084
62,testassemblies7131
61,testassemblies427
61,testassemblies1218
61,testassemblies1835
61,testassemblies2584
61,testassemblies4836
61,testassemblies4888
61,testassemblies6069
61,testassemblies6688
60,testassemblies1340
60,testassemblies2660
60,testassemblies4179
60,testassemblies5529
60,testassemblies5927
59,testassemblies891
59,testassemblies3654
59,testassemblies3839
59,testassemblies5326
59,testassemblies7101
58,testassemblies441
58,testassemblies738
58,testassemblies823
58,testassemblies1267
58,testassemblies1324
58,testassemblies1819
58,testassemblies4617
58,testassemblies5162
58,testassemblies5503
58,testassemblies5950
57,testassemblies922
57,testassemblies4401
57,testassemblies6217
57,testassemblies6628
56,testassemblies855
55,testassemblies663
55,testassemblies961
55,testassemblies1109
55,testassemblies1444
55,testassemblies3836
54,testassemblies857
54,testassemblies1429
54,testassemblies1575
54,testassemblies6039
54,testassemblies6082
53,testassemblies1496
53,testassemblies2455
53,testassemblies4351
52,testassemblies1251
52,testassemblies1735
52,testassemblies1884
51,testassemblies325
51,testassemblies2197
51,testassemblies2753
51,testassemblies3370
51,testassemblies4132
51,testassemblies4147
51,testassemblies6532
51,testassemblies6566
50,testassemblies1363
50,testassemblies1634
50,testassemblies2509
50,testassemblies4748
50,testassemblies5432
50,testassemblies6457
50,testassemblies7078
50,testassemblies7197
49,testassemblies634
49,testassemblies945
49,testassemblies1610
49,testassemblies5140
48,testassemblies727
48,testassemblies1409
48,testassemblies1906
48,testassemblies4053
48,testassemblies4920
48,testassemblies5517
48,testassemblies6703
48,testassemblies7157
47,testassemblies190
47,testassemblies914
47,testassemblies977
47,testassemblies1062
47,testassemblies1577
47,testassemblies3843
47,testassemblies4178
47,testassemblies4407
46,testassemblies334
46,testassemblies963
46,testassemblies1599
46,testassemblies2547
46,testassemblies3008
46,testassemblies3981
46,testassemblies4235
46,testassemblies5637
46,testassemblies6165
46,testassemblies6414
46,testassemblies6520
45,testassemblies962
45,testassemblies1398
45,testassemblies4322
45,testassemblies7377
44,testassemblies3415
44,testassemblies5852
44,testassemblies5902
44,testassemblies6573
43,testassemblies162
43,testassemblies4089
43,testassemblies4672
43,testassemblies7031
42,testassemblies794
42,testassemblies950
42,testassemblies1548
42,testassemblies2218
42,testassemblies5134
42,testassemblies5811
42,testassemblies6391
42,testassemblies7223
41,testassemblies333
41,testassemblies714
41,testassemblies1069
41,testassemblies1563
41,testassemblies2816
41,testassemblies4726
41,testassemblies4822
41,testassemblies5920
41,testassemblies6531
41,testassemblies7358
40,testassemblies924
40,testassemblies2309
40,testassemblies2729
40,testassemblies4383
40,testassemblies4965
40,testassemblies5456
40,testassemblies5801
40,testassemblies7206
39,testassemblies698
39,testassemblies1479
39,testassemblies1615
39,testassemblies1956
39,testassemblies3581
39,testassemblies4635
39,testassemblies4706
39,testassemblies6944
38,testassemblies1813
38,testassemblies2117
38,testassemblies3213
38,testassemblies3669
38,testassemblies4589
38,testassemblies6215
38,testassemblies6846
37,testassemblies773
37,testassemblies1074
37,testassemblies1206
37,testassemblies1773
37,testassemblies3195
37,testassemblies3371
37,testassemblies3514
36,testassemblies90
36,testassemblies1064
36,testassemblies1391
36,testassemblies1434
36,testassemblies1770
36,testassemblies2539
36,testassemblies3016
36,testassemblies3804
36,testassemblies4705
36,testassemblies4863
35,testassemblies1724
35,testassemblies1837
35,testassemblies2102
35,testassemblies2937
35,testassemblies3436
35,testassemblies3941
35,testassemblies5360
35,testassemblies5928
34,testassemblies1114
34,testassemblies1754
34,testassemblies2210
34,testassemblies2885
34,testassemblies3865
33,testassemblies1207
33,testassemblies2099
33,testassemblies4618
33,testassemblies6143
32,testassemblies249
32,testassemblies599
32,testassemblies1170
32,testassemblies1547
32,testassemblies4393
32,testassemblies5476
32,testassemblies7393
31,testassemblies1012
31,testassemblies1598
31,testassemblies3795
31,testassemblies5412
31,testassemblies6584
31,testassemblies7193
31,testassemblies7291
30,testassemblies770
30,testassemblies1651
30,testassemblies3958
30,testassemblies4634
30,testassemblies5105
30,testassemblies5766
30,testassemblies6197
30,testassemblies6982
29,testassemblies452
29,testassemblies1449
29,testassemblies2878
29,testassemblies2979
29,testassemblies4610
29,testassemblies4853
29,testassemblies4923
29,testassemblies4963
29,testassemblies5380
29,testassemblies6369
29,testassemblies6535
29,testassemblies6608
29,testassemblies6950
28,testassemblies839
28,testassemblies1595
28,testassemblies2100
28,testassemblies2667
28,testassemblies5308
28,testassemblies5730
28,testassemblies5759
28,testassemblies5822
28,testassemblies6025
27,testassemblies557
27,testassemblies1408
27,testassemblies2198
27,testassemblies3020
27,testassemblies3169
27,testassemblies3482
27,testassemblies4396
27,testassemblies4860
27,testassemblies4874
26,testassemblies1277
26,testassemblies6400
26,testassemblies7183
25,testassemblies232
25,testassemblies696
25,testassemblies863
25,testassemblies882
25,testassemblies1326
25,testassemblies1467
25,testassemblies1475
25,testassemblies3041
25,testassemblies5316
25,testassemblies6924
24,testassemblies327
24,testassemblies1485
24,testassemblies1540
24,testassemblies1801
24,testassemblies4519
24,testassemblies4846
24,testassemblies5121
24,testassemblies5664
24,testassemblies5896
24,testassemblies6361
23,testassemblies1049
23,testassemblies1139
23,testassemblies1514
23,testassemblies4596
23,testassemblies5929
23,testassemblies7170
23,testassemblies7179
23,testassemblies7357
22,testassemblies50
22,testassemblies92
22,testassemblies1018
22,testassemblies1243
22,testassemblies2308
22,testassemblies3133
22,testassemblies4794
22,testassemblies5405
22,testassemblies6994
22,testassemblies7209
22,testassemblies7356
21,testassemblies3761
21,testassemblies4561
21,testassemblies4819
21,testassemblies5713
21,testassemblies6914
21,testassemblies6958
20,testassemblies18
20,testassemblies342
20,testassemblies734
20,testassemblies2239
20,testassemblies2886
20,testassemblies3368
20,testassemblies3615
20,testassemblies4027
20,testassemblies4629
20,testassemblies4752
20,testassemblies5512
20,testassemblies6673
20,testassemblies6769
19,testassemblies791
19,testassemblies974
19,testassemblies1034
19,testassemblies1092
19,testassemblies1157
19,testassemblies1321
19,testassemblies1714
19,testassemblies2166
19,testassemblies2560
19,testassemblies3191
19,testassemblies3548
19,testassemblies4699
19,testassemblies5361
18,testassemblies304
18,testassemblies674
18,testassemblies1122
18,testassemblies1272
18,testassemblies2226
18,testassemblies3427
18,testassemblies3864
18,testassemblies4472
18,testassemblies4603
18,testassemblies4740
18,testassemblies5645
18,testassemblies5854
18,testassemblies6272
18,testassemblies6754
18,testassemblies7000
18,testassemblies7013
17,testassemblies1399
17,testassemblies1543
17,testassemblies1902
17,testassemblies2473
17,testassemblies2489
17,testassemblies4741
17,testassemblies4976
17,testassemblies7051
17,testassemblies7132
16,testassemblies1073
16,testassemblies1297
16,testassemblies1383
16,testassemblies1538
16,testassemblies1806
16,testassemblies1829
16,testassemblies3284
16,testassemblies3590
16,testassemblies4421
16,testassemblies4917
16,testassemblies5184
16,testassemblies5684
16,testassemblies6959
15,testassemblies32
15,testassemblies892
15,testassemblies1075
15,testassemblies1295
15,testassemblies1457
15,testassemblies1652
15,testassemblies2411
15,testassemblies3823
15,testassemblies5104
15,testassemblies6319
15,testassemblies6407
15,testassemblies6751
15,testassemblies7065
15,testassemblies7187
15,testassemblies7200
14,testassemblies43
14,testassemblies1500
14,testassemblies1955
14,testassemblies2312
14,testassemblies3324
14,testassemblies3608
14,testassemblies3613
14,testassemblies3978
14,testassemblies4309
14,testassemblies4556
14,testassemblies4564
14,testassemblies4919
14,testassemblies5246
14,testassemblies6080
14,testassemblies6291
14,testassemblies6354
14,testassemblies7144
13,testassemblies16
13,testassemblies41
13,testassemblies930
13,testassemblies959
13,testassemblies969
13,testassemblies1339
13,testassemblies1376
13,testassemblies1511
13,testassemblies1525
13,testassemblies3850
13,testassemblies5208
13,testassemblies5980
13,testassemblies6733
13,testassemblies7060
12,testassemblies42
12,testassemblies1099
12,testassemblies1394
12,testassemblies1876
12,testassemblies2340
12,testassemblies2741
12,testassemblies3641
12,testassemblies4389
12,testassemblies5293
12,testassemblies6921
11,testassemblies24
11,testassemblies215
11,testassemblies294
11,testassemblies1178
11,testassemblies1723
11,testassemblies1790
11,testassemblies2381
11,testassemblies2412
11,testassemblies2583
11,testassemblies2902
11,testassemblies3496
11,testassemblies4124
11,testassemblies4199
11,testassemblies4883
11,testassemblies5527
11,testassemblies5982
11,testassemblies6555
10,testassemblies435
10,testassemblies453
10,testassemblies669
10,testassemblies1182
10,testassemblies1258
10,testassemblies1553
10,testassemblies1731
10,testassemblies2582
10,testassemblies3687
10,testassemblies4418
10,testassemblies4562
10,testassemblies4656
10,testassemblies5075
10,testassemblies5123
10,testassemblies6410
10,testassemblies6890
10,testassemblies7270
9,testassemblies54
9,testassemblies204
9,testassemblies664
9,testassemblies1197
9,testassemblies1329
9,testassemblies1396
9,testassemblies1585
9,testassemblies1665
9,testassemblies1999
9,testassemblies2982
9,testassemblies3801
9,testassemblies3840
9,testassemblies6936
9,testassemblies7124
9,testassemblies7165
9,testassemblies7283
8,testassemblies0
8,testassemblies583
8,testassemblies809
8,testassemblies1181
8,testassemblies1230
8,testassemblies1235
8,testassemblies1318
8,testassemblies1590
8,testassemblies1631
8,testassemblies2973
8,testassemblies2992
8,testassemblies3515
8,testassemblies3663
8,testassemblies3752
8,testassemblies3774
8,testassemblies3800
8,testassemblies4148
8,testassemblies5331
8,testassemblies6295
8,testassemblies6892
8,testassemblies6957
7,testassemblies351
7,testassemblies917
7,testassemblies1059
7,testassemblies1345
7,testassemblies1560
7,testassemblies1751
7,testassemblies1842
7,testassemblies2101
7,testassemblies2225
7,testassemblies2634
7,testassemblies3075
7,testassemblies3775
7,testassemblies3788
7,testassemblies4193
7,testassemblies4468
7,testassemblies4756
7,testassemblies6093
7,testassemblies6184
7,testassemblies6344
7,testassemblies6949
7,testassemblies7035
7,testassemblies7115
6,testassemblies120
6,testassemblies1417
6,testassemblies1459
6,testassemblies1539
6,testassemblies1574
6,testassemblies1601
6,testassemblies1669
6,testassemblies1783
6,testassemblies1855
6,testassemblies1962
6,testassemblies2777
6,testassemblies2977
6,testassemblies2997
6,testassemblies3437
6,testassemblies3535
6,testassemblies3735
6,testassemblies4366
6,testassemblies4708
6,testassemblies6694
6,testassemblies6784
6,testassemblies7300
5,testassemblies119
5,testassemblies598
5,testassemblies702
5,testassemblies772
5,testassemblies1013
5,testassemblies1558
5,testassemblies2315
5,testassemblies2929
5,testassemblies3503
5,testassemblies3513
5,testassemblies3530
5,testassemblies3716
5,testassemblies4541
5,testassemblies4553
5,testassemblies4886
5,testassemblies5168
5,testassemblies5416
5,testassemblies5633
5,testassemblies6682
5,testassemblies6860
5,testassemblies7120
4,testassemblies1
4,testassemblies509
4,testassemblies928
4,testassemblies1070
4,testassemblies1081
4,testassemblies1359
4,testassemblies1439
4,testassemblies1550
4,testassemblies1852
4,testassemblies2119
4,testassemblies2191
4,testassemblies2344
4,testassemblies2396
4,testassemblies2462
4,testassemblies2514
4,testassemblies3184
4,testassemblies4157
4,testassemblies4188
4,testassemblies4194
4,testassemblies4531
4,testassemblies5675
4,testassemblies5933
4,testassemblies6268
4,testassemblies6934
4,testassemblies7347
3,testassemblies629
3,testassemblies873
3,testassemblies935
3,testassemblies1123
3,testassemblies1190
3,testassemblies1464
3,testassemblies1633
3,testassemblies1729
3,testassemblies1752
3,testassemblies1985
3,testassemblies2314
3,testassemblies2926
3,testassemblies3221
3,testassemblies3373
3,testassemblies3533
3,testassemblies3777
3,testassemblies3846
3,testassemblies4442
3,testassemblies4545
3,testassemblies4604
3,testassemblies4633
3,testassemblies4700
3,testassemblies5542
3,testassemblies6144
3,testassemblies6240
3,testassemblies6692
3,testassemblies6704
3,testassemblies6779
3,testassemblies7044
3,testassemblies7319
2,testassemblies117
2,testassemblies308
2,testassemblies545
2,testassemblies793
2,testassemblies1026
2,testassemblies1168
2,testassemblies1255
2,testassemblies1471
2,testassemblies1494
2,testassemblies1534
2,testassemblies1542
2,testassemblies1676
2,testassemblies1686
2,testassemblies1693
2,testassemblies1747
2,testassemblies1809
2,testassemblies1865
2,testassemblies1899
2,testassemblies1928
2,testassemblies2338
2,testassemblies2671
2,testassemblies2715
2,testassemblies2739
2,testassemblies2839
2,testassemblies2927
2,testassemblies2947
2,testassemblies2980
2,testassemblies3011
2,testassemblies3115
2,testassemblies3938
2,testassemblies4576
2,testassemblies4703
2,testassemblies4890
2,testassemblies5248
2,testassemblies5292
2,testassemblies5353
2,testassemblies5725
2,testassemblies5983
2,testassemblies6182
2,testassemblies6340
2,testassemblies6447
2,testassemblies6554
2,testassemblies6600
2,testassemblies6632
2,testassemblies6975
2,testassemblies7082
2,testassemblies7201
2,testassemblies7240
1,testassemblies315
1,testassemblies318
1,testassemblies445
1,testassemblies642
1,testassemblies731
1,testassemblies762
1,testassemblies852
1,testassemblies915
1,testassemblies943
1,testassemblies1027
1,testassemblies1143
1,testassemblies1150
1,testassemblies1248
1,testassemblies1254
1,testassemblies1332
1,testassemblies1404
1,testassemblies1516
1,testassemblies1591
1,testassemblies1719
1,testassemblies1727
1,testassemblies1838
1,testassemblies1948
1,testassemblies1950
1,testassemblies2255
1,testassemblies3525
1,testassemblies3799
1,testassemblies3847
1,testassemblies4238
1,testassemblies4548
1,testassemblies4807
1,testassemblies4880
1,testassemblies4889
1,testassemblies4907
1,testassemblies4916
1,testassemblies5095
1,testassemblies5307
1,testassemblies5987
1,testassemblies6022
1,testassemblies6092
1,testassemblies6122
1,testassemblies6128
1,testassemblies6655
1,testassemblies6746
1,testassemblies6997
1,testassemblies7118
1,testassemblies7253