testassemblies58,40328
testassemblies1372,34359
testassemblies1179,33682
testassemblies324,32489
testassemblies1314,32475
testassemblies1718,32356
testassemblies1463,31276
testassemblies1605,31122
testassemblies1866,31096
testassemblies1420,30052
testassemblies500,28940
testassemblies1327,28064
testassemblies4420,27380
testassemblies4866,27097
testassemblies222,26377
testassemblies6067,25978
testassemblies1313,24918
testassemblies1568,24741
testassemblies5164,24484
testassemblies446,23380
testassemblies319,22890
testassemblies4253,22553
testassemblies1473,22312
testassemblies1832,20219
testassemblies4833,20179
testassemblies3024,19724
testassemblies5602,19395
testassemblies3715,19356
testassemblies1336,18691
testassemblies1872,18341
testassemblies3206,17294
testassemblies741,16835
testassemblies3646,16591
testassemblies2733,16456
testassemblies6172,16253
testassemblies1017,15964
testassemblies825,15918
testassemblies719,15911
testassemblies6744,15866
testassemblies1964,15760
testassemblies1619,15673
testassemblies4329,15556
testassemblies1236,15550
testassemblies1935,15481
testassemblies5243,15455
testassemblies1403,15314
testassemblies5426,15166
testassemblies1554,14993
testassemblies7009,14900
testassemblies1343,14813
testassemblies3302,14796
testassemblies3194,14618
testassemblies6514,14231
testassemblies4323,14190
testassemblies1431,13995
testassemblies177,13965
testassemblies1618,13713
testassemblies4590,13601
testassemblies1300,13583
testassemblies846,13480
testassemblies1527,13328
testassemblies4054,13292
testassemblies1125,13238
testassemblies1341,13145
testassemblies2512,12938
testassemblies4304,12844
testassemblies6124,12591
testassemblies6316,12307
testassemblies4664,11788
testassemblies3176,11716
testassemblies3894,11663
testassemblies1220,11600
testassemblies4215,11102
testassemblies918,10854
testassemblies1484,10852
testassemblies3719,10819
testassemblies1323,10636
testassemblies46,10517
testassemblies4884,10391
testassemblies2122,10156
testassemblies1486,10148
testassemblies4231,9991
testassemblies6002,9868
testassemblies4403,9841
testassemblies6028,9615
testassemblies4793,9535
testassemblies1775,9530
testassemblies6718,9519
testassemblies1521,9480
testassemblies4308,9342
testassemblies1949,9227
testassemblies3428,9194
testassemblies1705,9153
testassemblies4826,9122
testassemblies1309,9027
testassemblies1397,8993
testassemblies1961,8818
testassemblies554,8467
testassemblies1279,8408
testassemblies5093,8377
testassemblies906,8292
testassemblies7149,8229
testassemblies761,8198
testassemblies1897,8162
testassemblies1920,7980
testassemblies6814,7758
testassemblies6102,7749
testassemblies1233,7738
testassemblies1716,7669
testassemblies1788,7520
testassemblies5222,7445
testassemblies3283,7402
testassemblies1474,7377
testassemblies856,7266
testassemblies1156,7182
testassemblies592,7044
testassemblies6031,6951
testassemblies4217,6910
testassemblies4719,6834
testassemblies1208,6794
testassemblies4554,6743
testassemblies6714,6451
testassemblies498,6405
testassemblies4854,6325
testassemblies1350,6324
testassemblies1700,6320
testassemblies5972,6311
testassemblies449,6301
testassemblies3034,6054
testassemblies1488,6032
testassemblies1229,6031
testassemblies5923,6022
testassemblies1433,5900
testassemblies1851,5864
testassemblies931,5861
testassemblies82,5850
testassemblies732,5810
testassemblies1348,5794
testassemblies3849,5716
testassemblies4243,5693
testassemblies1918,5673
testassemblies7142,5467
testassemblies4816,5424
testassemblies1886,5403
testassemblies1316,5382
testassemblies859,5332
testassemblies83,5304
testassemblies4162,5300
testassemblies7314,5270
testassemblies1695,5255
testassemblies1690,5223
testassemblies3815,5176
testassemblies2067,5124
testassemblies991,5109
testassemblies77,5093
testassemblies874,5080
testassemblies1655,5065
testassemblies3930,5058
testassemblies1280,5053
testassemblies3505,5018
testassemblies3776,5010
testassemblies5369,5000
testassemblies221,4933
testassemblies5677,4887
testassemblies302,4874
testassemblies300,4860
testassemblies4661,4859
testassemblies1259,4856
testassemblies4167,4832
testassemblies4689,4796
testassemblies5815,4752
testassemblies5462,4750
testassemblies7127,4719
testassemblies586,4658
testassemblies2376,4620
testassemblies5947,4611
testassemblies2378,4602
testassemblies4252,4599
testassemblies3684,4597
testassemblies1204,4596
testassemblies2215,4595
testassemblies1355,4581
testassemblies6379,4576
testassemblies2507,4551
testassemblies5320,4528
testassemblies4738,4523
testassemblies2407,4522
testassemblies5216,4517
testassemblies6213,4494
testassemblies2149,4493
testassemblies1600,4478
testassemblies6206,4477
testassemblies458,4424
testassemblies2243,4416
testassemblies2018,4412
testassemblies4739,4405
testassemblies107,4400
testassemblies6111,4395
testassemblies6887,4391
testassemblies2242,4389
testassemblies299,4388
testassemblies4570,4381
testassemblies5522,4381
testassemblies3738,4375
testassemblies5102,4369
testassemblies609,4366
testassemblies1738,4360
testassemblies108,4358
testassemblies5593,4350
testassemblies349,4345
testassemblies3049,4327
testassemblies5167,4309
testassemblies5578,4304
testassemblies4339,4287
testassemblies343,4279
testassemblies4434,4278
testassemblies1413,4277
testassemblies644,4276
testassemblies1632,4233
testassemblies4913,4210
testassemblies3426,4209
testassemblies2028,4192
testassemblies6594,4170
testassemblies724,4157
testassemblies3156,4127
testassemblies2678,4120
testassemblies6671,4116
testassemblies2010,4092
testassemblies547,4087
testassemblies1344,4054
testassemblies6214,3958
testassemblies3438,3945
testassemblies5577,3941
testassemblies6612,3918
testassemblies1845,3882
testassemblies2274,3882
testassemblies2049,3874
testassemblies6823,3869
testassemblies6097,3868
testassemblies6460,3868
testassemblies593,3865
testassemblies321,3861
testassemblies6164,3859
testassemblies5560,3857
testassemblies6866,3838
testassemblies49,3823
testassemblies3524,3808
testassemblies3230,3770
testassemblies326,3769
testassemblies1353,3690
testassemblies1187,3654
testassemblies1291,3634
testassemblies3374,3631
testassemblies3488,3631
testassemblies2905,3629
testassemblies5946,3621
testassemblies4333,3612
testassemblies4378,3599
testassemblies4765,3595
testassemblies7305,3591
testassemblies5907,3563
testassemblies5280,3520
testassemblies2004,3507
testassemblies4159,3504
testassemblies3511,3499
testassemblies2405,3489
testassemblies2012,3473
testassemblies2861,3469
testassemblies2021,3454
testassemblies4795,3449
testassemblies4787,3444
testassemblies1760,3438
testassemblies4770,3434
testassemblies5461,3420
testassemblies2024,3413
testassemblies1679,3400
testassemblies2402,3383
testassemblies6854,3382
testassemblies4380,3378
testassemblies3983,3338
testassemblies4108,3285
testassemblies6284,3275
testassemblies4745,3262
testassemblies439,3253
testassemblies6037,3252
testassemblies1196,3244
testassemblies3635,3237
testassemblies6042,3223
testassemblies4662,3212
testassemblies2535,3197
testassemblies6617,3196
testassemblies2156,3192
testassemblies4168,3192
testassemblies4307,3173
testassemblies2824,3164
testassemblies1922,3157
testassemblies5723,3142
testassemblies1438,3139
testassemblies3705,3107
testassemblies1734,3089
testassemblies3217,3087
testassemblies2853,3080
testassemblies3286,3079
testassemblies6462,3074
testassemblies6038,3058
testassemblies640,3048
testassemblies7214,3046
testassemblies1269,3042
testassemblies1232,3026
testassemblies1645,3020
testassemblies4452,3015
testassemblies706,3014
testassemblies1145,3010
testassemblies5839,2992
testassemblies2339,2987
testassemblies6702,2982
testassemblies1947,2977
testassemblies6306,2965
testassemblies4394,2961
testassemblies5279,2939
testassemblies7226,2931
testassemblies4134,2915
testassemblies5032,2900
testassemblies1687,2893
testassemblies2740,2893
testassemblies4428,2870
testassemblies6842,2870
testassemblies1926,2849
testassemblies2732,2843
testassemblies5276,2843
testassemblies1273,2839
testassemblies6089,2835
testassemblies4377,2823
testassemblies6711,2799
testassemblies3755,2790
testassemblies1193,2787
testassemblies5205,2772
testassemblies3658,2759
testassemblies4714,2757
testassemblies6047,2749
testassemblies1066,2728
testassemblies3202,2722
testassemblies1057,2694
testassemblies854,2687
testassemblies5120,2673
testassemblies4515,2663
testassemblies5956,2634
testassemblies5142,2631
testassemblies3033,2628
testassemblies3336,2620
testassemblies1834,2619
testassemblies6467,2612
testassemblies7225,2590
testassemblies2860,2581
testassemblies1102,2575
testassemblies3695,2558
testassemblies6245,2552
testassemblies1491,2549
testassemblies5406,2547
testassemblies3987,2538
testassemblies5417,2536
testassemblies1904,2525
testassemblies2852,2502
testassemblies6699,2497
testassemblies1697,2495
testassemblies4084,2485
testassemblies3185,2481
testassemblies7349,2474
testassemblies3481,2469
testassemblies2341,2461
testassemblies2182,2460
testassemblies1583,2458
testassemblies6689,2457
testassemblies2007,2453
testassemblies5708,2443
testassemblies1166,2435
testassemblies219,2429
testassemblies2065,2428
testassemblies541,2421
testassemblies3522,2420
testassemblies1684,2418
testassemblies5829,2404
testassemblies6335,2395
testassemblies5175,2390
testassemblies2280,2387
testassemblies70,2384
testassemblies1812,2378
testassemblies1941,2377
testassemblies1442,2376
testassemblies1688,2370
testassemblies1495,2355
testassemblies1551,2351
testassemblies2029,2349
testassemblies2025,2346
testassemblies2217,2342
testassemblies2027,2341
testassemblies1915,2339
testassemblies4609,2338
testassemblies2008,2332
testassemblies6157,2330
testassemblies2013,2325
testassemblies6506,2323
testassemblies2851,2301
testassemblies5482,2301
testassemblies2380,2291
testassemblies1400,2288
testassemblies4653,2284
testassemblies2538,2275
testassemblies2019,2273
testassemblies1480,2265
testassemblies2001,2261
testassemblies6087,2255
testassemblies3361,2249
testassemblies5259,2248
testassemblies4297,2247
testassemblies4646,2247
testassemblies830,2244
testassemblies4767,2237
testassemblies3509,2229
testassemblies1710,2226
testassemblies4623,2201
testassemblies5101,2201
testassemblies407,2200
testassemblies1497,2177
testassemblies5890,2176
testassemblies3212,2175
testassemblies7292,2169
testassemblies1888,2166
testassemblies6794,2161
testassemblies4012,2157
testassemblies6580,2157
testassemblies5415,2155
testassemblies2404,2148
testassemblies7412,2146
testassemblies6009,2133
testassemblies5926,2108
testassemblies7198,2107
testassemblies7331,2080
testassemblies630,2074
testassemblies1508,2064
testassemblies5295,2057
testassemblies6276,2055
testassemblies1303,2050
testassemblies5663,2024
testassemblies3181,2020
testassemblies2464,2016
testassemblies6152,2010
testassemblies4357,2003
testassemblies486,2003
testassemblies4550,2002
testassemblies2371,1998
testassemblies5629,1995
testassemblies217,1977
testassemblies5186,1967
testassemblies81,1960
testassemblies5789,1951
testassemblies4233,1946
testassemblies5659,1946
testassemblies2787,1943
testassemblies976,1936
testassemblies1627,1927
testassemblies1281,1923
testassemblies2148,1923
testassemblies1288,1912
testassemblies6071,1908
testassemblies3604,1893
testassemblies2322,1892
testassemblies1351,1889
testassemblies59,1870
testassemblies7397,1864
testassemblies79,1864
testassemblies2818,1848
testassemblies2421,1839
testassemblies5531,1834
testassemblies84,1833
testassemblies2605,1831
testassemblies78,1830
testassemblies6433,1823
testassemblies6440,1819
testassemblies2928,1798
testassemblies1317,1796
testassemblies7180,1788
testassemblies80,1788
testassemblies4247,1779
testassemblies6605,1779
testassemblies4547,1768
testassemblies1304,1762
testassemblies4185,1760
testassemblies5834,1760
testassemblies4796,1750
testassemblies7273,1746
testassemblies3931,1742
testassemblies2989,1738
testassemblies85,1738
testassemblies4032,1737
testassemblies2918,1724
testassemblies2607,1718
testassemblies6348,1718
testassemblies2006,1717
testassemblies169,1708
testassemblies3461,1706
testassemblies835,1705
testassemblies3523,1694
testassemblies1908,1672
testassemblies6510,1671
testassemblies2048,1664
testassemblies2786,1663
testassemblies6204,1658
testassemblies5736,1652
testassemblies86,1651
testassemblies1969,1645
testassemblies5371,1637
testassemblies378,1634
testassemblies4074,1634
testassemblies5636,1630
testassemblies2064,1607
testassemblies5443,1603
testassemblies7155,1587
testassemblies379,1570
testassemblies1681,1553
testassemblies2254,1548
testassemblies2528,1546
testassemblies5436,1544
testassemblies652,1540
testassemblies5699,1534
testassemblies6378,1525
testassemblies1171,1522
testassemblies5345,1513
testassemblies6341,1512
testassemblies4343,1508
testassemblies6137,1507
testassemblies2066,1506
testassemblies279,1506
testassemblies6326,1506
testassemblies3560,1496
testassemblies2256,1486
testassemblies5385,1485
testassemblies55,1482
testassemblies2587,1475
testassemblies5978,1472
testassemblies782,1462
testassemblies3899,1461
testassemblies5468,1456
testassemblies1843,1445
testassemblies3842,1443
testassemblies3554,1442
testassemblies5543,1438
testassemblies4101,1437
testassemblies1587,1429
testassemblies3745,1428
testassemblies983,1410
testassemblies3340,1404
testassemblies6984,1397
testassemblies377,1396
testassemblies5363,1388
testassemblies5398,1387
testassemblies4075,1384
testassemblies2677,1368
testassemblies1189,1365
testassemblies6569,1357
testassemblies5397,1354
testassemblies1636,1350
testassemblies1853,1347
testassemblies3458,1343
testassemblies5756,1338
testassemblies3162,1332
testassemblies1113,1316
testassemblies1101,1314
testassemblies3923,1314
testassemblies3292,1312
testassemblies6715,1310
testassemblies2911,1309
testassemblies5271,1306
testassemblies2062,1302
testassemblies3657,1301
testassemblies6827,1301
testassemblies3313,1290
testassemblies6333,1285
testassemblies4290,1282
testassemblies5166,1282
testassemblies6205,1275
testassemblies632,1267
testassemblies4177,1256
testassemblies913,1243
testassemblies2536,1237
testassemblies2096,1236
testassemblies6174,1236
testassemblies4189,1232
testassemblies5879,1232
testassemblies1979,1231
testassemblies6853,1230
testassemblies3125,1229
testassemblies4565,1229
testassemblies3483,1227
testassemblies7148,1226
testassemblies6203,1219
testassemblies6096,1218
testassemblies6041,1215
testassemblies2216,1213
testassemblies6304,1213
testassemblies6305,1204
testassemblies3683,1200
testassemblies4169,1195
testassemblies1219,1193
testassemblies48,1186
testassemblies4273,1185
testassemblies1946,1183
testassemblies1450,1182
testassemblies6843,1179
testassemblies5575,1177
testassemblies1780,1176
testassemblies1270,1172
testassemblies2279,1172
testassemblies4379,1170
testassemblies5319,1170
testassemblies3120,1169
testassemblies4001,1166
testassemblies6325,1158
testassemblies948,1157
testassemblies7220,1149
testassemblies5962,1145
testassemblies1683,1143
testassemblies5673,1141
testassemblies2240,1131
testassemblies4710,1130
testassemblies5495,1129
testassemblies3141,1127
testassemblies6574,1126
testassemblies3809,1122
testassemblies3892,1116
testassemblies5790,1104
testassemblies5544,1100
testassemblies2604,1098
testassemblies2022,1097
testassemblies2377,1092
testassemblies481,1090
testassemblies4291,1088
testassemblies5215,1088
testassemblies1320,1087
testassemblies6459,1085
testassemblies5625,1084
testassemblies660,1083
testassemblies1252,1081
testassemblies7231,1078
testassemblies5743,1077
testassemblies4848,1076
testassemblies5945,1074
testassemblies5015,1073
testassemblies423,1064
testassemblies2465,1063
testassemblies278,1063
testassemblies5284,1063
testassemblies6859,1063
testassemblies5477,1062
testassemblies2241,1060
testassemblies4856,1057
testassemblies2422,1054
testassemblies2406,1051
testassemblies3052,1049
testassemblies784,1042
testassemblies4601,1039
testassemblies5346,1034
testassemblies3124,1028
testassemblies5994,1024
testassemblies5884,1019
testassemblies907,1016
testassemblies4083,1014
testassemblies5469,1014
testassemblies7383,1013
testassemblies3516,1010
testassemblies1787,1009
testassemblies5395,1009
testassemblies4095,1008
testassemblies5459,1006
testassemblies2831,1003
testassemblies5891,1002
testassemblies4977,1001
testassemblies4435,999
testassemblies283,994
testassemblies3320,993
testassemblies6220,990
testassemblies6285,990
testassemblies2095,989
testassemblies5359,989
testassemblies3992,986
testassemblies5895,985
testassemblies722,985
testassemblies1502,984
testassemblies5804,980
testassemblies2728,979
testassemblies3346,978
testassemblies3794,973
testassemblies6728,969
testassemblies6507,967
testassemblies7315,967
testassemblies2051,966
testassemblies3022,963
testassemblies7267,963
testassemblies2047,959
testassemblies4023,958
testassemblies3855,957
testassemblies5661,956
testassemblies1642,955
testassemblies694,955
testassemblies5026,954
testassemblies3835,953
testassemblies4166,950
testassemblies3160,947
testassemblies2446,944
testassemblies7348,938
testassemblies1381,937
testassemblies7413,937
testassemblies3153,936
testassemblies2333,934
testassemblies1762,931
testassemblies6131,929
testassemblies3425,926
testassemblies5643,924
testassemblies1817,919
testassemblies4784,915
testassemblies2890,913
testassemblies2904,906
testassemblies4251,901
testassemblies4622,898
testassemblies2736,895
testassemblies5538,891
testassemblies4801,890
testassemblies2005,889
testassemblies5985,886
testassemblies6533,886
testassemblies4447,885
testassemblies3048,884
testassemblies2965,883
testassemblies7137,881
testassemblies5768,879
testassemblies2953,878
testassemblies723,878
testassemblies5008,875
testassemblies6386,873
testassemblies605,872
testassemblies816,871
testassemblies6010,866
testassemblies2016,865
testassemblies2506,865
testassemblies5225,864
testassemblies3508,863
testassemblies218,860
testassemblies6334,858
testassemblies5581,856
testassemblies1704,854
testassemblies6168,849
testassemblies6903,848
testassemblies5889,844
testassemblies6012,844
testassemblies4690,843
testassemblies3825,841
testassemblies6068,841
testassemblies2898,835
testassemblies4207,833
testassemblies4133,831
testassemblies4585,831
testassemblies542,831
testassemblies2872,829
testassemblies3159,828
testassemblies1522,827
testassemblies4805,826
testassemblies7411,826
testassemblies4968,824
testassemblies2806,823
testassemblies4912,821
testassemblies6200,821
testassemblies6431,821
testassemblies6616,820
testassemblies4956,817
testassemblies276,816
testassemblies7378,816
testassemblies2375,815
testassemblies4777,815
testassemblies5910,815
testassemblies7202,815
testassemblies3696,814
testassemblies6645,812
testassemblies1240,808
testassemblies4569,807
testassemblies4766,806
testassemblies6046,806
testassemblies6381,806
testassemblies3056,804
testassemblies7247,803
testassemblies2003,802
testassemblies2862,800
testassemblies805,796
testassemblies5065,795
testassemblies7264,795
testassemblies6716,791
testassemblies2023,790
testassemblies4433,787
testassemblies6388,787
testassemblies4955,783
testassemblies268,781
testassemblies7318,781
testassemblies3229,780
testassemblies3802,780
testassemblies1626,778
testassemblies789,778
testassemblies5856,777
testassemblies6212,777
testassemblies71,775
testassemblies6841,773
testassemblies2020,771
testassemblies4764,769
testassemblies6515,769
testassemblies6623,769
testassemblies5660,767
testassemblies1482,766
testassemblies3387,766
testassemblies971,763
testassemblies1740,762
testassemblies5539,757
testassemblies6666,752
testassemblies5971,746
testassemblies238,743
testassemblies3323,741
testassemblies4376,741
testassemblies5100,740
testassemblies7017,739
testassemblies929,739
testassemblies6377,738
testassemblies69,733
testassemblies5163,731
testassemblies6695,729
testassemblies3704,728
testassemblies4298,728
testassemblies2011,724
testassemblies5833,723
testassemblies5828,722
testassemblies3431,720
testassemblies1446,718
testassemblies2054,718
testassemblies6466,716
testassemblies1481,714
testassemblies7263,713
testassemblies3326,707
testassemblies5898,707
testassemblies1797,706
testassemblies6138,705
testassemblies2009,704
testassemblies5242,704
testassemblies4701,703
testassemblies275,701
testassemblies7266,700
testassemblies1142,699
testassemblies7227,695
testassemblies2002,692
testassemblies4212,692
testassemblies3459,689
testassemblies5969,689
testassemblies2922,688
testassemblies1561,687
testassemblies298,687
testassemblies3722,685
testassemblies5148,684
testassemblies6156,684
testassemblies5832,681
testassemblies6398,681
testassemblies5707,679
testassemblies4660,676
testassemblies6611,676
testassemblies3066,673
testassemblies6072,673
testassemblies987,669
testassemblies5571,665
testassemblies2026,663
testassemblies5614,663
testassemblies6059,656
testassemblies6310,653
testassemblies2075,651
testassemblies4213,649
testassemblies5700,646
testassemblies5726,645
testassemblies1613,644
testassemblies1685,644
testassemblies7284,644
testassemblies280,641
testassemblies7409,638
testassemblies3816,637
testassemblies2809,636
testassemblies4244,636
testassemblies6630,631
testassemblies3085,629
testassemblies3137,629
testassemblies5583,626
testassemblies6636,616
testassemblies4621,614
testassemblies2602,613
testassemblies2383,610
testassemblies6253,609
testassemblies1165,608
testassemblies4567,608
testassemblies6560,608
testassemblies5438,607
testassemblies3926,606
testassemblies111,604
testassemblies1216,604
testassemblies4688,604
testassemblies5624,604
testassemblies4827,603
testassemblies2727,593
testassemblies5613,592
testassemblies3453,591
testassemblies444,589
testassemblies5848,586
testassemblies1767,584
testassemblies6524,584
testassemblies4090,583
testassemblies5272,583
testassemblies5937,583
testassemblies5278,579
testassemblies6640,579
testassemblies1461,577
testassemblies4429,577
testassemblies3269,574
testassemblies2061,568
testassemblies4834,565
testassemblies3979,561
testassemblies1617,558
testassemblies1893,555
testassemblies3315,554
testassemblies7045,554
testassemblies6637,552
testassemblies5576,551
testassemblies2310,549
testassemblies5209,549
testassemblies2401,546
testassemblies3444,544
testassemblies984,541
testassemblies890,540
testassemblies3487,538
testassemblies4804,538
testassemblies5685,538
testassemblies2150,537
testassemblies2253,536
testassemblies4479,533
testassemblies6905,529
testassemblies6234,528
testassemblies1680,526
testassemblies3422,526
testassemblies4644,526
testassemblies5144,526
testassemblies3664,524
testassemblies501,524
testassemblies5712,524
testassemblies1006,522
testassemblies2714,522
testassemblies2490,518
testassemblies1622,515
testassemblies2484,515
testassemblies6032,515
testassemblies2475,514
testassemblies3154,514
testassemblies301,508
testassemblies4018,501
testassemblies7414,500
testassemblies1678,494
testassemblies6865,493
testassemblies2104,489
testassemblies1256,488
testassemblies1093,483
testassemblies5014,483
testassemblies2036,482
testassemblies4636,478
testassemblies3314,475
testassemblies4533,475
testassemblies4427,473
testassemblies602,473
testassemblies1415,471
testassemblies5200,471
testassemblies6461,469
testassemblies6603,468
testassemblies1104,467
testassemblies4160,466
testassemblies3345,465
testassemblies819,463
testassemblies4859,462
testassemblies1528,458
testassemblies4799,458
testassemblies6226,456
testassemblies6691,456
testassemblies4272,454
testassemblies5765,454
testassemblies2208,450
testassemblies6940,449
testassemblies2074,448
testassemblies7116,448
testassemblies5668,446
testassemblies5607,445
testassemblies6874,444
testassemblies4439,442
testassemblies591,442
testassemblies1917,441
testassemblies408,441
testassemblies551,441
testassemblies1586,440
testassemblies6592,440
testassemblies3155,439
testassemblies6040,438
testassemblies3209,436
testassemblies150,434
testassemblies1708,433
testassemblies3969,431
testassemblies1184,426
testassemblies860,426
testassemblies5813,425
testassemblies1247,418
testassemblies1262,416
testassemblies1604,415
testassemblies6303,415
testassemblies5566,414
testassemblies4619,413
testassemblies7077,412
testassemblies5853,402
testassemblies4862,401
testassemblies5312,401
testassemblies7181,399
testassemblies5311,398
testassemblies6979,397
testassemblies1362,396
testassemblies6562,392
testassemblies1452,391
testassemblies2606,388
testassemblies2688,387
testassemblies7248,387
testassemblies5729,385
testassemblies2033,383
testassemblies838,379
testassemblies1620,377
testassemblies4114,375
testassemblies6238,375
testassemblies1149,374
testassemblies1802,374
testassemblies1798,373
testassemblies1518,371
testassemblies3671,371
testassemblies1596,370
testassemblies1778,370
testassemblies1555,365
testassemblies6411,364
testassemblies7076,364
testassemblies871,364
testassemblies1715,363
testassemblies5296,363
testassemblies6495,363
testassemblies7168,362
testassemblies2223,361
testassemblies2619,360
testassemblies6850,360
testassemblies5600,359
testassemblies2925,358
testassemblies3146,357
testassemblies5900,355
testassemblies6886,354
testassemblies6003,353
testassemblies900,353
testassemblies2738,350
testassemblies5849,350
testassemblies6545,348
testassemblies4665,347
testassemblies1201,346
testassemblies4437,346
testassemblies4983,346
testassemblies5087,344
testassemblies3394,342
testassemblies4824,340
testassemblies459,339
testassemblies6593,339
testassemblies1614,334
testassemblies7320,333
testassemblies637,331
testassemblies6249,329
testassemblies5393,328
testassemblies1386,327
testassemblies5760,327
testassemblies801,325
testassemblies2742,324
testassemblies3312,322
testassemblies1880,321
testassemblies1020,320
testassemblies339,320
testassemblies5298,320
testassemblies3070,319
testassemblies5056,319
testassemblies5347,318
testassemblies5654,318
testassemblies5537,315
testassemblies6911,315
testassemblies6517,314
testassemblies5348,312
testassemblies1931,310
testassemblies3311,308
testassemblies5306,308
testassemblies5004,303
testassemblies247,300
testassemblies4947,298
testassemblies151,297
testassemblies4991,294
testassemblies1462,291
testassemblies3296,291
testassemblies4462,291
testassemblies6119,290
testassemblies5909,289
testassemblies2822,288
testassemblies4506,288
testassemblies4670,288
testassemblies5924,288
testassemblies1368,287
testassemblies1848,287
testassemblies4186,287
testassemblies5973,287
testassemblies778,287
testassemblies1912,284
testassemblies1784,283
testassemblies281,283
testassemblies5273,282
testassemblies2644,281
testassemblies1319,280
testassemblies818,279
testassemblies3485,278
testassemblies2527,277
testassemblies4525,276
testassemblies604,276
testassemblies4762,273
testassemblies6614,273
testassemblies1205,272
testassemblies3054,272
testassemblies4595,272
testassemblies4924,272
testassemblies595,272
testassemblies2823,271
testassemblies5394,270
testassemblies4513,269
testassemblies578,269
testassemblies6723,269
testassemblies1357,268
testassemblies3808,268
testassemblies5274,267
testassemblies262,266
testassemblies3000,266
testassemblies6057,265
testassemblies1103,264
testassemblies3729,264
testassemblies2743,263
testassemblies7213,263
testassemblies1492,261
testassemblies3001,261
testassemblies1662,260
testassemblies5000,257
testassemblies419,256
testassemblies4296,256
testassemblies6591,254
testassemblies451,253
testassemblies7106,253
testassemblies112,251
testassemblies6536,250
testassemblies709,250
testassemblies1791,249
testassemblies831,249
testassemblies1213,247
testassemblies786,246
testassemblies1268,245
testassemblies3018,244
testassemblies7398,244
testassemblies1089,243
testassemblies2821,242
testassemblies3980,242
testassemblies6058,241
testassemblies6014,240
testassemblies1333,239
testassemblies3891,239
testassemblies390,238
testassemblies254,235
testassemblies3307,234
testassemblies1794,233
testassemblies489,233
testassemblies4201,232
testassemblies2321,231
testassemblies5006,231
testassemblies2691,227
testassemblies7304,227
testassemblies1106,225
testassemblies2295,224
testassemblies4014,224
testassemblies1517,223
testassemblies925,223
testassemblies6639,222
testassemblies708,222
testassemblies7386,221
testassemblies1338,219
testassemblies6221,219
testassemblies2109,218
testassemblies5549,218
testassemblies1857,217
testassemblies1055,216
testassemblies2168,216
testassemblies5949,216
testassemblies1573,215
testassemblies4877,215
testassemblies2316,214
testassemblies5740,213
testassemblies7192,213
testassemblies230,212
testassemblies267,212
testassemblies1637,211
testassemblies4146,211
testassemblies1640,209
testassemblies6676,209
testassemblies2111,208
testassemblies6181,208
testassemblies5176,206
testassemblies6300,206
testassemblies4195,205
testassemblies6110,205
testassemblies7296,205
testassemblies978,205
testassemblies4792,204
testassemblies6509,204
testassemblies2523,203
testassemblies1875,202
testassemblies6153,202
testassemblies7303,202
testassemblies1460,201
testassemblies6293,201
testassemblies6487,201
testassemblies1185,200
testassemblies1535,199
testassemblies2609,198
testassemblies3598,198
testassemblies6424,198
testassemblies6588,198
testassemblies1366,197
testassemblies1673,197
testassemblies1370,196
testassemblies2107,196
testassemblies5817,196
testassemblies6139,195
testassemblies5013,194
testassemblies6432,193
testassemblies5228,192
testassemblies1958,191
testassemblies1742,190
testassemblies3922,190
testassemblies5439,190
testassemblies178,189
testassemblies7145,189
testassemblies6408,188
testassemblies7014,188
testassemblies1526,187
testassemblies6151,187
testassemblies1476,185
testassemblies1649,185
testassemblies2532,185
testassemblies7032,185
testassemblies1038,184
testassemblies3201,183
testassemblies448,182
testassemblies5389,181
testassemblies4140,179
testassemblies7325,179
testassemblies1265,178
testassemblies2567,178
testassemblies5866,177
testassemblies4335,176
testassemblies483,176
testassemblies57,176
testassemblies1677,175
testassemblies1814,175
testassemblies3536,174
testassemblies110,173
testassemblies7024,172
testassemblies3668,169
testassemblies6931,169
testassemblies5857,167
testassemblies876,167
testassemblies944,167
testassemblies1682,166
testassemblies5623,166
testassemblies6973,166
testassemblies7400,165
testassemblies1694,164
testassemblies3534,163
testassemblies7173,163
testassemblies6237,162
testassemblies7401,162
testassemblies1663,161
testassemblies5260,161
testassemblies5867,160
testassemblies6302,160
testassemblies5092,159
testassemblies5521,158
testassemblies4728,157
testassemblies4928,156
testassemblies62,156
testassemblies3925,155
testassemblies5001,155
testassemblies4453,154
testassemblies4471,154
testassemblies6684,154
testassemblies6875,154
testassemblies7102,154
testassemblies6163,153
testassemblies6280,153
testassemblies1753,152
testassemblies3293,152
testassemblies6395,152
testassemblies1630,151
testassemblies1879,151
testassemblies443,151
testassemblies5305,149
testassemblies3571,148
testassemblies1388,147
testassemblies781,147
testassemblies1490,146
testassemblies329,146
testassemblies6016,146
testassemblies6904,145
testassemblies993,145
testassemblies3226,144
testassemblies3845,144
testassemblies861,144
testassemblies1019,143
testassemblies6464,143
testassemblies3198,142
testassemblies3813,142
testassemblies2326,140
testassemblies3911,140
testassemblies2091,138
testassemblies3095,138
testassemblies3205,138
testassemblies3884,138
testassemblies1749,137
testassemblies3170,137
testassemblies6452,137
testassemblies6604,137
testassemblies4998,136
testassemblies4211,135
testassemblies6938,135
testassemblies1907,134
testassemblies2548,134
testassemblies2819,134
testassemblies1322,133
testassemblies1668,133
testassemblies5800,133
testassemblies6787,133
testassemblies2457,132
testassemblies2808,132
testassemblies2802,131
testassemblies39,131
testassemblies4392,130
testassemblies6428,130
testassemblies5303,129
testassemblies7129,129
testassemblies3183,128
testassemblies5143,128
testassemblies1549,127
testassemblies1691,127
testassemblies2209,127
testassemblies3303,127
testassemblies2311,126
testassemblies5073,126
testassemblies1237,125
testassemblies1531,125
testassemblies1286,124
testassemblies4191,124
testassemblies4234,124
testassemblies1578,123
testassemblies3053,123
testassemblies6101,123
testassemblies4503,122
testassemblies6898,122
testassemblies6906,122
testassemblies1222,121
testassemblies779,121
testassemblies1382,120
testassemblies7011,120
testassemblies3222,119
testassemblies3527,119
testassemblies3720,119
testassemblies5221,119
testassemblies911,119
testassemblies6895,118
testassemblies1085,117
testassemblies4280,117
testassemblies5698,117
testassemblies2087,116
testassemblies496,116
testassemblies5655,116
testassemblies6173,116
testassemblies3164,115
testassemblies4528,115
testassemblies1042,114
testassemblies1307,114
testassemblies4518,114
testassemblies3863,113
testassemblies491,113
testassemblies5724,113
testassemblies7016,113
testassemblies2513,112
testassemblies3263,112
testassemblies3360,112
testassemblies5569,112
testassemblies6819,112
testassemblies4988,111
testassemblies6729,111
testassemblies869,111
testassemblies2780,110
testassemblies1023,109
testassemblies1602,109
testassemblies3274,108
testassemblies3395,108
testassemblies5690,108
testassemblies7338,108
testassemblies2596,107
testassemblies5903,107
testassemblies594,107
testassemblies1226,106
testassemblies1530,106
testassemblies5682,106
testassemblies7312,106
testassemblies1849,105
testassemblies3606,105
testassemblies5620,105
testassemblies4371,104
testassemblies4939,104
testassemblies2320,103
testassemblies3754,103
testassemblies5321,103
testassemblies5667,103
testassemblies783,103
testassemblies1367,102
testassemblies1862,102
testassemblies4242,102
testassemblies7086,102
testassemblies231,101
testassemblies6835,101
testassemblies1722,100
testassemblies3637,100
testassemblies1054,99
testassemblies1063,99
testassemblies7288,99
testassemblies3281,98
testassemblies3897,98
testassemblies1032,97
testassemblies1588,97
testassemblies2768,97
testassemblies6224,97
testassemblies1105,96
testassemblies1839,96
testassemblies4109,96
testassemblies1173,95
testassemblies2108,95
testassemblies5314,95
testassemblies5934,95
testassemblies7212,95
testassemblies1891,94
testassemblies2622,94
testassemblies3968,94
testassemblies6741,94
testassemblies7112,94
testassemblies3982,93
testassemblies6680,93
testassemblies340,92
testassemblies5547,92
testassemblies5904,92
testassemblies942,92
testassemblies2015,90
testassemblies3287,90
testassemblies5601,90
testassemblies6674,90
testassemblies1609,89
testassemblies3517,89
testassemblies3150,88
testassemblies4529,88
testassemblies3339,87
testassemblies381,87
testassemblies6183,87
testassemblies1146,86
testassemblies2921,86
testassemblies3790,86
testassemblies4069,86
testassemblies5688,86
testassemblies5977,86
testassemblies1167,85
testassemblies1192,85
testassemblies2110,85
testassemblies2541,85
testassemblies3667,85
testassemblies5719,85
testassemblies6091,85
testassemblies6747,85
testassemblies1874,84
testassemblies1840,83
testassemblies2686,83
testassemblies3182,83
testassemblies2923,82
testassemblies6065,82
testassemblies7041,82
testassemblies7111,82
testassemblies1658,81
testassemblies2179,81
testassemblies3858,81
testassemblies226,80
testassemblies2593,80
testassemblies3372,80
testassemblies4372,80
testassemblies4918,80
testassemblies6568,80
testassemblies1932,79
testassemblies4676,79
testassemblies1148,78
testassemblies1465,78
testassemblies1519,78
testassemblies1659,78
testassemblies311,78
testassemblies6343,78
testassemblies1421,77
testassemblies2996,77
testassemblies4387,77
testassemblies5411,77
testassemblies5523,77
testassemblies6935,77
testassemblies1477,76
testassemblies1755,76
testassemblies2232,76
testassemblies4709,76
testassemblies1792,75
testassemblies1943,75
testassemblies2390,75
testassemblies4624,74
testassemblies465,74
testassemblies4812,74
testassemblies6941,74
testassemblies1030,73
testassemblies3151,73
testassemblies851,73
testassemblies2994,72
testassemblies536,72
testassemblies5990,72
testassemblies671,72
testassemblies1373,71
testassemblies4153,71
testassemblies5262,71
testassemblies7064,71
testassemblies1841,70
testassemblies1987,70
testassemblies2829,70
testassemblies3196,70
testassemblies4254,70
testassemblies5207,70
testassemblies5413,70
testassemblies5467,70
testassemblies5573,70
testassemblies1346,69
testassemblies3231,69
testassemblies3455,69
testassemblies4008,69
testassemblies5390,69
testassemblies5634,69
testassemblies5860,69
testassemblies6901,69
testassemblies7329,69
testassemblies1847,68
testassemblies3163,68
testassemblies6095,68
testassemblies956,68
testassemblies1284,67
testassemblies1934,67
testassemblies310,67
testassemblies3241,67
testassemblies3857,67
testassemblies4161,67
testassemblies7186,67
testassemblies7083,66
testassemblies1506,65
testassemblies1863,65
testassemblies316,65
testassemblies3369,65
testassemblies4369,65
testassemblies5217,65
testassemblies5788,64
testassemblies1416,63
testassemblies248,63
testassemblies4508,63
testassemblies499,63
testassemblies6127,63
testassemblies6857,63
testassemblies803,63
testassemblies1365,62
testassemblies1489,62
testassemblies2143,62
testassemblies229,62
testassemblies3242,62
testassemblies511,62
testassemblies6134,62
testassemblies7084,62
testassemblies7131,62
testassemblies1218,61
testassemblies1835,61
testassemblies2584,61
testassemblies427,61
testassemblies4836,61
testassemblies4888,61
testassemblies6069,61
testassemblies6688,61
testassemblies1340,60
testassemblies2660,60
testassemblies4179,60
testassemblies5529,60
testassemblies5927,60
testassemblies3654,59
testassemblies3839,59
testassemblies5326,59
testassemblies7101,59
testassemblies891,59
testassemblies1267,58
testassemblies1324,58
testassemblies1819,58
testassemblies441,58
testassemblies4617,58
testassemblies5162,58
testassemblies5503,58
testassemblies5950,58
testassemblies738,58
testassemblies823,58
testassemblies4401,57
testassemblies6217,57
testassemblies6628,57
testassemblies922,57
testassemblies855,56
testassemblies1109,55
testassemblies1444,55
testassemblies3836,55
testassemblies663,55
testassemblies961,55
testassemblies1429,54
testassemblies1575,54
testassemblies6039,54
testassemblies6082,54
testassemblies857,54
testassemblies1496,53
testassemblies2455,53
testassemblies4351,53
testassemblies1251,52
testassemblies1735,52
testassemblies1884,52
testassemblies2197,51
testassemblies2753,51
testassemblies325,51
testassemblies3370,51
testassemblies4132,51
testassemblies4147,51
testassemblies6532,51
testassemblies6566,51
testassemblies1363,50
testassemblies1634,50
testassemblies2509,50
testassemblies4748,50
testassemblies5432,50
testassemblies6457,50
testassemblies7078,50
testassemblies7197,50
testassemblies1610,49
testassemblies5140,49
testassemblies634,49
testassemblies945,49
testassemblies1409,48
testassemblies1906,48
testassemblies4053,48
testassemblies4920,48
testassemblies5517,48
testassemblies6703,48
testassemblies7157,48
testassemblies727,48
testassemblies1062,47
testassemblies1577,47
testassemblies3843,47
testassemblies4178,47
testassemblies4407,47
testassemblies914,47
testassemblies977,47
testassemblies1599,46
testassemblies190,46
testassemblies2547,46
testassemblies3008,46
testassemblies334,46
testassemblies3981,46
testassemblies4235,46
testassemblies5637,46
testassemblies6165,46
testassemblies6414,46
testassemblies6520,46
testassemblies963,46
testassemblies1398,45
testassemblies4322,45
testassemblies7377,45
testassemblies962,45
testassemblies3415,44
testassemblies5852,44
testassemblies5902,44
testassemblies6573,44
testassemblies162,43
testassemblies4089,43
testassemblies4672,43
testassemblies7031,43
testassemblies1548,42
testassemblies2218,42
testassemblies5134,42
testassemblies5811,42
testassemblies6391,42
testassemblies7223,42
testassemblies794,42
testassemblies950,42
testassemblies1069,41
testassemblies1563,41
testassemblies2816,41
testassemblies333,41
testassemblies4726,41
testassemblies4822,41
testassemblies5920,41
testassemblies6531,41
testassemblies714,41
testassemblies7358,41
testassemblies2309,40
testassemblies2729,40
testassemblies4383,40
testassemblies4965,40
testassemblies5456,40
testassemblies5801,40
testassemblies7206,40
testassemblies924,40
testassemblies1479,39
testassemblies1615,39
testassemblies1956,39
testassemblies3581,39
testassemblies4635,39
testassemblies4706,39
testassemblies6944,39
testassemblies698,39
testassemblies1813,38
testassemblies2117,38
testassemblies3213,38
testassemblies3669,38
testassemblies4589,38
testassemblies6215,38
testassemblies6846,38
testassemblies1074,37
testassemblies1206,37
testassemblies1773,37
testassemblies3195,37
testassemblies3371,37
testassemblies3514,37
testassemblies773,37
testassemblies1064,36
testassemblies1391,36
testassemblies1434,36
testassemblies1770,36
testassemblies2539,36
testassemblies3016,36
testassemblies3804,36
testassemblies4705,36
testassemblies4863,36
testassemblies90,36
testassemblies1724,35
testassemblies1837,35
testassemblies2102,35
testassemblies2937,35
testassemblies3436,35
testassemblies3941,35
testassemblies5360,35
testassemblies5928,35
testassemblies1114,34
testassemblies1754,34
testassemblies2210,34
testassemblies2885,34
testassemblies3865,34
testassemblies1207,33
testassemblies2099,33
testassemblies4618,33
testassemblies6143,33
testassemblies1170,32
testassemblies1547,32
testassemblies249,32
testassemblies4393,32
testassemblies5476,32
testassemblies599,32
testassemblies7393,32
testassemblies1012,31
testassemblies1598,31
testassemblies3795,31
testassemblies5412,31
testassemblies6584,31
testassemblies7193,31
testassemblies7291,31
testassemblies1651,30
testassemblies3958,30
testassemblies4634,30
testassemblies5105,30
testassemblies5766,30
testassemblies6197,30
testassemblies6982,30
testassemblies770,30
testassemblies1449,29
testassemblies2878,29
testassemblies2979,29
testassemblies452,29
testassemblies4610,29
testassemblies4853,29
testassemblies4923,29
testassemblies4963,29
testassemblies5380,29
testassemblies6369,29
testassemblies6535,29
testassemblies6608,29
testassemblies6950,29
testassemblies1595,28
testassemblies2100,28
testassemblies2667,28
testassemblies5308,28
testassemblies5730,28
testassemblies5759,28
testassemblies5822,28
testassemblies6025,28
testassemblies839,28
testassemblies1408,27
testassemblies2198,27
testassemblies3020,27
testassemblies3169,27
testassemblies3482,27
testassemblies4396,27
testassemblies4860,27
testassemblies4874,27
testassemblies557,27
testassemblies1277,26
testassemblies6400,26
testassemblies7183,26
testassemblies1326,25
testassemblies1467,25
testassemblies1475,25
testassemblies232,25
testassemblies3041,25
testassemblies5316,25
testassemblies6924,25
testassemblies696,25
testassemblies863,25
testassemblies882,25
testassemblies1485,24
testassemblies1540,24
testassemblies1801,24
testassemblies327,24
testassemblies4519,24
testassemblies4846,24
testassemblies5121,24
testassemblies5664,24
testassemblies5896,24
testassemblies6361,24
testassemblies1049,23
testassemblies1139,23
testassemblies1514,23
testassemblies4596,23
testassemblies5929,23
testassemblies7170,23
testassemblies7179,23
testassemblies7357,23
testassemblies1018,22
testassemblies1243,22
testassemblies2308,22
testassemblies3133,22
testassemblies4794,22
testassemblies50,22
testassemblies5405,22
testassemblies6994,22
testassemblies7209,22
testassemblies7356,22
testassemblies92,22
testassemblies3761,21
testassemblies4561,21
testassemblies4819,21
testassemblies5713,21
testassemblies6914,21
testassemblies6958,21
testassemblies18,20
testassemblies2239,20
testassemblies2886,20
testassemblies3368,20
testassemblies342,20
testassemblies3615,20
testassemblies4027,20
testassemblies4629,20
testassemblies4752,20
testassemblies5512,20
testassemblies6673,20
testassemblies6769,20
testassemblies734,20
testassemblies1034,19
testassemblies1092,19
testassemblies1157,19
testassemblies1321,19
testassemblies1714,19
testassemblies2166,19
testassemblies2560,19
testassemblies3191,19
testassemblies3548,19
testassemblies4699,19
testassemblies5361,19
testassemblies791,19
testassemblies974,19
testassemblies1122,18
testassemblies1272,18
testassemblies2226,18
testassemblies304,18
testassemblies3427,18
testassemblies3864,18
testassemblies4472,18
testassemblies4603,18
testassemblies4740,18
testassemblies5645,18
testassemblies5854,18
testassemblies6272,18
testassemblies674,18
testassemblies6754,18
testassemblies7000,18
testassemblies7013,18
testassemblies1399,17
testassemblies1543,17
testassemblies1902,17
testassemblies2473,17
testassemblies2489,17
testassemblies4741,17
testassemblies4976,17
testassemblies7051,17
testassemblies7132,17
testassemblies1073,16
testassemblies1297,16
testassemblies1383,16
testassemblies1538,16
testassemblies1806,16
testassemblies1829,16
testassemblies3284,16
testassemblies3590,16
testassemblies4421,16
testassemblies4917,16
testassemblies5184,16
testassemblies5684,16
testassemblies6959,16
testassemblies1075,15
testassemblies1295,15
testassemblies1457,15
testassemblies1652,15
testassemblies2411,15
testassemblies32,15
testassemblies3823,15
testassemblies5104,15
testassemblies6319,15
testassemblies6407,15
testassemblies6751,15
testassemblies7065,15
testassemblies7187,15
testassemblies7200,15
testassemblies892,15
testassemblies1500,14
testassemblies1955,14
testassemblies2312,14
testassemblies3324,14
testassemblies3608,14
testassemblies3613,14
testassemblies3978,14
testassemblies4309,14
testassemblies43,14
testassemblies4556,14
testassemblies4564,14
testassemblies4919,14
testassemblies5246,14
testassemblies6080,14
testassemblies6291,14
testassemblies6354,14
testassemblies7144,14
testassemblies1339,13
testassemblies1376,13
testassemblies1511,13
testassemblies1525,13
testassemblies16,13
testassemblies3850,13
testassemblies41,13
testassemblies5208,13
testassemblies5980,13
testassemblies6733,13
testassemblies7060,13
testassemblies930,13
testassemblies959,13
testassemblies969,13
testassemblies1099,12
testassemblies1394,12
testassemblies1876,12
testassemblies2340,12
testassemblies2741,12
testassemblies3641,12
testassemblies42,12
testassemblies4389,12
testassemblies5293,12
testassemblies6921,12
testassemblies1178,11
testassemblies1723,11
testassemblies1790,11
testassemblies215,11
testassemblies2381,11
testassemblies2412,11
testassemblies24,11
testassemblies2583,11
testassemblies2902,11
testassemblies294,11
testassemblies3496,11
testassemblies4124,11
testassemblies4199,11
testassemblies4883,11
testassemblies5527,11
testassemblies5982,11
testassemblies6555,11
testassemblies1182,10
testassemblies1258,10
testassemblies1553,10
testassemblies1731,10
testassemblies2582,10
testassemblies3687,10
testassemblies435,10
testassemblies4418,10
testassemblies453,10
testassemblies4562,10
testassemblies4656,10
testassemblies5075,10
testassemblies5123,10
testassemblies6410,10
testassemblies669,10
testassemblies6890,10
testassemblies7270,10
testassemblies1197,9
testassemblies1329,9
testassemblies1396,9
testassemblies1585,9
testassemblies1665,9
testassemblies1999,9
testassemblies204,9
testassemblies2982,9
testassemblies3801,9
testassemblies3840,9
testassemblies54,9
testassemblies664,9
testassemblies6936,9
testassemblies7124,9
testassemblies7165,9
testassemblies7283,9
testassemblies0,8
testassemblies1181,8
testassemblies1230,8
testassemblies1235,8
testassemblies1318,8
testassemblies1590,8
testassemblies1631,8
testassemblies2973,8
testassemblies2992,8
testassemblies3515,8
testassemblies3663,8
testassemblies3752,8
testassemblies3774,8
testassemblies3800,8
testassemblies4148,8
testassemblies5331,8
testassemblies583,8
testassemblies6295,8
testassemblies6892,8
testassemblies6957,8
testassemblies809,8
testassemblies1059,7
testassemblies1345,7
testassemblies1560,7
testassemblies1751,7
testassemblies1842,7
testassemblies2101,7
testassemblies2225,7
testassemblies2634,7
testassemblies3075,7
testassemblies351,7
testassemblies3775,7
testassemblies3788,7
testassemblies4193,7
testassemblies4468,7
testassemblies4756,7
testassemblies6093,7
testassemblies6184,7
testassemblies6344,7
testassemblies6949,7
testassemblies7035,7
testassemblies7115,7
testassemblies917,7
testassemblies120,6
testassemblies1417,6
testassemblies1459,6
testassemblies1539,6
testassemblies1574,6
testassemblies1601,6
testassemblies1669,6
testassemblies1783,6
testassemblies1855,6
testassemblies1962,6
testassemblies2777,6
testassemblies2977,6
testassemblies2997,6
testassemblies3437,6
testassemblies3535,6
testassemblies3735,6
testassemblies4366,6
testassemblies4708,6
testassemblies6694,6
testassemblies6784,6
testassemblies7300,6
testassemblies1013,5
testassemblies119,5
testassemblies1558,5
testassemblies2315,5
testassemblies2929,5
testassemblies3503,5
testassemblies3513,5
testassemblies3530,5
testassemblies3716,5
testassemblies4541,5
testassemblies4553,5
testassemblies4886,5
testassemblies5168,5
testassemblies5416,5
testassemblies5633,5
testassemblies598,5
testassemblies6682,5
testassemblies6860,5
testassemblies702,5
testassemblies7120,5
testassemblies772,5
testassemblies1070,4
testassemblies1081,4
testassemblies1359,4
testassemblies1439,4
testassemblies1550,4
testassemblies1852,4
testassemblies1,4
testassemblies2119,4
testassemblies2191,4
testassemblies2344,4
testassemblies2396,4
testassemblies2462,4
testassemblies2514,4
testassemblies3184,4
testassemblies4157,4
testassemblies4188,4
testassemblies4194,4
testassemblies4531,4
testassemblies509,4
testassemblies5675,4
testassemblies5933,4
testassemblies6268,4
testassemblies6934,4
testassemblies7347,4
testassemblies928,4
testassemblies1123,3
testassemblies1190,3
testassemblies1464,3
testassemblies1633,3
testassemblies1729,3
testassemblies1752,3
testassemblies1985,3
testassemblies2314,3
testassemblies2926,3
testassemblies3221,3
testassemblies3373,3
testassemblies3533,3
testassemblies3777,3
testassemblies3846,3
testassemblies4442,3
testassemblies4545,3
testassemblies4604,3
testassemblies4633,3
testassemblies4700,3
testassemblies5542,3
testassemblies6144,3
testassemblies6240,3
testassemblies629,3
testassemblies6692,3
testassemblies6704,3
testassemblies6779,3
testassemblies7044,3
testassemblies7319,3
testassemblies873,3
testassemblies935,3
testassemblies1026,2
testassemblies1168,2
testassemblies117,2
testassemblies1255,2
testassemblies1471,2
testassemblies1494,2
testassemblies1534,2
testassemblies1542,2
testassemblies1676,2
testassemblies1686,2
testassemblies1693,2
testassemblies1747,2
testassemblies1809,2
testassemblies1865,2
testassemblies1899,2
testassemblies1928,2
testassemblies2338,2
testassemblies2671,2
testassemblies2715,2
testassemblies2739,2
testassemblies2839,2
testassemblies2927,2
testassemblies2947,2
testassemblies2980,2
testassemblies3011,2
testassemblies308,2
testassemblies3115,2
testassemblies3938,2
testassemblies4576,2
testassemblies4703,2
testassemblies4890,2
testassemblies5248,2
testassemblies5292,2
testassemblies5353,2
testassemblies545,2
testassemblies5725,2
testassemblies5983,2
testassemblies6182,2
testassemblies6340,2
testassemblies6447,2
testassemblies6554,2
testassemblies6600,2
testassemblies6632,2
testassemblies6975,2
testassemblies7082,2
testassemblies7201,2
testassemblies7240,2
testassemblies793,2
testassemblies1027,1
testassemblies1143,1
testassemblies1150,1
testassemblies1248,1
testassemblies1254,1
testassemblies1332,1
testassemblies1404,1
testassemblies1516,1
testassemblies1591,1
testassemblies1719,1
testassemblies1727,1
testassemblies1838,1
testassemblies1948,1
testassemblies1950,1
testassemblies2255,1
testassemblies315,1
testassemblies318,1
testassemblies3525,1
testassemblies3799,1
testassemblies3847,1
testassemblies4238,1
testassemblies445,1
testassemblies4548,1
testassemblies4807,1
testassemblies4880,1
testassemblies4889,1
testassemblies4907,1
testassemblies4916,1
testassemblies5095,1
testassemblies5307,1
testassemblies5987,1
testassemblies6022,1
testassemblies6092,1
testassemblies6122,1
testassemblies6128,1
testassemblies642,1
testassemblies6655,1
testassemblies6746,1
testassemblies6997,1
testassemblies7118,1
testassemblies7253,1
testassemblies731,1
testassemblies762,1
testassemblies852,1
testassemblies915,1
testassemblies943,1
