47279,testassemblies2060
44505,testassemblies828
38265,testassemblies2603
35705,testassemblies2213
34004,testassemblies222
30847,testassemblies1514
30411,testassemblies354
30258,testassemblies1103
29067,testassemblies2076
28787,testassemblies1613
26975,testassemblies2619
26784,testassemblies1862
26389,testassemblies992
26084,testassemblies3064
25032,testassemblies1368
24916,testassemblies849
24794,testassemblies2092
24227,testassemblies988
24109,testassemblies185
24077,testassemblies542
23204,testassemblies3279
22656,testassemblies250
22510,testassemblies391
22502,testassemblies529
22405,testassemblies837
22157,testassemblies1971
22057,testassemblies566
22050,testassemblies1039
21771,testassemblies1784
21202,testassemblies1088
21140,testassemblies2045
20920,testassemblies1625
20885,testassemblies3124
20828,testassemblies1417
20440,testassemblies985
20177,testassemblies834
20035,testassemblies1612
20025,testassemblies206
19975,testassemblies583
19792,testassemblies2462
19462,testassemblies1985
19282,testassemblies844
19074,testassemblies1192
19041,testassemblies1152
18870,testassemblies1947
18479,testassemblies557
18200,testassemblies880
18193,testassemblies3337
18112,testassemblies1290
18108,testassemblies3278
17888,testassemblies430
17762,testassemblies1305
17577,testassemblies690
17569,testassemblies681
17506,testassemblies1951
17393,testassemblies908
17192,testassemblies1191
17140,testassemblies1074
17079,testassemblies2448
16805,testassemblies2589
16558,testassemblies616
16506,testassemblies1469
15764,testassemblies955
15763,testassemblies716
15603,testassemblies1608
15476,testassemblies2326
15440,testassemblies1911
15360,testassemblies3257
15304,testassemblies1789
15255,testassemblies2569
15023,testassemblies3091
15004,testassemblies3099
14973,testassemblies835
14962,testassemblies991
14861,testassemblies2411
14707,testassemblies2622
14611,testassemblies954
14551,testassemblies2148
14540,testassemblies1536
14526,testassemblies1337
14526,testassemblies2642
14460,testassemblies1790
14442,testassemblies437
14325,testassemblies2574
14256,testassemblies1770
14216,testassemblies390
14199,testassemblies2365
14189,testassemblies2747
14178,testassemblies1235
14091,testassemblies1413
13922,testassemblies2015
13793,testassemblies2481
13767,testassemblies2100
13749,testassemblies1889
13746,testassemblies558
13692,testassemblies1048
13633,testassemblies2292
13560,testassemblies2959
13553,testassemblies1363
13541,testassemblies1428
13383,testassemblies2274
13371,testassemblies2386
13318,testassemblies1037
13244,testassemblies1899
13176,testassemblies1415
13045,testassemblies3110
12935,testassemblies3333
12861,testassemblies2441
12776,testassemblies2313
12671,testassemblies309
12665,testassemblies2108
12624,testassemblies2643
12514,testassemblies2811
12450,testassemblies3310
12328,testassemblies814
12266,testassemblies2231
12173,testassemblies2164
12109,testassemblies1086
11985,testassemblies1577
11890,testassemblies2844
11836,testassemblies1555
11666,testassemblies1533
11655,testassemblies2314
11654,testassemblies1552
11652,testassemblies2659
11573,testassemblies11
11519,testassemblies431
11511,testassemblies2446
11502,testassemblies204
11486,testassemblies1532
11486,testassemblies2520
11471,testassemblies392
11276,testassemblies2704
11216,testassemblies2067
11109,testassemblies2834
10959,testassemblies743
10954,testassemblies1185
10936,testassemblies2149
10895,testassemblies367
10885,testassemblies268
10855,testassemblies1466
10691,testassemblies1909
10634,testassemblies2654
10599,testassemblies598
10547,testassemblies652
10478,testassemblies1023
10468,testassemblies615
10462,testassemblies1357
10394,testassemblies1291
10366,testassemblies2307
10249,testassemblies2518
10174,testassemblies808
10155,testassemblies2125
10122,testassemblies2482
10089,testassemblies1550
9963,testassemblies3123
9929,testassemblies2606
9854,testassemblies1768
9739,testassemblies738
9736,testassemblies1656
9733,testassemblies2461
9616,testassemblies1623
9408,testassemblies1959
9388,testassemblies1771
9378,testassemblies1421
9369,testassemblies912
9369,testassemblies2559
9354,testassemblies1940
9214,testassemblies2705
9157,testassemblies308
9110,testassemblies1944
9103,testassemblies2646
9050,testassemblies203
8988,testassemblies1772
8942,testassemblies1409
8917,testassemblies1767
8899,testassemblies2161
8859,testassemblies2480
8827,testassemblies2595
8765,testassemblies2764
8680,testassemblies1150
8673,testassemblies2664
8662,testassemblies1908
8617,testassemblies1479
8608,testassemblies1283
8603,testassemblies1219
8580,testassemblies1005
8527,testassemblies452
8494,testassemblies2998
8463,testassemblies307
8430,testassemblies1646
8401,testassemblies2653
8387,testassemblies1787
8315,testassemblies1182
8283,testassemblies1378
8263,testassemblies655
8254,testassemblies2183
8223,testassemblies757
8201,testassemblies2499
8168,testassemblies1546
8100,testassemblies1226
8036,testassemblies1719
8019,testassemblies1043
8011,testassemblies879
7982,testassemblies1752
7969,testassemblies944
7895,testassemblies1914
7887,testassemblies733
7853,testassemblies1692
7814,testassemblies2078
7799,testassemblies2341
7758,testassemblies1171
7755,testassemblies1660
7726,testassemblies1917
7700,testassemblies2889
7686,testassemblies2928
7671,testassemblies2105
7663,testassemblies701
7635,testassemblies315
7629,testassemblies1647
7617,testassemblies2852
7616,testassemblies3022
7593,testassemblies2154
7578,testassemblies2467
7565,testassemblies1323
7525,testassemblies1969
7520,testassemblies2670
7498,testassemblies2348
7483,testassemblies2915
7451,testassemblies1072
7429,testassemblies1680
7419,testassemblies1945
7351,testassemblies841
7341,testassemblies2651
7330,testassemblies2550
7330,testassemblies3016
7305,testassemblies2262
7287,testassemblies1720
7284,testassemblies2220
7230,testassemblies2184
7220,testassemblies1919
7179,testassemblies1754
7164,testassemblies1289
7141,testassemblies2035
7125,testassemblies1350
7104,testassemblies2328
7043,testassemblies2374
7040,testassemblies1137
7028,testassemblies1599
7027,testassemblies2215
7020,testassemblies2359
7011,testassemblies2143
6980,testassemblies1664
6955,testassemblies405
6949,testassemblies1939
6944,testassemblies3161
6942,testassemblies2044
6935,testassemblies478
6930,testassemblies1389
6904,testassemblies756
6869,testassemblies1551
6865,testassemblies2319
6864,testassemblies2950
6841,testassemblies1344
6830,testassemblies2743
6782,testassemblies1538
6762,testassemblies1973
6742,testassemblies1667
6735,testassemblies3359
6727,testassemblies1353
6718,testassemblies735
6707,testassemblies1694
6687,testassemblies1995
6682,testassemblies809
6655,testassemblies2138
6650,testassemblies647
6640,testassemblies1408
6613,testassemblies1891
6590,testassemblies2914
6590,testassemblies3087
6580,testassemblies2645
6572,testassemblies2478
6559,testassemblies1629
6540,testassemblies1615
6495,testassemblies911
6485,testassemblies1982
6472,testassemblies1746
6444,testassemblies1107
6431,testassemblies1089
6431,testassemblies2556
6414,testassemblies2517
6407,testassemblies843
6395,testassemblies527
6378,testassemblies479
6359,testassemblies2116
6356,testassemblies1177
6339,testassemblies776
6309,testassemblies2502
6300,testassemblies2796
6255,testassemblies537
6250,testassemblies2288
6244,testassemblies2711
6243,testassemblies2954
6239,testassemblies3001
6209,testassemblies2427
6204,testassemblies2106
6181,testassemblies570
6180,testassemblies2196
6170,testassemblies256
6163,testassemblies1101
6161,testassemblies3177
6157,testassemblies1895
6156,testassemblies2701
6153,testassemblies257
6149,testassemblies2004
6140,testassemblies2209
6133,testassemblies277
6128,testassemblies831
6125,testassemblies569
6117,testassemblies957
6110,testassemblies2412
6110,testassemblies2981
6109,testassemblies3167
6107,testassemblies436
6103,testassemblies2666
6094,testassemblies1351
6090,testassemblies389
6090,testassemblies401
6090,testassemblies1102
6086,testassemblies322
6075,testassemblies2357
6067,testassemblies1524
6062,testassemblies1352
6056,testassemblies434
6055,testassemblies317
6053,testassemblies914
6053,testassemblies1474
6048,testassemblies1946
6045,testassemblies1444
6043,testassemblies388
6037,testassemblies2700
6035,testassemblies3054
6035,testassemblies3223
6031,testassemblies2906
6028,testassemblies526
6022,testassemblies1601
6019,testassemblies857
6017,testassemblies249
6015,testassemblies1050
6013,testassemblies3148
6012,testassemblies836
6011,testassemblies2277
6011,testassemblies2746
6007,testassemblies1633
6000,testassemblies777
5998,testassemblies1104
5998,testassemblies3079
5995,testassemblies262
5995,testassemblies3097
5991,testassemblies3012
5986,testassemblies2249
5985,testassemblies3052
5984,testassemblies2038
5983,testassemblies1181
5983,testassemblies1282
5983,testassemblies1373
5973,testassemblies2820
5969,testassemblies435
5964,testassemblies619
5963,testassemblies2340
5960,testassemblies3089
5957,testassemblies2364
5954,testassemblies2958
5953,testassemblies3232
5952,testassemblies2032
5946,testassemblies400
5944,testassemblies3180
5942,testassemblies428
5942,testassemblies1510
5941,testassemblies1299
5941,testassemblies1652
5941,testassemblies3182
5937,testassemblies1325
5937,testassemblies2221
5934,testassemblies1446
5933,testassemblies2484
5932,testassemblies2104
5928,testassemblies559
5927,testassemblies3288
5926,testassemblies2442
5915,testassemblies2965
5914,testassemblies1427
5908,testassemblies3242
5905,testassemblies935
5905,testassemblies3152
5904,testassemblies1234
5899,testassemblies2115
5899,testassemblies3258
5892,testassemblies2900
5889,testassemblies1445
5885,testassemblies2385
5885,testassemblies3067
5882,testassemblies3093
5879,testassemblies2337
5876,testassemblies191
5873,testassemblies3213
5871,testassemblies3129
5866,testassemblies3221
5859,testassemblies1760
5858,testassemblies2053
5853,testassemblies326
5853,testassemblies1342
5853,testassemblies2019
5852,testassemblies1179
5851,testassemblies3159
5847,testassemblies2449
5845,testassemblies3108
5837,testassemblies1699
5820,testassemblies2219
5810,testassemblies1047
5807,testassemblies2828
5795,testassemblies3081
5793,testassemblies1822
5791,testassemblies2054
5782,testassemblies3195
5778,testassemblies1747
5772,testassemblies1708
5771,testassemblies1091
5764,testassemblies332
5762,testassemblies387
5752,testassemblies1452
5745,testassemblies1412
5743,testassemblies1894
5731,testassemblies3135
5730,testassemblies1539
5726,testassemblies1744
5726,testassemblies1925
5718,testassemblies1967
5710,testassemblies1078
5709,testassemblies3065
5707,testassemblies2279
5703,testassemblies1038
5700,testassemblies2438
5698,testassemblies2738
5685,testassemblies852
5672,testassemblies426
5666,testassemblies1339
5666,testassemblies1527
5665,testassemblies2745
5663,testassemblies1073
5661,testassemblies1888
5659,testassemblies1885
5656,testassemblies2719
5652,testassemblies760
5651,testassemblies1366
5650,testassemblies2381
5646,testassemblies1197
5636,testassemblies1851
5635,testassemblies973
5634,testassemblies3027
5610,testassemblies3306
5606,testassemblies3336
5602,testassemblies1821
5602,testassemblies1840
5598,testassemblies2217
5595,testassemblies2601
5589,testassemblies2144
5586,testassemblies2690
5575,testassemblies2239
5575,testassemblies2930
5575,testassemblies3301
5564,testassemblies3354
5563,testassemblies2905
5558,testassemblies680
5558,testassemblies2130
5556,testassemblies762
5556,testassemblies2602
5555,testassemblies1537
5547,testassemblies352
5546,testassemblies3327
5543,testassemblies3269
5542,testassemblies1631
5536,testassemblies692
5535,testassemblies1288
5531,testassemblies575
5515,testassemblies2892
5511,testassemblies2548
5506,testassemblies2347
5502,testassemblies2214
5496,testassemblies807
5493,testassemblies1983
5490,testassemblies482
5488,testassemblies409
5486,testassemblies1953
5484,testassemblies1465
5481,testassemblies1892
5476,testassemblies3186
5470,testassemblies2623
5467,testassemblies3111
5466,testassemblies2788
5437,testassemblies2188
5435,testassemblies424
5432,testassemblies2107
5431,testassemblies917
5427,testassemblies366
5424,testassemblies3308
5423,testassemblies1691
5421,testassemblies2131
5420,testassemblies1287
5414,testassemblies3255
5413,testassemblies1695
5406,testassemblies3094
5397,testassemblies764
5391,testassemblies1414
5385,testassemblies2780
5381,testassemblies2522
5377,testassemblies715
5370,testassemblies2879
5350,testassemblies2472
5348,testassemblies1485
5347,testassemblies3143
5340,testassemblies2463
5338,testassemblies1758
5331,testassemblies1846
5330,testassemblies432
5330,testassemblies2624
5324,testassemblies318
5315,testassemblies1819
5314,testassemblies2857
5311,testassemblies2420
5310,testassemblies651
5309,testassemblies1950
5305,testassemblies2234
5303,testassemblies2894
5298,testassemblies2594
5294,testassemblies713
5274,testassemblies882
5273,testassemblies2614
5272,testassemblies2582
5271,testassemblies408
5264,testassemblies2637
5256,testassemblies484
5254,testassemblies853
5254,testassemblies1166
5253,testassemblies3144
5253,testassemblies3338
5241,testassemblies689
5240,testassemblies595
5240,testassemblies2694
5236,testassemblies2638
5227,testassemblies2620
5224,testassemblies2248
5220,testassemblies2618
5204,testassemblies983
5203,testassemblies2957
5199,testassemblies3203
5197,testassemblies1504
5197,testassemblies2403
5191,testassemblies2145
5191,testassemblies2425
5180,testassemblies2878
5175,testassemblies2036
5167,testassemblies1280
5157,testassemblies2988
5156,testassemblies2493
5154,testassemblies2055
5151,testassemblies833
5145,testassemblies1605
5136,testassemblies2655
5122,testassemblies1580
5115,testassemblies2339
5114,testassemblies2123
5106,testassemblies274
5097,testassemblies195
5071,testassemblies2533
5060,testassemblies1355
5054,testassemblies2579
5049,testassemblies353
5048,testassemblies2727
5040,testassemblies812
5038,testassemblies2584
5034,testassemblies2882
5028,testassemblies2506
5021,testassemblies987
5018,testassemblies1281
5017,testassemblies1715
5013,testassemblies1858
5010,testassemblies2530
4999,testassemblies480
4996,testassemblies209
4990,testassemblies201
4986,testassemblies1626
4976,testassemblies1904
4967,testassemblies267
4966,testassemblies2886
4951,testassemblies714
4947,testassemblies2059
4946,testassemblies2431
4945,testassemblies2723
4943,testassemblies3026
4942,testassemblies2039
4936,testassemblies2639
4932,testassemblies1382
4931,testassemblies1139
4922,testassemblies3092
4912,testassemblies742
4900,testassemblies1505
4892,testassemblies2783
4891,testassemblies1896
4883,testassemblies2542
4872,testassemblies2043
4868,testassemblies2033
4864,testassemblies1655
4861,testassemblies790
4847,testassemblies2351
4845,testassemblies1870
4841,testassemblies2605
4838,testassemblies2304
4832,testassemblies3277
4828,testassemblies2237
4823,testassemblies3256
4821,testassemblies3032
4818,testassemblies766
4818,testassemblies2079
4817,testassemblies1611
4814,testassemblies3302
4809,testassemblies449
4802,testassemblies1829
4801,testassemblies2308
4799,testassemblies1669
4798,testassemblies648
4793,testassemblies2363
4789,testassemblies2675
4767,testassemblies3122
4764,testassemblies2843
4762,testassemblies2964
4757,testassemblies311
4757,testassemblies1010
4753,testassemblies2806
4751,testassemblies1893
4749,testassemblies2497
4744,testassemblies2362
4737,testassemblies190
4734,testassemblies3331
4733,testassemblies2437
4727,testassemblies1172
4727,testassemblies1292
4724,testassemblies1861
4721,testassemblies1972
4714,testassemblies2287
4706,testassemblies1842
4705,testassemblies2658
4695,testassemblies858
4695,testassemblies1030
4691,testassemblies1468
4688,testassemblies1597
4684,testassemblies1598
4676,testassemblies1614
4672,testassemblies485
4670,testassemblies2689
4668,testassemblies1087
4667,testassemblies922
4656,testassemblies3216
4651,testassemblies1403
4648,testassemblies3096
4637,testassemblies703
4637,testassemblies1645
4632,testassemblies2621
4628,testassemblies2021
4627,testassemblies1970
4585,testassemblies2976
4579,testassemblies1264
4578,testassemblies3158
4574,testassemblies1077
4571,testassemblies1061
4571,testassemblies3181
4566,testassemblies1938
4565,testassemblies1184
4563,testassemblies1096
4559,testassemblies1348
4537,testassemblies1420
4531,testassemblies1379
4519,testassemblies3185
4515,testassemblies2278
4509,testassemblies650
4496,testassemblies688
4494,testassemblies2282
4492,testassemblies1436
4485,testassemblies3104
4482,testassemblies3000
4463,testassemblies1111
4462,testassemblies3049
4451,testassemblies1008
4449,testassemblies2613
4433,testassemblies1855
4433,testassemblies2432
4425,testassemblies2526
4422,testassemblies2284
4420,testassemblies1296
4419,testassemblies393
4408,testassemblies953
4406,testassemblies2200
4404,testassemblies653
4404,testassemblies1781
4403,testassemblies2672
4403,testassemblies3003
4392,testassemblies451
4386,testassemblies730
4373,testassemblies2921
4370,testassemblies2465
4356,testassemblies2163
4343,testassemblies1910
4335,testassemblies1863
4334,testassemblies1689
4318,testassemblies938
4318,testassemblies1764
4304,testassemblies2460
4303,testassemblies2280
4302,testassemblies2132
4296,testassemblies2281
4289,testassemblies2609
4288,testassemblies1011
4272,testassemblies199
4272,testassemblies2318
4271,testassemblies1949
4265,testassemblies1364
4260,testassemblies1042
4255,testassemblies1472
4254,testassemblies2505
4249,testassemblies2858
4248,testassemblies469
4248,testassemblies2336
4246,testassemblies2573
4242,testassemblies2056
4242,testassemblies2447
4238,testassemblies1512
4237,testassemblies3212
4235,testassemblies1371
4224,testassemblies2635
4218,testassemblies2578
4215,testassemblies3119
4207,testassemblies2074
4203,testassemblies2862
4201,testassemblies3060
4192,testassemblies2835
4191,testassemblies490
4191,testassemblies1687
4184,testassemblies3231
4181,testassemblies696
4174,testassemblies411
4173,testassemblies2376
4161,testassemblies1857
4160,testassemblies192
4155,testassemblies1833
4146,testassemblies2968
4132,testassemblies772
4124,testassemblies3004
4112,testassemblies291
4083,testassemblies2790
4079,testassemblies711
4078,testassemblies2774
4077,testassemblies331
4073,testassemblies2082
4054,testassemblies1453
4042,testassemblies2604
4039,testassemblies1513
4034,testassemblies425
4029,testassemblies1310
4024,testassemblies2012
4017,testassemblies1968
4015,testassemblies1203
4007,testassemblies1668
3988,testassemblies2836
3985,testassemblies2737
3957,testassemblies1520
3937,testassemblies1019
3936,testassemblies3061
3932,testassemblies830
3927,testassemblies3151
3919,testassemblies2224
3907,testassemblies1432
3907,testassemblies1584
3902,testassemblies2117
3895,testassemblies433
3886,testassemblies2877
3882,testassemblies1416
3882,testassemblies1541
3876,testassemblies1045
3870,testassemblies1205
3864,testassemblies768
3847,testassemblies1788
3844,testassemblies3194
3842,testassemblies2941
3840,testassemblies2718
3826,testassemblies1663
3813,testassemblies597
3803,testassemblies2147
3803,testassemblies2247
3798,testassemblies1653
3794,testassemblies1578
3794,testassemblies2186
3791,testassemblies915
3790,testassemblies1657
3787,testassemblies1167
3787,testassemblies2712
3786,testassemblies1954
3780,testassemblies785
3778,testassemblies1435
3777,testassemblies1800
3776,testassemblies572
3772,testassemblies1375
3771,testassemblies2896
3769,testassemblies2435
3768,testassemblies1753
3762,testassemblies196
3758,testassemblies2837
3756,testassemblies3227
3753,testassemblies3303
3751,testassemblies189
3749,testassemblies3160
3748,testassemblies810
3747,testassemblies556
3747,testassemblies1109
3742,testassemblies2992
3741,testassemblies1489
3738,testassemblies1419
3730,testassemblies2207
3707,testassemblies208
3705,testassemblies2369
3699,testassemblies461
3699,testassemblies941
3698,testassemblies1473
3689,testassemblies2226
3679,testassemblies2291
3674,testassemblies1900
3674,testassemblies2384
3667,testassemblies2361
3661,testassemblies2724
3656,testassemblies2937
3652,testassemblies1921
3648,testassemblies2343
3640,testassemblies1994
3622,testassemblies1451
3610,testassemblies1830
3608,testassemblies1506
3608,testassemblies2885
3598,testassemblies3249
3597,testassemblies2062
3588,testassemblies1093
3582,testassemblies2912
3578,testassemblies2458
3570,testassemblies1308
3569,testassemblies3339
3565,testassemblies2077
3553,testassemblies1952
3553,testassemblies2303
3552,testassemblies923
3541,testassemblies1009
3532,testassemblies2761
3530,testassemblies1034
3528,testassemblies547
3520,testassemblies956
3515,testassemblies1335
3494,testassemblies1869
3487,testassemblies1464
3484,testassemblies2503
3483,testassemblies2847
3479,testassemblies1826
3471,testassemblies2755
3457,testassemblies827
3449,testassemblies614
3442,testassemblies1040
3434,testassemblies698
3425,testassemblies539
3414,testassemblies2118
3413,testassemblies1609
3402,testassemblies2549
3383,testassemblies2112
3376,testassemblies1763
3373,testassemblies2763
3369,testassemblies2871
3364,testassemblies429
3361,testassemblies2235
3358,testassemblies1803
3358,testassemblies2103
3343,testassemblies1013
3329,testassemblies2416
3317,testassemblies1449
3314,testassemblies3109
3310,testassemblies1756
3304,testassemblies1084
3303,testassemblies2229
3287,testassemblies2923
3276,testassemblies765
3276,testassemblies1676
3273,testassemblies2020
3266,testassemblies464
3249,testassemblies2198
3244,testassemblies305
3228,testassemblies2151
3222,testassemblies2669
3218,testassemblies1275
3216,testassemblies2734
3212,testassemblies1528
3211,testassemblies371
3211,testassemblies2306
3207,testassemblies2382
3203,testassemblies1745
3193,testassemblies2114
3177,testassemblies2809
3167,testassemblies2316
3162,testassemblies194
3162,testassemblies1717
3146,testassemblies363
3129,testassemblies3090
3122,testassemblies2772
3107,testassemblies1163
3104,testassemblies2951
3098,testassemblies2570
3096,testassemblies1397
3095,testassemblies2842
3082,testassemblies544
3081,testassemblies2947
3073,testassemblies1033
3060,testassemblies2769
3044,testassemblies3172
3043,testassemblies226
3038,testassemblies1027
3030,testassemblies1924
3029,testassemblies2338
3026,testassemblies788
3024,testassemblies2372
3017,testassemblies2538
3014,testassemblies3036
3009,testassemblies2159
3008,testassemblies669
3000,testassemblies2547
2984,testassemblies2087
2976,testassemblies2838
2975,testassemblies2970
2932,testassemblies1801
2929,testassemblies1759
2921,testassemblies1202
2915,testassemblies1113
2899,testassemblies1956
2899,testassemblies2120
2881,testassemblies1762
2871,testassemblies845
2863,testassemblies2366
2856,testassemblies2696
2851,testassemblies2631
2843,testassemblies685
2831,testassemblies2853
2826,testassemblies560
2821,testassemblies2698
2820,testassemblies2513
2816,testassemblies1499
2804,testassemblies1765
2791,testassemblies1542
2788,testassemblies1607
2786,testassemblies2368
2783,testassemblies2687
2781,testassemblies2173
2774,testassemblies2378
2774,testassemblies2800
2771,testassemblies1476
2758,testassemblies1462
2756,testassemblies2299
2748,testassemblies1737
2746,testassemblies2223
2746,testassemblies2593
2744,testassemblies385
2740,testassemblies881
2736,testassemblies3053
2711,testassemblies2678
2704,testassemblies855
2698,testassemblies1596
2698,testassemblies3193
2688,testassemblies2195
2687,testassemblies2269
2681,testassemblies1775
2681,testassemblies2119
2663,testassemblies1777
2661,testassemblies3284
2651,testassemblies2479
2642,testassemblies1036
2642,testassemblies2555
2640,testassemblies2567
2639,testassemblies602
2637,testassemblies2008
2624,testassemblies2146
2600,testassemblies550
2597,testassemblies2071
2597,testassemblies2349
2592,testassemblies1779
2583,testassemblies1321
2566,testassemblies1169
2560,testassemblies2903
2559,testassemblies1222
2558,testassemblies1404
2556,testassemblies1138
2555,testassemblies205
2550,testassemblies1740
2545,testassemblies2729
2543,testassemblies2325
2529,testassemblies2329
2527,testassemblies374
2524,testassemblies2648
2518,testassemblies1194
2511,testassemblies2888
2505,testassemblies1749
2499,testassemblies1216
2486,testassemblies2636
2482,testassemblies2626
2473,testassemblies2757
2471,testassemblies1001
2471,testassemblies1918
2469,testassemblies3292
2453,testassemblies1722
2451,testassemblies974
2448,testassemblies528
2448,testassemblies2662
2447,testassemblies2560
2440,testassemblies2967
2439,testassemblies1649
2439,testassemblies3033
2436,testassemblies197
2433,testassemblies2972
2430,testassemblies2216
2430,testassemblies2943
2413,testassemblies741
2403,testassemblies1624
2401,testassemblies801
2392,testassemblies2598
2385,testassemblies1175
2376,testassemblies1384
2375,testassemblies1327
2374,testassemblies2027
2373,testassemblies1839
2362,testassemblies682
2359,testassemblies1716
2355,testassemblies1487
2353,testassemblies1258
2350,testassemblies1252
2346,testassemblies1400
2342,testassemblies23
2340,testassemblies1278
2336,testassemblies2633
2330,testassemblies3030
2329,testassemblies1426
2321,testassemblies278
2316,testassemblies2210
2304,testassemblies2674
2301,testassemblies613
2295,testassemblies1433
2293,testassemblies1766
2288,testassemblies1548
2288,testassemblies2137
2280,testassemblies950
2276,testassemblies1198
2275,testassemblies1621
2269,testassemblies2095
2267,testassemblies2695
2258,testassemblies2563
2246,testassemblies1583
2243,testassemblies1144
2241,testassemblies3047
2235,testassemblies2735
2230,testassemblies1831
2227,testassemblies1480
2224,testassemblies548
2220,testassemblies2693
2217,testassemblies2818
2203,testassemblies2768
2199,testassemblies3207
2196,testassemblies2323
2195,testassemblies2089
2186,testassemblies3178
2181,testassemblies1354
2175,testassemblies184
2171,testassemblies2874
2170,testassemblies2916
2155,testassemblies3023
2151,testassemblies228
2149,testassemblies163
2143,testassemblies1062
2143,testassemblies1850
2138,testassemblies1106
2128,testassemblies1097
2123,testassemblies975
2123,testassemblies1853
2117,testassemblies3058
2114,testassemblies1881
2107,testassemblies3222
2100,testassemblies3247
2094,testassemblies1755
2087,testassemblies3311
2083,testassemblies599
2046,testassemblies2676
2044,testassemblies2429
2041,testassemblies1986
2038,testassemblies2157
2037,testassemblies2540
2035,testassemblies10
2029,testassemblies1251
2015,testassemblies2296
2003,testassemblies687
2003,testassemblies2709
1988,testassemblies1114
1984,testassemblies1100
1973,testassemblies2536
1969,testassemblies2023
1968,testassemblies593
1946,testassemblies2920
1943,testassemblies2080
1941,testassemblies3184
1938,testassemblies1148
1936,testassemblies2075
1933,testassemblies1554
1925,testassemblies2891
1914,testassemblies851
1914,testassemblies2553
1902,testassemblies872
1901,testassemblies994
1898,testassemblies2703
1888,testassemblies1515
1888,testassemblies2285
1885,testassemblies3028
1875,testassemblies1201
1875,testassemblies3280
1874,testassemblies330
1867,testassemblies821
1861,testassemblies1029
1859,testassemblies2474
1851,testassemblies136
1849,testassemblies2707
1848,testassemblies1880
1844,testassemblies1149
1843,testassemblies1540
1842,testassemblies2041
1841,testassemblies1174
1841,testassemblies2528
1837,testassemblies350
1831,testassemblies2644
1828,testassemblies840
1827,testassemblies2531
1825,testassemblies1706
1807,testassemblies1360
1805,testassemblies3248
1799,testassemblies1250
1796,testassemblies2356
1796,testassemblies3098
1794,testassemblies3103
1792,testassemblies926
1785,testassemblies2443
1782,testassemblies896
1776,testassemblies3273
1772,testassemblies2290
1771,testassemblies1224
1762,testassemblies3176
1755,testassemblies3107
1754,testassemblies340
1721,testassemblies1018
1715,testassemblies316
1712,testassemblies1151
1712,testassemblies1347
1711,testassemblies3115
1710,testassemblies1923
1705,testassemblies819
1703,testassemblies2150
1699,testassemblies3044
1692,testassemblies1906
1688,testassemblies816
1680,testassemblies2925
1679,testassemblies2380
1676,testassemblies1530
1670,testassemblies1059
1667,testassemblies2273
1666,testassemblies1887
1664,testassemblies1223
1662,testassemblies3146
1657,testassemblies2532
1637,testassemblies2322
1630,testassemblies2048
1627,testassemblies2352
1626,testassemblies1697
1626,testassemblies2822
1625,testassemblies1641
1625,testassemblies2335
1624,testassemblies295
1623,testassemblies1026
1617,testassemblies2949
1613,testassemblies686
1613,testassemblies2525
1595,testassemblies1743
1584,testassemblies3344
1581,testassemblies909
1580,testassemblies2565
1575,testassemblies3307
1573,testassemblies2802
1570,testassemblies2798
1568,testassemblies2592
1566,testassemblies460
1561,testassemblies2040
1559,testassemblies2358
1554,testassemblies629
1542,testassemblies2872
1535,testassemblies1679
1534,testassemblies3254
1533,testassemblies3342
1528,testassemblies2726
1526,testassemblies2392
1524,testassemblies2238
1521,testassemblies581
1521,testassemblies1488
1515,testassemblies1406
1506,testassemblies1602
1498,testassemblies2001
1491,testassemblies2785
1488,testassemblies1016
1488,testassemblies2883
1484,testassemblies1665
1483,testassemblies2193
1478,testassemblies1557
1476,testassemblies1429
1474,testassemblies215
1473,testassemblies1620
1459,testassemblies2656
1457,testassemblies2710
1450,testassemblies899
1447,testassemblies1410
1446,testassemblies612
1439,testassemblies1920
1434,testassemblies1651
1427,testassemblies235
1424,testassemblies382
1422,testassemblies1751
1417,testassemblies2819
1416,testassemblies2813
1412,testassemblies335
1402,testassemblies345
1394,testassemblies2133
1392,testassemblies2126
1388,testassemblies2202
1385,testassemblies2854
1383,testassemblies172
1380,testassemblies2568
1375,testassemblies104
1375,testassemblies2232
1373,testassemblies2839
1371,testassemblies1230
1360,testassemblies1727
1358,testassemblies2995
1350,testassemblies2243
1350,testassemblies2893
1349,testassemblies596
1349,testassemblies2979
1346,testassemblies2688
1344,testassemblies2022
1344,testassemblies3356
1342,testassemblies2524
1337,testassemblies2102
1332,testassemblies1143
1329,testassemblies2486
1329,testassemblies3214
1324,testassemblies1065
1322,testassemblies732
1320,testassemblies2939
1315,testassemblies2725
1314,testassemblies3056
1313,testassemblies2508
1305,testassemblies2436
1301,testassemblies1672
1300,testassemblies2096
1299,testassemblies2218
1299,testassemblies2421
1298,testassemblies369
1298,testassemblies1684
1297,testassemblies2529
1293,testassemblies918
1293,testassemblies1996
1290,testassemblies815
1285,testassemblies1774
1285,testassemblies2275
1285,testassemblies2535
1278,testassemblies200
1270,testassemblies1825
1270,testassemblies3019
1262,testassemblies2741
1260,testassemblies2185
1260,testassemblies2865
1256,testassemblies903
1254,testassemblies722
1245,testassemblies2720
1229,testassemblies1905
1229,testassemblies2516
1222,testassemblies2354
1221,testassemblies2850
1217,testassemblies2334
1213,testassemblies2611
1208,testassemblies2245
1205,testassemblies1693
1201,testassemblies427
1197,testassemblies2510
1194,testassemblies1926
1184,testassemblies3219
1182,testassemblies1307
1175,testassemblies3021
1161,testassemblies2014
1156,testassemblies804
1145,testassemblies1358
1141,testassemblies2657
1138,testassemblies1298
1138,testassemblies1700
1136,testassemblies1135
1135,testassemblies2305
1133,testassemblies2047
1130,testassemblies2600
1127,testassemblies2301
1126,testassemblies2969
1123,testassemblies2491
1121,testassemblies1785
1114,testassemblies3072
1107,testassemblies1964
1107,testassemblies2174
1100,testassemblies2205
1095,testassemblies1004
1095,testassemblies1060
1092,testassemblies2311
1081,testassemblies1392
1074,testassemblies2807
1072,testassemblies1797
1064,testassemblies108
1062,testassemblies231
1060,testassemblies1943
1060,testassemblies2098
1056,testassemblies2097
1050,testassemblies710
1048,testassemblies3163
1040,testassemblies2810
1038,testassemblies1507
1029,testassemblies1477
1028,testassemblies384
1025,testassemblies874
1025,testassemblies1333
1022,testassemblies148
1019,testassemblies824
1008,testassemblies2495
1006,testassemblies207
1000,testassemblies1593
992,testassemblies1979
982,testassemblies472
978,testassemblies3226
976,testassemblies2931
974,testassemblies1710
960,testassemblies2072
957,testassemblies212
956,testassemblies2577
955,testassemblies2088
955,testassemblies2353
946,testassemblies676
946,testassemblies2929
938,testassemblies1180
933,testassemblies1998
929,testassemblies967
929,testassemblies3322
927,testassemblies3034
922,testassemblies543
910,testassemblies800
909,testassemblies329
896,testassemblies534
895,testassemblies1592
894,testassemblies1600
892,testassemblies2254
884,testassemblies2851
882,testassemblies1090
874,testassemblies2795
864,testassemblies1852
858,testassemblies1405
852,testassemblies564
847,testassemblies2512
841,testassemblies1025
839,testassemblies617
839,testassemblies2367
830,testassemblies2629
825,testassemblies236
819,testassemblies1890
810,testassemblies1228
805,testassemblies524
804,testassemblies1362
803,testassemblies1582
801,testassemblies1587
801,testassemblies2706
800,testassemblies674
793,testassemblies3208
789,testassemblies59
788,testassemblies1570
776,testassemblies94
775,testassemblies1217
775,testassemblies2081
773,testassemblies2389
772,testassemblies1265
770,testassemblies990
765,testassemblies351
759,testassemblies2490
755,testassemblies2596
753,testassemblies585
749,testassemblies2018
746,testassemblies1703
745,testassemblies2471
742,testassemblies2276
739,testassemblies2585
738,testassemblies1622
738,testassemblies3250
735,testassemblies745
732,testassemblies1316
729,testassemblies1220
729,testassemblies2321
726,testassemblies775
721,testassemblies2786
720,testassemblies2514
717,testassemblies375
711,testassemblies699
709,testassemblies3215
706,testassemblies2500
705,testassemblies3275
703,testassemblies2194
699,testassemblies499
696,testassemblies1571
692,testassemblies679
676,testassemblies2377
671,testassemblies611
668,testassemblies2037
659,testassemblies2625
645,testassemblies1471
642,testassemblies2286
641,testassemblies3251
640,testassemblies2899
631,testassemblies1677
631,testassemblies1912
627,testassemblies740
620,testassemblies1816
619,testassemblies2975
618,testassemblies466
618,testassemblies2271
615,testassemblies56
612,testassemblies2333
607,testassemblies386
607,testassemblies2974
606,testassemblies1120
604,testassemblies976
603,testassemblies607
602,testassemblies2212
598,testassemblies1134
596,testassemblies3317
595,testassemblies795
586,testassemblies1330
586,testassemblies1704
586,testassemblies3069
585,testassemblies227
581,testassemblies1813
577,testassemblies2876
576,testassemblies2580
574,testassemblies2830
572,testassemblies2109
569,testassemblies2330
565,testassemblies2991
561,testassemblies1588
560,testassemblies344
560,testassemblies2978
559,testassemblies349
558,testassemblies3068
557,testassemblies2982
556,testassemblies2960
553,testassemblies237
552,testassemblies888
552,testassemblies2564
549,testassemblies1529
547,testassemblies1782
543,testassemblies2804
543,testassemblies2933
537,testassemblies2748
535,testassemblies2485
535,testassemblies2938
534,testassemblies362
534,testassemblies2571
533,testassemblies1595
529,testassemblies2907
528,testassemblies3055
524,testassemblies782
524,testassemblies3051
519,testassemblies3014
518,testassemblies1269
518,testassemblies2259
515,testassemblies3304
504,testassemblies949
494,testassemblies1274
492,testassemblies338
490,testassemblies847
489,testassemblies1425
487,testassemblies2607
483,testassemblies3095
475,testassemblies1312
471,testassemblies333
466,testassemblies2760
463,testassemblies2180
463,testassemblies2799
461,testassemblies83
458,testassemblies1618
457,testassemblies2815
455,testassemblies234
454,testassemblies1674
454,testassemblies2492
453,testassemblies1713
452,testassemblies734
450,testassemblies2488
445,testassemblies876
439,testassemblies2751
438,testassemblies3086
437,testassemblies355
437,testassemblies379
437,testassemblies2310
436,testassemblies3117
435,testassemblies488
430,testassemblies2483
430,testassemblies2841
429,testassemblies1168
428,testassemblies229
428,testassemblies341
425,testassemblies230
425,testassemblies232
420,testassemblies1832
420,testassemblies3225
419,testassemblies2439
418,testassemblies304
418,testassemblies3170
416,testassemblies1393
415,testassemblies2399
413,testassemblies2987
412,testassemblies38
411,testassemblies2610
409,testassemblies71
404,testassemblies1886
404,testassemblies1976
400,testassemblies2440
396,testassemblies2730
393,testassemblies3031
387,testassemblies443
387,testassemblies2345
383,testassemblies1189
382,testassemblies1776
380,testassemblies2897
379,testassemblies497
376,testassemblies404
374,testassemblies1805
370,testassemblies2141
368,testassemblies2632
367,testassemblies968
364,testassemblies1398
362,testassemblies2393
359,testassemblies579
358,testassemblies2456
357,testassemblies1276
355,testassemblies693
354,testassemblies2272
354,testassemblies2840
352,testassemblies254
351,testassemblies1133
351,testassemblies3018
348,testassemblies2881
347,testassemblies239
347,testassemblies1518
347,testassemblies3320
346,testassemblies1261
346,testassemblies2519
344,testassemblies1431
336,testassemblies89
335,testassemblies1484
335,testassemblies2792
334,testassemblies1142
334,testassemblies1898
331,testassemblies1729
331,testassemblies2575
328,testassemblies25
328,testassemblies2101
325,testassemblies492
322,testassemblies1450
322,testassemblies1523
320,testassemblies2924
318,testassemblies54
316,testassemblies509
312,testassemblies3315
311,testassemblies1332
310,testassemblies877
310,testassemblies3262
308,testassemblies2175
305,testassemblies1285
305,testassemblies2952
304,testassemblies751
301,testassemblies1068
293,testassemblies2612
291,testassemblies1978
287,testassemblies1028
283,testassemblies3237
282,testassemblies2005
281,testassemblies3040
279,testassemblies224
279,testassemblies2401
278,testassemblies671
277,testassemblies1670
276,testassemblies1791
275,testassemblies890
271,testassemblies3179
269,testassemblies287
267,testassemblies3200
266,testassemblies747
265,testassemblies1637
264,testassemblies1186
262,testassemblies683
261,testassemblies1843
260,testassemblies1882
260,testassemblies2136
255,testassemblies1035
253,testassemblies3305
251,testassemblies225
251,testassemblies2702
250,testassemblies3330
249,testassemblies1214
249,testassemblies1495
249,testassemblies1808
249,testassemblies2010
249,testassemblies3246
245,testassemblies3102
242,testassemblies865
241,testassemblies1705
240,testassemblies894
240,testassemblies2135
239,testassemblies2422
238,testassemblies1696
238,testassemblies2049
237,testassemblies471
232,testassemblies1707
227,testassemblies1056
227,testassemblies3348
225,testassemblies1795
224,testassemblies1778
223,testassemblies1960
222,testassemblies1854
221,testassemblies285
220,testassemblies2016
220,testassemblies2699
219,testassemblies2428
219,testassemblies3343
218,testassemblies3100
217,testassemblies769
217,testassemblies3013
216,testassemblies114
216,testassemblies2545
212,testassemblies624
212,testassemblies2128
209,testassemblies545
208,testassemblies2673
206,testassemblies3183
204,testassemblies118
204,testassemblies1396
203,testassemblies2861
201,testassemblies1460
201,testassemblies3271
199,testassemblies518
198,testassemblies1617
197,testassemblies2206
194,testassemblies347
194,testassemblies1709
193,testassemblies2179
190,testassemblies538
188,testassemblies1092
188,testassemblies1124
184,testassemblies1701
182,testassemblies107
180,testassemblies246
180,testassemblies1616
180,testassemblies2309
179,testassemblies1187
177,testassemblies2191
176,testassemblies1257
176,testassemblies2913
176,testassemblies3355
170,testassemblies507
170,testassemblies972
170,testassemblies2521
168,testassemblies861
167,testassemblies1659
166,testassemblies3059
164,testassemblies84
162,testassemblies1961
160,testassemblies3048
159,testassemblies1239
158,testassemblies3229
156,testassemblies633
155,testassemblies398
153,testassemblies98
152,testassemblies233
152,testassemblies1118
152,testassemblies1121
150,testassemblies3156
149,testassemblies1718
149,testassemblies1725
149,testassemblies2203
147,testassemblies863
147,testassemblies2590
147,testassemblies2686
144,testassemblies1241
144,testassemblies2025
144,testassemblies2762
144,testassemblies3296
143,testassemblies356
143,testassemblies931
143,testassemblies1246
143,testassemblies2691
141,testassemblies2315
141,testassemblies2766
141,testassemblies2997
140,testassemblies886
140,testassemblies2812
138,testassemblies66
137,testassemblies530
137,testassemblies2192
135,testassemblies591
135,testassemblies1496
131,testassemblies728
131,testassemblies1566
130,testassemblies1643
130,testassemblies1761
127,testassemblies587
126,testassemblies627
118,testassemblies1272
117,testassemblies102
117,testassemblies238
116,testassemblies140
116,testassemblies169
115,testassemblies546
114,testassemblies640
114,testassemblies707
113,testassemblies1585
112,testassemblies3132
111,testassemblies261
111,testassemblies965
111,testassemblies1966
111,testassemblies2793
110,testassemblies2142
108,testassemblies1440
107,testassemblies1619
107,testassemblies2849
106,testassemblies1002
105,testassemblies513
105,testassemblies3029
103,testassemblies133
103,testassemblies420
102,testassemblies361
101,testassemblies174
101,testassemblies3046
97,testassemblies1769
97,testassemblies3084
96,testassemblies3149
95,testassemblies2295
95,testassemblies2917
94,testassemblies440
94,testassemblies660
93,testassemblies2414
92,testassemblies2996
91,testassemblies244
91,testassemblies2808
91,testassemblies2945
90,testassemblies2494
90,testassemblies2523
89,testassemblies243
89,testassemblies541
87,testassemblies157
87,testassemblies1568
86,testassemblies1173
86,testassemblies2821
83,testassemblies697
83,testassemblies2413
82,testassemblies147
82,testassemblies986
82,testassemblies1262
82,testassemblies1640
81,testassemblies187
81,testassemblies242
81,testassemblies1526
80,testassemblies3218
79,testassemblies665
77,testassemblies128
77,testassemblies364
77,testassemblies1267
77,testassemblies2507
75,testassemblies1248
75,testassemblies2953
74,testassemblies447
74,testassemblies1161
71,testassemblies1320
71,testassemblies1482
70,testassemblies1212
69,testassemblies867
68,testassemblies1902
68,testassemblies2501
67,testassemblies177
67,testassemblies1208
66,testassemblies1981
65,testassemblies829
65,testassemblies2166
65,testassemblies2201
65,testassemblies3173
63,testassemblies455
63,testassemblies897
63,testassemblies2682
63,testassemblies3319
61,testassemblies1992
61,testassemblies3078
61,testassemblies3282
60,testassemblies2680
58,testassemblies1913
58,testassemblies3358
57,testassemblies1878
56,testassemblies1155
55,testassemblies495
54,testassemblies2803
53,testassemblies893
53,testassemblies1844
53,testassemblies3205
53,testassemblies3329
52,testassemblies260
52,testassemblies1095
52,testassemblies1411
52,testassemblies1503
52,testassemblies2388
51,testassemblies180
51,testassemblies182
51,testassemblies933
51,testassemblies3074
50,testassemblies55
50,testassemblies283
49,testassemblies561
49,testassemblies649
49,testassemblies1875
49,testassemblies2927
49,testassemblies3114
48,testassemblies718
48,testassemblies1442
48,testassemblies2732
45,testassemblies176
45,testassemblies475
45,testassemblies1562
45,testassemblies2264
44,testassemblies610
44,testassemblies2781
43,testassemblies797
43,testassemblies946
43,testassemblies1233
43,testassemblies1864
43,testassemblies3009
42,testassemblies1190
42,testassemblies1627
42,testassemblies3188
41,testassemblies247
41,testassemblies2417
41,testassemblies3165
41,testassemblies3244
40,testassemblies213
40,testassemblies2677
39,testassemblies503
38,testassemblies2980
36,testassemblies1634
36,testassemblies1812
35,testassemblies870
35,testassemblies2717
35,testassemblies3197
34,testassemblies293
33,testassemblies52
33,testassemblies608
33,testassemblies884
33,testassemblies1498
33,testassemblies2387
33,testassemblies2758
33,testassemblies3175
33,testassemblies3261
32,testassemblies2222
32,testassemblies3076
31,testassemblies422
31,testassemblies1317
31,testassemblies1690
30,testassemblies131
30,testassemblies961
30,testassemblies1196
30,testassemblies2430
29,testassemblies887
29,testassemblies1345
29,testassemblies2767
29,testassemblies2779
28,testassemblies667
28,testassemblies997
28,testassemblies1678
27,testassemblies773
27,testassemblies1955
26,testassemblies2423
25,testassemblies99
25,testassemblies1015
25,testassemblies2827
24,testassemblies959
24,testassemblies1081
24,testassemblies2225
24,testassemblies2228
24,testassemblies2312
23,testassemblies300
23,testassemblies982
23,testassemblies1238
22,testassemblies774
21,testassemblies901
21,testassemblies1866
21,testassemblies2051
20,testassemblies1714
20,testassemblies2977
20,testassemblies3191
19,testassemblies381
19,testassemblies726
19,testassemblies1154
19,testassemblies1991
19,testassemblies2160
18,testassemblies81
18,testassemblies623
18,testassemblies2406
17,testassemblies1279
17,testassemblies1422
17,testassemblies1845
16,testassemblies76
16,testassemblies1741
16,testassemblies1848
15,testassemblies1076
15,testassemblies1937
15,testassemblies2153
15,testassemblies3140
14,testassemblies783
14,testassemblies1255
14,testassemblies2778
13,testassemblies723
13,testassemblies1094
13,testassemblies2863
12,testassemblies111
12,testassemblies920
12,testassemblies1127
12,testassemblies1304
12,testassemblies1738
12,testassemblies3240
10,testassemblies928
10,testassemblies2986
10,testassemblies3313
9,testassemblies302
9,testassemblies2227
9,testassemblies2994
8,testassemblies153
8,testassemblies154
8,testassemblies1547
8,testassemblies2679
7,testassemblies44
7,testassemblies415
7,testassemblies1572
7,testassemblies1872
7,testassemblies1958
7,testassemblies2557
7,testassemblies2826
7,testassemblies2919
6,testassemblies5
6,testassemblies1324
6,testassemblies3210
6,testassemblies3324
5,testassemblies78
5,testassemblies162
5,testassemblies1430
5,testassemblies1438
5,testassemblies2127
5,testassemblies2251
4,testassemblies549
4,testassemblies1543
4,testassemblies1661
4,testassemblies2246
4,testassemblies3290
3,testassemblies40
3,testassemblies92
3,testassemblies2731
2,testassemblies101
2,testassemblies270
2,testassemblies1295
2,testassemblies1820
2,testassemblies2230
2,testassemblies2470
2,testassemblies2805
1,testassemblies1423
1,testassemblies1941
1,testassemblies2496