testassemblies569,32514
testassemblies814,31104
testassemblies2761,29807
testassemblies1086,29419
testassemblies274,29295
testassemblies880,29074
testassemblies706,28756
testassemblies1375,28678
testassemblies647,27629
testassemblies1861,27500
testassemblies2087,27034
testassemblies2734,26641
testassemblies1148,26471
testassemblies2314,26286
testassemblies2374,26184
testassemblies2499,26039
testassemblies2100,25593
testassemblies2712,25322
testassemblies414,25152
testassemblies413,25146
testassemblies253,25021
testassemblies305,24735
testassemblies2313,24639
testassemblies646,24500
testassemblies2280,24471
testassemblies403,24461
testassemblies2039,24345
testassemblies1947,24121
testassemblies2642,24000
testassemblies1784,23372
testassemblies711,23203
testassemblies2795,22656
testassemblies1023,22388
testassemblies2446,22378
testassemblies1862,22375
testassemblies1899,22279
testassemblies1771,22188
testassemblies1357,22130
testassemblies2411,21814
testassemblies1337,21776
testassemblies1846,21608
testassemblies222,21460
testassemblies2092,21283
testassemblies1092,21267
testassemblies1093,21186
testassemblies2231,21139
testassemblies350,20924
testassemblies1344,20848
testassemblies566,20752
testassemblies2174,20673
testassemblies1196,20663
testassemblies3333,20332
testassemblies1171,20279
testassemblies1557,20015
testassemblies1096,19964
testassemblies1533,19787
testassemblies2696,19360
testassemblies1288,19332
testassemblies2202,19265
testassemblies693,19041
testassemblies1406,18821
testassemblies2850,18731
testassemblies1084,18713
testassemblies2535,18684
testassemblies2927,18576
testassemblies583,18544
testassemblies1527,18474
testassemblies849,18417
testassemblies882,18296
testassemblies2292,18294
testassemblies1659,18244
testassemblies2810,18227
testassemblies1526,18012
testassemblies1946,17964
testassemblies944,17889
testassemblies2467,17776
testassemblies404,17608
testassemblies2230,17571
testassemblies2970,17519
testassemblies2441,17240
testassemblies2416,17176
testassemblies2695,17159
testassemblies1022,17021
testassemblies2229,16862
testassemblies2839,16815
testassemblies385,16750
testassemblies539,16718
testassemblies309,16585
testassemblies2669,16550
testassemblies2888,16501
testassemblies1770,16344
testassemblies2067,16327
testassemblies1028,16201
testassemblies2106,16142
testassemblies2191,16046
testassemblies1945,15910
testassemblies2322,15909
testassemblies523,15752
testassemblies710,15674
testassemblies2664,15659
testassemblies1090,15575
testassemblies2636,15558
testassemblies3047,15558
testassemblies2769,15499
testassemblies1959,15473
testassemblies2520,15397
testassemblies1152,15315
testassemblies2920,15233
testassemblies1660,15180
testassemblies1039,15081
testassemblies1252,14955
testassemblies1971,14917
testassemblies1290,14905
testassemblies844,14897
testassemblies2045,14871
testassemblies652,14869
testassemblies1037,14809
testassemblies1074,14809
testassemblies2998,14737
testassemblies616,14713
testassemblies2098,14620
testassemblies1363,14618
testassemblies2600,14550
testassemblies2193,14524
testassemblies716,14406
testassemblies1435,14387
testassemblies2448,14387
testassemblies2518,14384
testassemblies529,14368
testassemblies2076,14357
testassemblies1551,14327
testassemblies1135,14325
testassemblies1421,14317
testassemblies3251,14295
testassemblies2659,14205
testassemblies1673,14199
testassemblies367,14190
testassemblies2774,14147
testassemblies1088,14121
testassemblies2711,14075
testassemblies835,14060
testassemblies2307,14048
testassemblies1538,14042
testassemblies2164,13983
testassemblies2044,13976
testassemblies2196,13974
testassemblies2482,13963
testassemblies1848,13960
testassemblies1940,13953
testassemblies598,13953
testassemblies1415,13917
testassemblies690,13848
testassemblies954,13821
testassemblies2086,13815
testassemblies1027,13785
testassemblies2559,13785
testassemblies834,13750
testassemblies2704,13707
testassemblies431,13678
testassemblies430,13668
testassemblies976,13655
testassemblies2492,13543
testassemblies615,13508
testassemblies1689,13447
testassemblies1751,13390
testassemblies2226,13383
testassemblies185,13381
testassemblies912,13370
testassemblies2844,13361
testassemblies828,13325
testassemblies2481,13321
testassemblies3279,13311
testassemblies354,13307
testassemblies1466,13271
testassemblies2603,13266
testassemblies681,13252
testassemblies1417,13242
testassemblies2882,13227
testassemblies581,13223
testassemblies1192,13219
testassemblies1625,13218
testassemblies206,13218
testassemblies550,13211
testassemblies1911,13202
testassemblies1191,13197
testassemblies2060,13195
testassemblies1452,13184
testassemblies1790,13171
testassemblies1185,13170
testassemblies2138,13166
testassemblies2015,13163
testassemblies3258,13151
testassemblies3087,13150
testassemblies2462,13140
testassemblies1613,13138
testassemblies1514,13122
testassemblies2108,13110
testassemblies3064,13110
testassemblies3124,13053
testassemblies988,13035
testassemblies2619,13028
testassemblies1555,13024
testassemblies1789,13013
testassemblies991,13008
testassemblies1951,12996
testassemblies808,12942
testassemblies2213,12925
testassemblies2646,12914
testassemblies2403,12910
testassemblies1469,12898
testassemblies2654,12887
testassemblies1669,12879
testassemblies985,12877
testassemblies3161,12871
testassemblies1608,12869
testassemblies3123,12847
testassemblies692,12800
testassemblies2149,12785
testassemblies992,12782
testassemblies204,12743
testassemblies1409,12705
testassemblies3099,12633
testassemblies955,12620
testassemblies908,12596
testassemblies2148,12583
testassemblies2497,12552
testassemblies203,12550
testassemblies3337,12542
testassemblies1009,12508
testassemblies1656,12501
testassemblies1889,12482
testassemblies2104,12446
testassemblies1891,12347
testassemblies2987,12301
testassemblies558,12275
testassemblies2574,12272
testassemblies2120,12264
testassemblies743,12250
testassemblies1909,12240
testassemblies1433,12222
testassemblies1612,12211
testassemblies1291,12188
testassemblies3091,12181
testassemblies841,12144
testassemblies2089,12115
testassemblies3110,12108
testassemblies1672,12090
testassemblies2622,12073
testassemblies1906,12054
testassemblies2326,11963
testassemblies11,11788
testassemblies2771,11787
testassemblies199,11785
testassemblies2638,11710
testassemblies2807,11697
testassemblies2186,11667
testassemblies1919,11619
testassemblies986,11601
testassemblies1667,11577
testassemblies2969,11519
testassemblies2232,11472
testassemblies1447,11447
testassemblies1002,11378
testassemblies2249,11261
testassemblies2078,11257
testassemblies1577,11244
testassemblies2461,11221
testassemblies3257,11182
testassemblies2806,11169
testassemblies1025,11167
testassemblies2572,11063
testassemblies650,11018
testassemblies1615,11011
testassemblies3278,11004
testassemblies2091,10986
testassemblies2595,10922
testassemblies1353,10874
testassemblies1741,10868
testassemblies2279,10836
testassemblies1080,10815
testassemblies1691,10748
testassemblies2689,10743
testassemblies268,10737
testassemblies2841,10726
testassemblies2594,10721
testassemblies1694,10699
testassemblies2190,10697
testassemblies2183,10606
testassemblies1908,10601
testassemblies741,10491
testassemblies775,10477
testassemblies1379,10460
testassemblies1150,10439
testassemblies1821,10435
testassemblies2921,10327
testassemblies2201,10314
testassemblies2304,10284
testassemblies2334,10237
testassemblies561,10227
testassemblies1774,10217
testassemblies2171,10210
testassemblies226,10191
testassemblies1226,10167
testassemblies1473,10158
testassemblies943,10135
testassemblies2043,10129
testassemblies1720,10125
testassemblies2077,10103
testassemblies595,10102
testassemblies1914,10082
testassemblies757,10068
testassemblies1546,10067
testassemblies2475,10046
testassemblies252,10032
testassemblies2245,10029
testassemblies357,10027
testassemblies2285,10011
testassemblies2553,9978
testassemblies1512,9962
testassemblies833,9950
testassemblies655,9936
testassemblies2079,9918
testassemblies2724,9914
testassemblies2784,9900
testassemblies2857,9884
testassemblies2584,9880
testassemblies2517,9837
testassemblies1530,9833
testassemblies2007,9823
testassemblies2220,9805
testassemblies2080,9789
testassemblies1787,9779
testassemblies1537,9770
testassemblies189,9760
testassemblies2812,9755
testassemblies1283,9752
testassemblies1970,9743
testassemblies2176,9737
testassemblies322,9735
testassemblies1505,9727
testassemblies1506,9727
testassemblies2398,9727
testassemblies2427,9725
testassemblies1655,9705
testassemblies2698,9697
testassemblies1664,9691
testassemblies599,9689
testassemblies2032,9680
testassemblies1833,9675
testassemblies1764,9660
testassemblies915,9649
testassemblies1607,9648
testassemblies1556,9638
testassemblies1488,9635
testassemblies2645,9607
testassemblies2858,9606
testassemblies3332,9602
testassemblies2163,9583
testassemblies1016,9576
testassemblies1698,9575
testassemblies557,9562
testassemblies1077,9557
testassemblies2545,9540
testassemblies2881,9532
testassemblies1842,9530
testassemblies2605,9525
testassemblies1472,9520
testassemblies1646,9518
testassemblies2308,9514
testassemblies2972,9512
testassemblies2357,9509
testassemblies2478,9492
testassemblies1600,9479
testassemblies953,9478
testassemblies1138,9476
testassemblies1378,9470
testassemblies329,9465
testassemblies597,9465
testassemblies940,9457
testassemblies1841,9442
testassemblies3019,9433
testassemblies1652,9425
testassemblies1045,9421
testassemblies3044,9410
testassemblies1597,9409
testassemblies1342,9408
testassemblies192,9388
testassemblies1298,9381
testassemblies1062,9380
testassemblies1479,9376
testassemblies2604,9376
testassemblies2319,9362
testassemblies1980,9358
testassemblies2235,9342
testassemblies1107,9338
testassemblies2005,9324
testassemblies2154,9317
testassemblies1445,9311
testassemblies2035,9305
testassemblies2377,9295
testassemblies2931,9285
testassemblies1480,9278
testassemblies2900,9277
testassemblies2290,9272
testassemblies480,9272
testassemblies766,9254
testassemblies934,9253
testassemblies1049,9252
testassemblies1783,9239
testassemblies1781,9238
testassemblies2737,9225
testassemblies1756,9222
testassemblies1832,9211
testassemblies3048,9204
testassemblies2318,9194
testassemblies1893,9192
testassemblies1995,9185
testassemblies1350,9183
testassemblies1105,9178
testassemblies1355,9175
testassemblies2743,9175
testassemblies1680,9174
testassemblies547,9163
testassemblies1338,9157
testassemblies1389,9156
testassemblies3033,9150
testassemblies1339,9149
testassemblies2563,9146
testassemblies2615,9146
testassemblies2763,9125
testassemblies714,9124
testassemblies307,9122
testassemblies3034,9112
testassemblies1800,9111
testassemblies2223,9109
testassemblies1087,9085
testassemblies742,9081
testassemblies1201,9078
testassemblies601,9057
testassemblies2330,9044
testassemblies2218,9042
testassemblies2653,9033
testassemblies188,9026
testassemblies2852,9024
testassemblies701,9011
testassemblies2072,9009
testassemblies1431,9002
testassemblies2173,8995
testassemblies2511,8985
testassemblies2853,8983
testassemblies311,8982
testassemblies1953,8977
testassemblies1033,8976
testassemblies2614,8963
testassemblies1414,8955
testassemblies3000,8949
testassemblies685,8943
testassemblies1285,8921
testassemblies2726,8916
testassemblies1885,8907
testassemblies1611,8906
testassemblies1779,8902
testassemblies1038,8896
testassemblies572,8895
testassemblies2877,8891
testassemblies1019,8889
testassemblies2420,8887
testassemblies2785,8873
testassemblies478,8850
testassemblies2707,8849
testassemblies1926,8848
testassemblies1149,8846
testassemblies2968,8846
testassemblies649,8839
testassemblies2161,8838
testassemblies2137,8832
testassemblies2522,8825
testassemblies1489,8824
testassemblies2356,8824
testassemblies1205,8817
testassemblies2346,8816
testassemblies358,8814
testassemblies1578,8810
testassemblies941,8807
testassemblies1151,8805
testassemblies2625,8799
testassemblies193,8798
testassemblies2512,8787
testassemblies1476,8781
testassemblies911,8768
testassemblies2112,8767
testassemblies2367,8757
testassemblies2454,8752
testassemblies3248,8730
testassemblies2875,8714
testassemblies3310,8710
testassemblies393,8709
testassemblies2790,8705
testassemblies1371,8695
testassemblies769,8695
testassemblies2321,8687
testassemblies816,8674
testassemblies2569,8673
testassemblies1408,8641
testassemblies596,8639
testassemblies2682,8638
testassemblies2143,8622
testassemblies2864,8619
testassemblies2813,8616
testassemblies1364,8605
testassemblies1554,8602
testassemblies3036,8590
testassemblies1289,8587
testassemblies2560,8578
testassemblies1490,8577
testassemblies1918,8576
testassemblies2834,8576
testassemblies2236,8568
testassemblies2745,8556
testassemblies3003,8542
testassemblies1835,8530
testassemblies993,8527
testassemblies2723,8524
testassemblies424,8498
testassemblies2195,8487
testassemblies2926,8478
testassemblies1312,8475
testassemblies1757,8473
testassemblies1690,8466
testassemblies427,8460
testassemblies1198,8450
testassemblies1436,8450
testassemblies2995,8443
testassemblies469,8437
testassemblies2294,8432
testassemblies2564,8431
testassemblies2923,8431
testassemblies973,8427
testassemblies2463,8426
testassemblies2381,8425
testassemblies651,8410
testassemblies2282,8403
testassemblies2281,8388
testassemblies2480,8385
testassemblies994,8382
testassemblies1676,8380
testassemblies2764,8374
testassemblies2006,8371
testassemblies2672,8364
testassemblies2871,8364
testassemblies843,8362
testassemblies837,8360
testassemblies1194,8355
testassemblies250,8352
testassemblies2278,8351
testassemblies1235,8349
testassemblies1510,8343
testassemblies2365,8341
testassemblies1103,8339
testassemblies391,8338
testassemblies2747,8337
testassemblies614,8336
testassemblies390,8334
testassemblies437,8333
testassemblies957,8333
testassemblies2119,8326
testassemblies765,8318
testassemblies1895,8312
testassemblies1753,8308
testassemblies2525,8303
testassemblies3031,8301
testassemblies1428,8288
testassemblies1775,8287
testassemblies2589,8285
testassemblies1048,8281
testassemblies1413,8281
testassemblies2386,8281
testassemblies1528,8277
testassemblies2959,8273
testassemblies1013,8264
testassemblies2277,8263
testassemblies1550,8252
testassemblies2947,8238
testassemblies3359,8237
testassemblies1603,8208
testassemblies2324,8198
testassemblies1005,8191
testassemblies2021,8191
testassemblies2886,8187
testassemblies2215,8182
testassemblies2915,8176
testassemblies1511,8174
testassemblies2210,8164
testassemblies2666,8162
testassemblies2986,8162
testassemblies184,8160
testassemblies452,8148
testassemblies2944,8145
testassemblies896,8145
testassemblies898,8141
testassemblies931,8139
testassemblies809,8137
testassemblies2797,8131
testassemblies2832,8127
testassemblies2658,8116
testassemblies3028,8113
testassemblies689,8094
testassemblies2479,8082
testassemblies2701,8082
testassemblies2306,8075
testassemblies3022,8066
testassemblies2885,8065
testassemblies1034,8055
testassemblies2547,8050
testassemblies2539,8048
testassemblies2611,8044
testassemblies3030,8044
testassemblies1487,8034
testassemblies1177,8032
testassemblies1040,8026
testassemblies2088,8022
testassemblies3001,8019
testassemblies1225,8017
testassemblies2133,8008
testassemblies2130,8005
testassemblies2020,8004
testassemblies2851,7988
testassemblies2549,7981
testassemblies1715,7978
testassemblies1542,7977
testassemblies688,7974
testassemblies2343,7961
testassemblies2054,7947
testassemblies2359,7942
testassemblies1516,7932
testassemblies1994,7924
testassemblies1752,7921
testassemblies1287,7913
testassemblies1043,7910
testassemblies1605,7903
testassemblies2258,7903
testassemblies2776,7893
testassemblies2323,7890
testassemblies2988,7887
testassemblies1292,7884
testassemblies1168,7846
testassemblies735,7844
testassemblies2443,7843
testassemblies1992,7840
testassemblies2803,7836
testassemblies767,7826
testassemblies2556,7822
testassemblies535,7797
testassemblies2854,7796
testassemblies2378,7795
testassemblies845,7795
testassemblies2502,7791
testassemblies703,7770
testassemblies1834,7758
testassemblies1076,7754
testassemblies2198,7738
testassemblies2835,7733
testassemblies2684,7720
testassemblies1100,7716
testassemblies1921,7716
testassemblies1297,7711
testassemblies2437,7696
testassemblies2117,7690
testassemblies2413,7677
testassemblies2316,7673
testassemblies1531,7671
testassemblies1061,7660
testassemblies2361,7644
testassemblies2878,7633
testassemblies1620,7624
testassemblies2585,7619
testassemblies1508,7614
testassemblies1627,7603
testassemblies2546,7603
testassemblies707,7599
testassemblies1917,7596
testassemblies2849,7583
testassemblies763,7582
testassemblies2891,7581
testassemblies10,7574
testassemblies1031,7567
testassemblies1279,7531
testassemblies2491,7515
testassemblies2892,7511
testassemblies762,7477
testassemblies3195,7474
testassemblies3049,7470
testassemblies2184,7462
testassemblies2452,7450
testassemblies1623,7437
testassemblies1136,7432
testassemblies1602,7431
testassemblies1647,7422
testassemblies2855,7422
testassemblies1010,7417
testassemblies3015,7416
testassemblies2578,7414
testassemblies686,7413
testassemblies858,7410
testassemblies2975,7406
testassemblies2874,7399
testassemblies3006,7394
testassemblies2159,7392
testassemblies577,7380
testassemblies2836,7373
testassemblies602,7372
testassemblies1362,7369
testassemblies221,7344
testassemblies1404,7336
testassemblies1645,7333
testassemblies2656,7311
testassemblies956,7304
testassemblies2805,7298
testassemblies331,7291
testassemblies756,7285
testassemblies2222,7284
testassemblies429,7283
testassemblies2430,7271
testassemblies1366,7268
testassemblies1351,7256
testassemblies619,7253
testassemblies2315,7223
testassemblies907,7217
testassemblies687,7215
testassemblies1844,7212
testassemblies2160,7203
testassemblies2919,7200
testassemblies580,7177
testassemblies2155,7169
testassemblies1336,7157
testassemblies2590,7149
testassemblies1477,7146
testassemblies1422,7145
testassemblies1897,7139
testassemblies2770,7134
testassemblies2447,7127
testassemblies811,7119
testassemblies2901,7107
testassemblies1580,7098
testassemblies2012,7069
testassemblies2848,7068
testassemblies732,7028
testassemblies472,7021
testassemblies2228,6998
testassemblies715,6997
testassemblies1968,6979
testassemblies1843,6969
testassemblies2363,6958
testassemblies1169,6949
testassemblies2754,6942
testassemblies1631,6941
testassemblies1139,6940
testassemblies479,6925
testassemblies1759,6912
testassemblies543,6893
testassemblies2570,6870
testassemblies2736,6869
testassemblies2333,6862
testassemblies2842,6861
testassemblies643,6857
testassemblies1369,6852
testassemblies1349,6846
testassemblies1954,6839
testassemblies2450,6836
testassemblies2703,6830
testassemblies2495,6811
testassemblies2513,6810
testassemblies2401,6807
testassemblies540,6805
testassemblies1153,6790
testassemblies2490,6772
testassemblies368,6769
testassemblies815,6768
testassemblies2444,6754
testassemblies2729,6745
testassemblies2593,6738
testassemblies612,6734
testassemblies1969,6724
testassemblies1651,6698
testassemblies731,6649
testassemblies527,6641
testassemblies372,6633
testassemblies840,6623
testassemblies2665,6590
testassemblies1943,6588
testassemblies2976,6581
testassemblies349,6580
testassemblies1693,6573
testassemblies1576,6539
testassemblies2040,6534
testassemblies2371,6529
testassemblies2780,6494
testassemblies764,6493
testassemblies1634,6472
testassemblies2533,6454
testassemblies2820,6452
testassemblies887,6438
testassemblies1829,6436
testassemblies1310,6435
testassemblies1460,6424
testassemblies2967,6423
testassemblies2102,6411
testassemblies879,6394
testassemblies1851,6380
testassemblies2341,6374
testassemblies2288,6373
testassemblies2582,6373
testassemblies1643,6353
testassemblies1052,6352
testassemblies2066,6351
testassemblies2717,6331
testassemblies1358,6313
testassemblies1830,6306
testassemblies2144,6280
testassemblies2435,6280
testassemblies2954,6269
testassemblies1996,6265
testassemblies1360,6258
testassemblies2818,6255
testassemblies2263,6254
testassemblies958,6242
testassemblies1860,6222
testassemblies1089,6214
testassemblies2758,6206
testassemblies2662,6195
testassemblies2457,6190
testassemblies3177,6187
testassemblies770,6185
testassemblies570,6181
testassemblies257,6177
testassemblies436,6175
testassemblies256,6173
testassemblies831,6167
testassemblies2004,6159
testassemblies1101,6157
testassemblies402,6155
testassemblies277,6147
testassemblies2209,6146
testassemblies579,6141
testassemblies2685,6137
testassemblies2412,6130
testassemblies2606,6128
testassemblies2981,6125
testassemblies1474,6122
testassemblies2706,6115
testassemblies3045,6115
testassemblies366,6115
testassemblies1102,6109
testassemblies389,6106
testassemblies401,6104
testassemblies3167,6103
testassemblies1939,6102
testassemblies2683,6098
testassemblies317,6094
testassemblies1444,6091
testassemblies434,6079
testassemblies914,6079
testassemblies2388,6078
testassemblies392,6073
testassemblies1307,6071
testassemblies1524,6070
testassemblies3097,6067
testassemblies1352,6066
testassemblies2291,6065
testassemblies1601,6059
testassemblies249,6053
testassemblies1923,6048
testassemblies388,6048
testassemblies2906,6046
testassemblies1633,6044
testassemblies474,6043
testassemblies3054,6041
testassemblies2504,6040
testassemblies3223,6039
testassemblies526,6038
testassemblies2567,6034
testassemblies3012,6034
testassemblies857,6034
testassemblies1035,6033
testassemblies2380,6033
testassemblies1325,6032
testassemblies1050,6031
testassemblies1234,6030
testassemblies3079,6030
testassemblies1111,6029
testassemblies1036,6023
testassemblies3148,6021
testassemblies836,6018
testassemblies2746,6017
testassemblies1078,6016
testassemblies262,6009
testassemblies1104,6004
testassemblies1373,6001
testassemblies1412,6000
testassemblies760,6000
testassemblies1181,5998
testassemblies3242,5998
testassemblies3182,5995
testassemblies196,5990
testassemblies1773,5987
testassemblies3089,5986
testassemblies1282,5985
testassemblies1299,5984
testassemblies3052,5981
testassemblies3098,5978
testassemblies435,5978
testassemblies352,5977
testassemblies2364,5973
testassemblies2958,5971
testassemblies2980,5971
testassemblies482,5967
testassemblies1030,5963
testassemblies2340,5963
testassemblies1465,5961
testassemblies3232,5961
testassemblies3288,5960
testassemblies1280,5959
testassemblies2221,5957
testassemblies2449,5957
testassemblies3129,5957
testassemblies3180,5957
testassemblies2048,5956
testassemblies974,5956
testassemblies318,5951
testassemblies1427,5949
testassemblies1446,5949
testassemblies428,5948
testassemblies1819,5945
testassemblies935,5944
testassemblies400,5943
testassemblies3213,5942
testassemblies1956,5941
testassemblies2442,5940
testassemblies2484,5940
testassemblies2730,5940
testassemblies1750,5933
testassemblies559,5929
testassemblies3065,5927
testassemblies3152,5920
testassemblies2353,5919
testassemblies2897,5916
testassemblies1296,5915
testassemblies1950,5912
testassemblies3135,5912
testassemblies3067,5911
testassemblies2132,5909
testassemblies326,5909
testassemblies3081,5905
testassemblies3144,5902
testassemblies3093,5899
testassemblies2376,5897
testassemblies2385,5896
testassemblies1507,5894
testassemblies191,5894
testassemblies2337,5894
testassemblies200,5893
testassemblies1938,5892
testassemblies3221,5891
testassemblies1348,5890
testassemblies3143,5888
testassemblies3159,5886
testassemblies2431,5884
testassemblies484,5881
testassemblies683,5881
testassemblies1760,5877
testassemblies2019,5874
testassemblies2368,5871
testassemblies2493,5870
testassemblies411,5869
testassemblies2298,5868
testassemblies2639,5867
testassemblies2904,5867
testassemblies904,5862
testassemblies2530,5859
testassemblies1827,5858
testassemblies3108,5854
testassemblies1179,5853
testassemblies2053,5853
testassemblies426,5849
testassemblies1543,5847
testassemblies2719,5845
testassemblies2329,5842
testassemblies2655,5842
testassemblies332,5840
testassemblies1699,5834
testassemblies2819,5828
testassemblies2828,5826
testassemblies3094,5826
testassemblies2542,5823
testassemblies1894,5820
testassemblies3061,5820
testassemblies3203,5820
testassemblies889,5820
testassemblies2347,5819
testassemblies2123,5817
testassemblies1047,5815
testassemblies777,5815
testassemblies2146,5813
testassemblies1558,5811
testassemblies1925,5811
testassemblies3186,5810
testassemblies1521,5802
testassemblies3301,5802
testassemblies3336,5802
testassemblies1822,5801
testassemblies2438,5796
testassemblies807,5796
testassemblies1888,5795
testassemblies1584,5794
testassemblies1384,5793
testassemblies2678,5791
testassemblies3277,5791
testassemblies2964,5790
testassemblies3063,5788
testassemblies3027,5785
testassemblies1903,5781
testassemblies1011,5774
testassemblies2425,5769
testassemblies2648,5764
testassemblies2131,5763
testassemblies312,5763
testassemblies2145,5762
testassemblies2727,5754
testassemblies3053,5754
testassemblies387,5753
testassemblies3307,5746
testassemblies2217,5745
testassemblies432,5741
testassemblies909,5738
testassemblies1744,5735
testassemblies409,5733
testassemblies2905,5729
testassemblies2460,5728
testassemblies575,5728
testassemblies197,5727
testassemblies2033,5727
testassemblies1470,5726
testassemblies371,5726
testassemblies353,5722
testassemblies3222,5721
testassemblies810,5720
testassemblies3111,5718
testassemblies362,5718
testassemblies1418,5716
testassemblies2633,5715
testassemblies1984,5704
testassemblies2999,5704
testassemblies2339,5703
testassemblies852,5703
testassemblies1197,5702
testassemblies3303,5702
testassemblies987,5702
testassemblies408,5699
testassemblies3212,5696
testassemblies698,5694
testassemblies3122,5692
testassemblies2287,5690
testassemblies2651,5690
testassemblies2687,5690
testassemblies2075,5689
testassemblies3309,5683
testassemblies2056,5681
testassemblies3306,5679
testassemblies853,5678
testassemblies1193,5674
testassemblies2325,5671
testassemblies2540,5671
testassemblies817,5671
testassemblies2115,5665
testassemblies2384,5662
testassemblies3086,5662
testassemblies2151,5660
testassemblies3092,5651
testassemblies3158,5650
testassemblies2474,5648
testassemblies548,5648
testassemblies1308,5643
testassemblies1863,5640
testassemblies2338,5636
testassemblies812,5630
testassemblies1755,5628
testassemblies190,5622
testassemblies2276,5621
testassemblies3016,5617
testassemblies1382,5609
testassemblies2548,5609
testassemblies2369,5608
testassemblies653,5608
testassemblies1513,5604
testassemblies2107,5604
testassemblies3227,5604
testassemblies1166,5603
testassemblies790,5597
testassemblies1515,5596
testassemblies201,5595
testassemblies2718,5595
testassemblies2505,5592
testassemblies2618,5585
testassemblies1109,5584
testassemblies1758,5584
testassemblies2188,5583
testassemblies2700,5583
testassemblies1853,5582
testassemblies2216,5579
testassemblies195,5574
testassemblies3151,5572
testassemblies713,5572
testassemblies1765,5569
testassemblies2510,5567
testassemblies680,5567
testassemblies1858,5565
testassemblies1539,5561
testassemblies1668,5560
testassemblies3104,5560
testassemblies3269,5558
testassemblies1972,5555
testassemblies2382,5554
testassemblies2620,5554
testassemblies2601,5550
testassemblies2055,5543
testassemblies3136,5538
testassemblies209,5531
testassemblies827,5529
testassemblies2676,5524
testassemblies2234,5517
testassemblies2299,5517
testassemblies2579,5515
testassemblies2483,5513
testassemblies2082,5512
testassemblies3060,5509
testassemblies3358,5509
testassemblies1468,5508
testassemblies2957,5508
testassemblies2036,5506
testassemblies2248,5505
testassemblies2644,5485
testassemblies2114,5482
testassemblies830,5474
testassemblies983,5471
testassemblies952,5468
testassemblies1403,5467
testassemblies917,5459
testassemblies2621,5453
testassemblies1420,5445
testassemblies2436,5445
testassemblies1856,5443
testassemblies2913,5438
testassemblies2355,5434
testassemblies1769,5433
testassemblies1695,5432
testassemblies2147,5432
testassemblies1453,5430
testassemblies3231,5430
testassemblies2214,5429
testassemblies1905,5428
testassemblies3119,5427
testassemblies851,5423
testassemblies938,5422
testassemblies3216,5421
testassemblies1904,5418
testassemblies2008,5418
testassemblies2612,5417
testassemblies2503,5411
testassemblies207,5406
testassemblies3327,5406
testassemblies740,5393
testassemblies3259,5392
testassemblies2134,5389
testassemblies1029,5384
testassemblies1687,5382
testassemblies1184,5380
testassemblies3090,5378
testassemblies1703,5366
testassemblies1941,5355
testassemblies1717,5347
testassemblies990,5346
testassemblies530,5341
testassemblies2613,5334
testassemblies3256,5330
testassemblies3214,5325
testassemblies3354,5322
testassemblies2125,5316
testassemblies2370,5316
testassemblies2274,5315
testassemblies1621,5311
testassemblies3026,5307
testassemblies2637,5305
testassemblies1624,5301
testassemblies2937,5291
testassemblies2738,5289
testassemblies1924,5287
testassemblies1870,5280
testassemblies1967,5279
testassemblies2949,5279
testassemblies2538,5277
testassemblies1416,5272
testassemblies1852,5272
testassemblies1855,5267
testassemblies1788,5260
testassemblies1172,5256
testassemblies1485,5231
testassemblies2014,5229
testassemblies1504,5227
testassemblies2465,5227
testassemblies3331,5219
testassemblies2197,5216
testassemblies3175,5215
testassemblies682,5214
testassemblies3302,5211
testassemblies2573,5209
testassemblies2246,5192
testassemblies2643,5188
testassemblies1278,5187
testassemblies3249,5184
testassemblies1869,5183
testassemblies1609,5169
testassemblies2424,5168
testassemblies1896,5164
testassemblies2598,5162
testassemblies2185,5156
testassemblies1097,5140
testassemblies1920,5131
testassemblies1323,5130
testassemblies2284,5128
testassemblies1222,5125
testassemblies1236,5108
testassemblies2423,5108
testassemblies1113,5106
testassemblies1114,5102
testassemblies1665,5100
testassemblies2555,5098
testassemblies3032,5085
testassemblies2756,5083
testassemblies1180,5080
testassemblies1952,5073
testassemblies2617,5067
testassemblies2116,5059
testassemblies1426,5051
testassemblies3322,5051
testassemblies3096,5044
testassemblies2320,5030
testassemblies2295,5027
testassemblies617,5024
testassemblies3338,5023
testassemblies208,5022
testassemblies2912,5022
testassemblies1671,5019
testassemblies2974,5013
testassemblies1785,5012
testassemblies451,5011
testassemblies3176,5010
testassemblies1743,5003
testassemblies485,4997
testassemblies2557,4992
testassemblies2074,4991
testassemblies696,4988
testassemblies2003,4981
testassemblies2602,4964
testassemblies1223,4956
testassemblies556,4954
testassemblies1042,4943
testassemblies2103,4943
testassemblies1948,4942
testassemblies1803,4940
testassemblies674,4934
testassemblies2879,4929
testassemblies473,4922
testassemblies1801,4903
testassemblies3226,4890
testassemblies2889,4889
testassemblies1716,4881
testassemblies1890,4880
testassemblies2335,4870
testassemblies1190,4868
testassemblies648,4862
testassemblies2846,4856
testassemblies1165,4853
testassemblies2811,4846
testassemblies2896,4842
testassemblies2893,4839
testassemblies2580,4838
testassemblies2624,4836
testassemblies2809,4835
testassemblies1451,4831
testassemblies258,4829
testassemblies1663,4825
testassemblies1007,4812
testassemblies1840,4809
testassemblies2506,4808
testassemblies922,4800
testassemblies1189,4796
testassemblies1857,4794
testassemblies2062,4794
testassemblies2268,4794
testassemblies3255,4781
testassemblies613,4779
testassemblies1380,4775
testassemblies3035,4774
testassemblies267,4768
testassemblies2943,4763
testassemblies2118,4762
testassemblies2455,4758
testassemblies3194,4758
testassemblies1186,4742
testassemblies1520,4711
testassemblies537,4691
testassemblies1144,4687
testassemblies2626,4679
testassemblies1973,4675
testassemblies528,4671
testassemblies847,4668
testassemblies2859,4663
testassemblies2219,4661
testassemblies3181,4660
testassemblies1626,4656
testassemblies1449,4645
testassemblies1419,4644
testassemblies2709,4624
testassemblies2869,4623
testassemblies2526,4618
testassemblies1777,4614
testassemblies433,4613
testassemblies2192,4602
testassemblies361,4587
testassemblies1264,4573
testassemblies2588,4553
testassemblies1250,4552
testassemblies3185,4549
testassemblies2629,4548
testassemblies1216,4546
testassemblies1630,4546
testassemblies3237,4539
testassemblies1618,4535
testassemblies2978,4528
testassemblies2336,4521
testassemblies2029,4518
testassemblies1910,4515
testassemblies3344,4514
testassemblies2372,4512
testassemblies923,4501
testassemblies2311,4500
testassemblies3208,4479
testassemblies1898,4469
testassemblies989,4451
testassemblies2675,4448
testassemblies2516,4422
testassemblies2916,4420
testassemblies2562,4409
testassemblies464,4397
testassemblies2565,4390
testassemblies2351,4368
testassemblies1614,4363
testassemblies3193,4358
testassemblies1986,4336
testassemblies1657,4332
testassemblies618,4327
testassemblies2084,4326
testassemblies2799,4319
testassemblies172,4317
testassemblies448,4315
testassemblies1547,4314
testassemblies2237,4310
testassemblies2965,4307
testassemblies2387,4303
testassemblies585,4303
testassemblies2350,4289
testassemblies3170,4269
testassemblies2924,4254
testassemblies2061,4251
testassemblies2596,4241
testassemblies2647,4233
testassemblies2042,4229
testassemblies2189,4227
testassemblies1032,4224
testassemblies2501,4216
testassemblies1628,4215
testassemblies2837,4212
testassemblies2041,4205
testassemblies291,4190
testassemblies1782,4184
testassemblies2129,4183
testassemblies2550,4179
testassemblies1026,4177
testassemblies2392,4175
testassemblies2755,4167
testassemblies1053,4151
testassemblies2498,4150
testassemblies321,4148
testassemblies1203,4147
testassemblies471,4139
testassemblies576,4135
testassemblies525,4124
testassemblies345,4123
testassemblies542,4123
testassemblies1499,4120
testassemblies2421,4115
testassemblies2536,4107
testassemblies545,4107
testassemblies3284,4092
testassemblies1987,4091
testassemblies1719,4090
testassemblies1227,4079
testassemblies2814,4049
testassemblies842,4048
testassemblies1658,4045
testassemblies1850,4021
testassemblies3250,4019
testassemblies1321,4005
testassemblies2607,3991
testassemblies2554,3989
testassemblies2327,3987
testassemblies737,3987
testassemblies2865,3986
testassemblies1233,3982
testassemblies1098,3976
testassemblies2872,3976
testassemblies1085,3966
testassemblies3339,3966
testassemblies1163,3926
testassemblies1604,3924
testassemblies2097,3898
testassemblies939,3879
testassemblies2531,3864
testassemblies1176,3863
testassemblies669,3858
testassemblies2778,3853
testassemblies1001,3849
testassemblies1839,3838
testassemblies2993,3838
testassemblies2150,3818
testassemblies338,3818
testassemblies1740,3804
testassemblies733,3788
testassemblies2422,3761
testassemblies2568,3750
testassemblies2534,3745
testassemblies2302,3744
testassemblies2586,3744
testassemblies1847,3712
testassemblies705,3707
testassemblies1593,3695
testassemblies194,3677
testassemblies1137,3658
testassemblies1174,3654
testassemblies2238,3654
testassemblies1228,3648
testassemblies522,3648
testassemblies2822,3640
testassemblies1892,3630
testassemblies3308,3623
testassemblies2362,3618
testassemblies1333,3614
testassemblies818,3612
testassemblies2741,3611
testassemblies2817,3609
testassemblies972,3605
testassemblies2009,3601
testassemblies2239,3596
testassemblies2876,3591
testassemblies788,3574
testassemblies56,3572
testassemblies1170,3556
testassemblies2273,3545
testassemblies2728,3529
testassemblies665,3527
testassemblies2597,3521
testassemblies205,3511
testassemblies2940,3505
testassemblies894,3494
testassemblies2524,3462
testassemblies2358,3445
testassemblies2918,3423
testassemblies3215,3418
testassemblies1700,3416
testassemblies2786,3406
testassemblies1099,3400
testassemblies1670,3398
testassemblies2124,3389
testassemblies1763,3385
testassemblies2929,3354
testassemblies1275,3340
testassemblies3316,3338
testassemblies1147,3330
testassemblies360,3330
testassemblies1859,3307
testassemblies2715,3292
testassemblies2794,3279
testassemblies2798,3277
testassemblies2508,3276
testassemblies772,3273
testassemblies2047,3267
testassemblies2389,3256
testassemblies1768,3244
testassemblies1582,3243
testassemblies967,3240
testassemblies1367,3238
testassemblies821,3238
testassemblies1572,3235
testassemblies874,3232
testassemblies2212,3217
testassemblies1429,3211
testassemblies2847,3171
testassemblies568,3170
testassemblies251,3163
testassemblies1776,3152
testassemblies2432,3148
testassemblies1106,3144
testassemblies1220,3138
testassemblies2271,3138
testassemblies1629,3137
testassemblies3058,3132
testassemblies1653,3123
testassemblies1167,3105
testassemblies265,3091
testassemblies1886,3089
testassemblies1553,3088
testassemblies1549,3087
testassemblies2616,3086
testassemblies3273,3073
testassemblies734,3070
testassemblies800,3064
testassemblies2634,3058
testassemblies2289,3054
testassemblies98,3036
testassemblies1467,3035
testassemblies102,3026
testassemblies1509,3021
testassemblies1214,3012
testassemblies1742,3007
testassemblies1368,3001
testassemblies2439,2995
testassemblies212,2990
testassemblies2657,2982
testassemblies497,2981
testassemblies2379,2978
testassemblies1985,2971
testassemblies3172,2964
testassemblies3225,2953
testassemblies1295,2945
testassemblies1251,2938
testassemblies2166,2937
testassemblies1400,2930
testassemblies881,2927
testassemblies2792,2917
testassemblies1534,2904
testassemblies2623,2901
testassemblies1692,2894
testassemblies1175,2871
testassemblies1305,2857
testassemblies1650,2850
testassemblies2674,2843
testassemblies3023,2837
testassemblies2059,2829
testassemblies1982,2818
testassemblies1143,2813
testassemblies310,2811
testassemblies384,2811
testassemblies2037,2805
testassemblies582,2805
testassemblies1410,2802
testassemblies3342,2802
testassemblies1004,2799
testassemblies645,2797
testassemblies1274,2768
testassemblies2951,2762
testassemblies2733,2759
testassemblies2208,2758
testassemblies2328,2748
testassemblies2992,2738
testassemblies961,2737
testassemblies2296,2716
testassemblies1448,2715
testassemblies2027,2715
testassemblies891,2709
testassemblies2272,2699
testassemblies1498,2685
testassemblies2890,2685
testassemblies2038,2671
testassemblies344,2662
testassemblies2165,2658
testassemblies1727,2648
testassemblies3280,2636
testassemblies593,2633
testassemblies1595,2631
testassemblies1261,2629
testassemblies215,2627
testassemblies460,2616
testassemblies785,2612
testassemblies2802,2610
testassemblies2113,2598
testassemblies1462,2590
testassemblies2782,2587
testassemblies2862,2575
testassemblies1303,2565
testassemblies2697,2524
testassemblies341,2520
testassemblies1073,2507
testassemblies1258,2501
testassemblies2157,2496
testassemblies3146,2477
testassemblies2928,2473
testassemblies287,2469
testassemblies2194,2449
testassemblies544,2447
testassemblies1120,2434
testassemblies2275,2430
testassemblies490,2426
testassemblies2762,2415
testassemblies776,2414
testassemblies1059,2412
testassemblies2894,2411
testassemblies488,2411
testassemblies2561,2404
testassemblies965,2402
testassemblies2207,2395
testassemblies2083,2380
testassemblies1592,2373
testassemblies3357,2371
testassemblies1224,2367
testassemblies2677,2352
testassemblies754,2352
testassemblies2085,2337
testassemblies2451,2330
testassemblies1596,2328
testassemblies278,2324
testassemblies3315,2323
testassemblies745,2323
testassemblies304,2321
testassemblies1619,2320
testassemblies379,2301
testassemblies2354,2300
testassemblies1265,2281
testassemblies1747,2272
testassemblies3020,2271
testassemblies374,2270
testassemblies755,2270
testassemblies782,2263
testassemblies2410,2241
testassemblies1202,2238
testassemblies1808,2227
testassemblies2162,2225
testassemblies481,2206
testassemblies1802,2194
testassemblies2247,2194
testassemblies563,2194
testassemblies1949,2190
testassemblies1978,2181
testassemblies1708,2171
testassemblies926,2167
testassemblies3107,2138
testassemblies573,2131
testassemblies1503,2119
testassemblies1797,2111
testassemblies2990,2109
testassemblies2182,2094
testassemblies2899,2094
testassemblies2783,2093
testassemblies2902,2092
testassemblies1993,2091
testassemblies2187,2078
testassemblies169,2071
testassemblies2496,2054
testassemblies2671,2051
testassemblies1813,2047
testassemblies1459,2039
testassemblies2243,2035
testassemblies1745,2034
testassemblies801,2028
testassemblies2105,2020
testassemblies2710,2019
testassemblies2023,2015
testassemblies2348,2010
testassemblies136,2009
testassemblies855,2005
testassemblies1383,1999
testassemblies3247,1998
testassemblies629,1998
testassemblies876,1998
testassemblies3178,1997
testassemblies1881,1993
testassemblies1327,1980
testassemblies1541,1979
testassemblies1884,1979
testassemblies2740,1973
testassemblies148,1968
testassemblies1495,1966
testassemblies2977,1961
testassemblies2429,1960
testassemblies2057,1959
testassemblies2175,1957
testassemblies913,1957
testassemblies1887,1954
testassemblies509,1951
testassemblies3262,1947
testassemblies1622,1945
testassemblies2984,1945
testassemblies2058,1938
testassemblies1701,1935
testassemblies44,1935
testassemblies1825,1924
testassemblies1570,1920
testassemblies281,1920
testassemblies3184,1918
testassemblies729,1913
testassemblies2693,1893
testassemblies2262,1890
testassemblies2581,1886
testassemblies1536,1881
testassemblies1662,1875
testassemblies2686,1857
testassemblies1398,1854
testassemblies2532,1854
testassemblies1393,1847
testassemblies2303,1840
testassemblies2720,1838
testassemblies186,1831
testassemblies2833,1829
testassemblies1706,1807
testassemblies2775,1804
testassemblies893,1790
testassemblies2887,1788
testassemblies2742,1781
testassemblies654,1781
testassemblies708,1770
testassemblies1306,1761
testassemblies1991,1759
testassemblies316,1756
testassemblies2180,1755
testassemblies1912,1753
testassemblies174,1749
testassemblies1326,1748
testassemblies2772,1742
testassemblies3160,1742
testassemblies2768,1738
testassemblies315,1733
testassemblies975,1733
testassemblies2345,1731
testassemblies89,1731
testassemblies2911,1724
testassemblies1484,1723
testassemblies3103,1722
testassemblies2592,1716
testassemblies2873,1698
testassemblies3002,1693
testassemblies791,1687
testassemblies861,1683
testassemblies1277,1681
testassemblies420,1672
testassemblies2722,1666
testassemblies1731,1661
testassemblies2073,1651
testassemblies549,1651
testassemblies1335,1647
testassemblies492,1644
testassemblies546,1642
testassemblies1679,1620
testassemblies2973,1620
testassemblies356,1618
testassemblies1795,1613
testassemblies1831,1612
testassemblies1697,1608
testassemblies1065,1604
testassemblies950,1598
testassemblies1276,1597
testassemblies2679,1588
testassemblies1133,1586
testassemblies1316,1558
testassemblies2514,1552
testassemblies2453,1548
testassemblies2903,1547
testassemblies712,1541
testassemblies797,1535
testassemblies2476,1534
testassemblies1056,1533
testassemblies1749,1533
testassemblies1347,1525
testassemblies2001,1523
testassemblies2838,1519
testassemblies795,1511
testassemblies1188,1506
testassemblies1767,1501
testassemblies3219,1495
testassemblies1805,1482
testassemblies3207,1472
testassemblies1641,1466
testassemblies2694,1461
testassemblies1583,1458
testassemblies1241,1434
testassemblies933,1423
testassemblies2433,1397
testassemblies3072,1389
testassemblies1313,1386
testassemblies1981,1384
testassemblies2142,1369
testassemblies1599,1363
testassemblies3356,1355
testassemblies1957,1354
testassemblies3296,1353
testassemblies1677,1350
testassemblies949,1350
testassemblies83,1347
testassemblies1232,1344
testassemblies3140,1343
testassemblies2759,1336
testassemblies1370,1335
testassemblies235,1334
testassemblies1684,1333
testassemblies863,1329
testassemblies285,1327
testassemblies66,1322
testassemblies2661,1315
testassemblies3040,1315
testassemblies671,1304
testassemblies2692,1302
testassemblies1812,1299
testassemblies722,1297
testassemblies163,1296
testassemblies565,1295
testassemblies2440,1278
testassemblies2529,1273
testassemblies2527,1271
testassemblies330,1269
testassemblies2254,1267
testassemblies2093,1258
testassemblies1230,1257
testassemblies3254,1254
testassemblies461,1250
testassemblies31,1247
testassemblies176,1237
testassemblies2627,1225
testassemblies2096,1223
testassemblies2950,1216
testassemblies679,1215
testassemblies2018,1206
testassemblies1737,1203
testassemblies1272,1201
testassemblies3317,1201
testassemblies3163,1199
testassemblies363,1187
testassemblies2739,1184
testassemblies1587,1170
testassemblies1816,1160
testassemblies1902,1156
testassemblies2269,1147
testassemblies2804,1144
testassemblies503,1139
testassemblies355,1131
testassemblies2205,1126
testassemblies2760,1125
testassemblies2917,1121
testassemblies1200,1097
testassemblies1998,1096
testassemblies1267,1079
testassemblies3076,1079
testassemblies1332,1077
testassemblies499,1070
testassemblies386,1067
testassemblies1068,1061
testassemblies1187,1060
testassemblies2571,1055
testassemblies1588,1051
testassemblies1239,1047
testassemblies2459,1039
testassemblies2702,1033
testassemblies2680,1032
testassemblies1730,1028
testassemblies1155,1026
testassemblies564,1024
testassemblies2471,1023
testassemblies1649,1019
testassemblies71,1013
testassemblies1008,1008
testassemblies2779,1003
testassemblies789,1002
testassemblies2688,998
testassemblies382,998
testassemblies905,984
testassemblies118,974
testassemblies591,967
testassemblies295,966
testassemblies1979,965
testassemblies633,960
testassemblies2840,957
testassemblies1529,937
testassemblies699,932
testassemblies1845,931
testassemblies2670,931
testassemblies524,931
testassemblies627,925
testassemblies76,911
testassemblies2500,902
testassemblies3320,899
testassemblies1710,884
testassemblies607,884
testassemblies2732,880
testassemblies623,880
testassemblies59,878
testassemblies1616,877
testassemblies667,877
testassemblies375,868
testassemblies300,864
testassemblies804,861
testassemblies237,841
testassemblies236,823
testassemblies1330,821
testassemblies1674,812
testassemblies114,810
testassemblies2331,810
testassemblies610,807
testassemblies3261,806
testassemblies157,800
testassemblies1988,800
testassemblies1246,798
testassemblies2126,798
testassemblies228,796
testassemblies3056,795
testassemblies2486,794
testassemblies2939,794
testassemblies2286,790
testassemblies2933,788
testassemblies1060,778
testassemblies1257,778
testassemblies1496,776
testassemblies2808,776
testassemblies1729,774
testassemblies1900,774
testassemblies2767,771
testassemblies1875,770
testassemblies2179,768
testassemblies412,760
testassemblies899,760
testassemblies611,755
testassemblies1195,744
testassemblies140,743
testassemblies1517,742
testassemblies1118,730
testassemblies1937,727
testassemblies2796,727
testassemblies476,725
testassemblies624,715
testassemblies351,705
testassemblies1471,704
testassemblies2725,704
testassemblies1407,696
testassemblies3240,690
testassemblies3029,688
testassemblies747,686
testassemblies1397,675
testassemblies1722,674
testassemblies108,670
testassemblies131,670
testassemblies2773,669
testassemblies2309,659
testassemblies466,656
testassemblies1392,655
testassemblies483,651
testassemblies302,647
testassemblies81,645
testassemblies867,643
testassemblies231,641
testassemblies2609,638
testassemblies3095,637
testassemblies1015,635
testassemblies35,634
testassemblies2156,631
testassemblies440,629
testassemblies1269,623
testassemblies3290,619
testassemblies2025,609
testassemblies3173,604
testassemblies2310,599
testassemblies1878,592
testassemblies1217,588
testassemblies1704,586
testassemblies3069,586
testassemblies227,585
testassemblies2317,585
testassemblies2046,583
testassemblies340,582
testassemblies2830,574
testassemblies2991,563
testassemblies3068,558
testassemblies2982,557
testassemblies443,557
testassemblies2960,556
testassemblies54,547
testassemblies128,544
testassemblies1854,544
testassemblies3117,540
testassemblies333,540
testassemblies507,539
testassemblies3275,538
testassemblies2748,537
testassemblies2485,535
testassemblies2938,535
testassemblies1571,532
testassemblies2907,529
testassemblies3055,528
testassemblies888,528
testassemblies968,528
testassemblies273,522
testassemblies3014,519
testassemblies1425,517
testassemblies2094,516
testassemblies2227,513
testassemblies3304,510
testassemblies903,502
testassemblies2787,488
testassemblies2610,487
testassemblies2458,486
testassemblies2393,483
testassemblies2399,480
testassemblies3018,480
testassemblies1523,471
testassemblies2417,470
testassemblies2731,466
testassemblies2861,465
testassemblies147,464
testassemblies234,455
testassemblies23,454
testassemblies1713,453
testassemblies2488,450
testassemblies38,449
testassemblies104,448
testassemblies2305,443
testassemblies2751,439
testassemblies2826,438
testassemblies2259,437
testassemblies1345,435
testassemblies2109,429
testassemblies229,428
testassemblies230,425
testassemblies232,425
testassemblies890,404
testassemblies872,399
testassemblies723,389
testassemblies1725,387
testassemblies901,382
testassemblies1142,379
testassemblies2519,374
testassemblies1121,368
testassemblies2952,364
testassemblies1304,356
testassemblies94,353
testassemblies1450,352
testassemblies455,352
testassemblies78,351
testassemblies364,346
testassemblies3115,338
testassemblies84,334
testassemblies2521,332
testassemblies3165,332
testassemblies2632,329
testassemblies495,324
testassemblies3229,319
testassemblies1880,316
testassemblies946,315
testassemblies254,313
testassemblies3200,312
testassemblies3244,312
testassemblies1317,307
testassemblies2945,304
testassemblies1012,301
testassemblies3218,301
testassemblies1518,298
testassemblies2101,298
testassemblies2127,298
testassemblies2815,298
testassemblies1566,290
testassemblies224,280
testassemblies970,278
testassemblies1791,276
testassemblies1977,274
testassemblies3179,273
testassemblies726,271
testassemblies1046,270
testassemblies288,268
testassemblies1248,267
testassemblies773,267
testassemblies107,265
testassemblies1212,265
testassemblies2997,265
testassemblies2136,263
testassemblies1637,262
testassemblies1882,262
testassemblies1095,261
testassemblies2010,260
testassemblies1134,259
testassemblies3330,254
testassemblies225,253
testassemblies3305,253
testassemblies111,250
testassemblies3246,250
testassemblies518,250
testassemblies3319,247
testassemblies1705,246
testassemblies3102,246
testassemblies538,246
testassemblies1696,245
testassemblies2135,242
testassemblies608,242
testassemblies1617,239
testassemblies2049,237
testassemblies1707,232
testassemblies3292,231
testassemblies239,230
testassemblies1960,225
testassemblies1778,224
testassemblies1432,223
testassemblies2016,222
testassemblies2428,222
testassemblies3100,221
testassemblies3343,221
testassemblies2095,219
testassemblies877,218
testassemblies3013,217
testassemblies2128,213
testassemblies3183,212
testassemblies1440,208
testassemblies335,204
testassemblies1762,201
testassemblies2206,201
testassemblies2673,200
testassemblies3191,195
testassemblies1709,194
testassemblies1161,187
testassemblies3046,186
testassemblies2690,177
testassemblies1826,176
testassemblies246,176
testassemblies3313,176
testassemblies3355,175
testassemblies3197,172
testassemblies1961,169
testassemblies3059,166
testassemblies587,164
testassemblies2577,163
testassemblies1761,157
testassemblies2017,155
testassemblies233,152
testassemblies997,152
testassemblies1562,151
testassemblies1718,150
testassemblies2203,150
testassemblies2866,149
testassemblies1482,148
testassemblies283,146
testassemblies751,145
testassemblies1738,144
testassemblies1964,143
testassemblies2456,141
testassemblies25,141
testassemblies2793,141
testassemblies293,140
testassemblies870,137
testassemblies884,137
testassemblies2766,134
testassemblies660,133
testassemblies398,132
testassemblies936,129
testassemblies534,128
testassemblies425,127
testassemblies52,127
testassemblies1944,123
testassemblies3205,123
testassemblies783,123
testassemblies1320,122
testassemblies3324,121
testassemblies1124,120
testassemblies1430,119
testassemblies238,117
testassemblies697,116
testassemblies1585,114
testassemblies1966,112
testassemblies3132,111
testassemblies342,107
testassemblies865,106
testassemblies513,102
testassemblies1396,101
testassemblies3156,101
testassemblies369,100
testassemblies2953,98
testassemblies2225,96
testassemblies3084,96
testassemblies3149,96
testassemblies187,95
testassemblies541,95
testassemblies2414,93
testassemblies2827,93
testassemblies447,93
testassemblies1438,92
testassemblies1127,91
testassemblies244,91
testassemblies2494,90
testassemblies2523,90
testassemblies243,89
testassemblies824,89
testassemblies3078,87
testassemblies2821,86
testassemblies1568,85
testassemblies1262,83
testassemblies832,83
testassemblies1958,82
testassemblies242,81
testassemblies2996,78
testassemblies422,78
testassemblies2507,77
testassemblies886,73
testassemblies177,71
testassemblies261,69
testassemblies1442,68
testassemblies1208,67
testassemblies829,67
testassemblies1545,65
testassemblies1173,64
testassemblies676,64
testassemblies1864,57
testassemblies3348,57
testassemblies1598,56
testassemblies180,56
testassemblies3271,56
testassemblies133,55
testassemblies3114,54
testassemblies3329,53
testassemblies728,53
testassemblies182,52
testassemblies260,52
testassemblies3188,52
testassemblies2264,51
testassemblies3311,51
testassemblies380,50
testassemblies774,50
testassemblies1640,49
testassemblies2863,49
testassemblies213,48
testassemblies928,47
testassemblies3009,46
testassemblies897,46
testassemblies3282,45
testassemblies1178,44
testassemblies1849,43
testassemblies347,43
testassemblies247,41
testassemblies3074,41
testassemblies99,39
testassemblies55,38
testassemblies69,38
testassemblies1255,37
testassemblies1678,37
testassemblies475,34
testassemblies1081,33
testassemblies1540,33
testassemblies1866,31
testassemblies2489,31
testassemblies2153,29
testassemblies640,29
testassemblies2406,28
testassemblies1872,27
testassemblies1955,27
testassemblies2765,27
testassemblies982,27
testassemblies1238,26
testassemblies2312,24
testassemblies1411,23
testassemblies381,23
testassemblies2781,22
testassemblies2051,21
testassemblies2472,21
testassemblies154,20
testassemblies1714,20
testassemblies959,20
testassemblies1094,19
testassemblies2141,19
testassemblies1423,16
testassemblies1820,14
testassemblies2251,13
testassemblies920,12
testassemblies415,11
testassemblies153,10
testassemblies1154,7
testassemblies1913,7
testassemblies3210,6
testassemblies5,6
testassemblies162,5
testassemblies2111,4
testassemblies101,3
testassemblies2843,3
testassemblies40,3
testassemblies92,3
testassemblies2470,2
testassemblies270,2
testassemblies289,2
testassemblies1522,1
testassemblies718,1