testassemblies314,11427
testassemblies429,11348
testassemblies254,11136
testassemblies259,10978
testassemblies611,10844
testassemblies845,10811
testassemblies191,10573
testassemblies642,9977
testassemblies491,9976
testassemblies200,9927
testassemblies1099,9766
testassemblies94,9698
testassemblies148,9384
testassemblies675,9350
testassemblies739,9199
testassemblies180,9190
testassemblies300,9074
testassemblies279,8934
testassemblies988,8893
testassemblies424,8866
testassemblies643,8814
testassemblies399,8770
testassemblies676,8521
testassemblies782,8509
testassemblies790,8416
testassemblies496,8293
testassemblies387,8255
testassemblies829,8220
testassemblies564,7958
testassemblies1005,7899
testassemblies1106,7844
testassemblies1092,7698
testassemblies789,7533
testassemblies336,7463
testassemblies810,7367
testassemblies1101,7189
testassemblies693,7138
testassemblies1064,7121
testassemblies521,7032
testassemblies361,6977
testassemblies785,6912
testassemblies632,6878
testassemblies1019,6858
testassemblies654,6803
testassemblies466,6796
testassemblies568,6689
testassemblies286,6634
testassemblies1045,6514
testassemblies324,6386
testassemblies584,6365
testassemblies402,6311
testassemblies240,6310
testassemblies620,6299
testassemblies234,6281
testassemblies178,6271
testassemblies222,6255
testassemblies950,6250
testassemblies955,6249
testassemblies152,6240
testassemblies704,6228
testassemblies242,6216
testassemblies935,6145
testassemblies89,6144
testassemblies619,6143
testassemblies976,6111
testassemblies164,6055
testassemblies1107,6022
testassemblies817,6011
testassemblies163,5996
testassemblies625,5990
testassemblies946,5935
testassemblies912,5925
testassemblies658,5872
testassemblies941,5863
testassemblies512,5855
testassemblies171,5759
testassemblies561,5737
testassemblies44,5713
testassemblies1060,5702
testassemblies1104,5697
testassemblies820,5644
testassemblies221,5638
testassemblies233,5626
testassemblies539,5613
testassemblies607,5613
testassemblies835,5593
testassemblies567,5461
testassemblies849,5449
testassemblies954,5432
testassemblies263,5326
testassemblies1012,5315
testassemblies601,5314
testassemblies717,5311
testassemblies483,5298
testassemblies1035,5282
testassemblies541,5247
testassemblies236,5230
testassemblies517,5188
testassemblies949,5095
testassemblies975,5082
testassemblies298,5074
testassemblies860,5048
testassemblies972,5005
testassemblies516,5004
testassemblies646,4976
testassemblies1097,4944
testassemblies159,4921
testassemblies753,4874
testassemblies79,4836
testassemblies160,4834
testassemblies1070,4832
testassemblies812,4827
testassemblies268,4807
testassemblies758,4789
testassemblies469,4743
testassemblies523,4714
testassemblies436,4584
testassemblies942,4576
testassemblies933,4566
testassemblies258,4559
testassemblies427,4528
testassemblies343,4490
testassemblies202,4428
testassemblies653,4421
testassemblies665,4414
testassemblies557,4412
testassemblies199,4395
testassemblies796,4353
testassemblies113,4349
testassemblies500,4337
testassemblies419,4329
testassemblies510,4307
testassemblies110,4269
testassemblies566,4258
testassemblies1008,4240
testassemblies681,4225
testassemblies112,4199
testassemblies449,4159
testassemblies605,4141
testassemblies725,4079
testassemblies304,4005
testassemblies776,3913
testassemblies932,3869
testassemblies529,3839
testassemblies773,3829
testassemblies301,3745
testassemblies227,3721
testassemblies855,3707
testassemblies900,3707
testassemblies216,3699
testassemblies854,3698
testassemblies923,3694
testassemblies145,3688
testassemblies219,3688
testassemblies982,3681
testassemblies352,3680
testassemblies1029,3679
testassemblies341,3679
testassemblies1048,3671
testassemblies891,3668
testassemblies903,3667
testassemblies924,3663
testassemblies41,3648
testassemblies102,3647
testassemblies340,3639
testassemblies556,3638
testassemblies967,3628
testassemblies995,3625
testassemblies351,3623
testassemblies87,3623
testassemblies763,3622
testassemblies892,3621
testassemblies273,3611
testassemblies996,3584
testassemblies327,3578
testassemblies269,3563
testassemblies101,3557
testassemblies226,3553
testassemblies405,3540
testassemblies71,3537
testassemblies813,3532
testassemblies206,3530
testassemblies265,3529
testassemblies326,3526
testassemblies1022,3516
testassemblies965,3510
testassemblies1007,3509
testassemblies97,3495
testassemblies85,3490
testassemblies876,3486
testassemblies887,3464
testassemblies915,3445
testassemblies937,3442
testassemblies218,3431
testassemblies1014,3402
testassemblies334,3399
testassemblies684,3399
testassemblies139,3398
testassemblies204,3398
testassemblies348,3396
testassemblies594,3369
testassemblies617,3366
testassemblies869,3364
testassemblies991,3361
testassemblies181,3347
testassemblies727,3336
testassemblies1077,3333
testassemblies167,3327
testassemblies586,3291
testassemblies927,3285
testassemblies907,3272
testassemblies124,3270
testassemblies905,3268
testassemblies1103,3257
testassemblies100,3250
testassemblies1037,3242
testassemblies899,3231
testassemblies879,3226
testassemblies978,3210
testassemblies660,3160
testassemblies902,3154
testassemblies936,3140
testassemblies880,3109
testassemblies1038,3094
testassemblies526,3084
testassemblies720,3074
testassemblies695,3072
testassemblies297,3048
testassemblies987,3048
testassemblies96,3047
testassemblies428,3032
testassemblies602,2999
testassemblies264,2990
testassemblies957,2977
testassemblies1043,2972
testassemblies503,2967
testassemblies787,2961
testassemblies685,2957
testassemblies168,2954
testassemblies638,2941
testassemblies798,2930
testassemblies948,2926
testassemblies459,2888
testassemblies495,2885
testassemblies238,2871
testassemblies918,2848
testassemblies609,2841
testassemblies728,2837
testassemblies623,2818
testassemblies574,2780
testassemblies791,2778
testassemblies198,2770
testassemblies153,2743
testassemblies786,2740
testassemblies673,2736
testassemblies186,2714
testassemblies775,2702
testassemblies446,2699
testassemblies746,2693
testassemblies583,2688
testassemblies382,2687
testassemblies176,2673
testassemblies881,2664
testassemblies599,2655
testassemblies385,2654
testassemblies519,2645
testassemblies867,2642
testassemblies386,2640
testassemblies784,2637
testassemblies338,2635
testassemblies522,2633
testassemblies376,2607
testassemblies916,2585
testassemblies968,2581
testassemblies560,2579
testassemblies939,2576
testassemblies779,2574
testassemblies344,2557
testassemblies777,2544
testassemblies250,2541
testassemblies165,2540
testassemblies962,2530
testassemblies925,2527
testassemblies267,2524
testassemblies636,2524
testassemblies1040,2517
testassemblies885,2515
testassemblies934,2511
testassemblies1067,2508
testassemblies1025,2497
testassemblies832,2497
testassemblies921,2496
testassemblies652,2490
testassemblies158,2488
testassemblies699,2484
testassemblies494,2479
testassemblies528,2478
testassemblies390,2474
testassemblies973,2473
testassemblies667,2469
testassemblies793,2467
testassemblies774,2465
testassemblies806,2458
testassemblies992,2458
testassemblies552,2457
testassemblies553,2452
testassemblies569,2450
testassemblies575,2450
testassemblies938,2443
testassemblies220,2440
testassemblies618,2438
testassemblies151,2434
testassemblies635,2425
testassemblies193,2418
testassemblies247,2410
testassemblies1034,2407
testassemblies542,2402
testassemblies809,2391
testassemblies1049,2382
testassemblies88,2376
testassemblies703,2375
testassemblies780,2370
testassemblies251,2368
testassemblies852,2368
testassemblies329,2367
testassemblies432,2367
testassemblies612,2366
testassemblies702,2364
testassemblies290,2359
testassemblies578,2358
testassemblies345,2354
testassemblies487,2351
testassemblies979,2349
testassemblies836,2347
testassemblies312,2336
testassemblies196,2332
testassemblies260,2332
testassemblies207,2330
testassemblies559,2322
testassemblies1015,2321
testassemblies143,2321
testassemblies239,2321
testassemblies356,2321
testassemblies401,2312
testassemblies894,2311
testassemblies740,2306
testassemblies1047,2300
testassemblies530,2298
testassemblies984,2297
testassemblies232,2293
testassemblies397,2293
testassemblies633,2293
testassemblies388,2288
testassemblies1069,2284
testassemblies425,2276
testassemblies698,2276
testassemblies944,2274
testassemblies911,2273
testassemblies1094,2265
testassemblies177,2262
testassemblies1039,2259
testassemblies874,2234
testassemblies745,2225
testassemblies554,2220
testassemblies413,2214
testassemblies977,2212
testassemblies131,2208
testassemblies878,2208
testassemblies1000,2203
testassemblies230,2187
testassemblies945,2181
testassemblies261,2180
testassemblies383,2172
testassemblies323,2165
testassemblies172,2164
testassemblies596,2152
testassemblies811,2149
testassemblies928,2146
testassemblies43,2135
testassemblies718,2130
testassemblies986,2127
testassemblies81,2121
testassemblies77,2118
testassemblies656,2116
testassemblies993,2112
testassemblies332,2111
testassemblies292,2104
testassemblies274,2103
testassemblies770,2099
testassemblies1084,2098
testassemblies778,2097
testassemblies285,2095
testassemblies162,2088
testassemblies953,2087
testassemblies1055,2079
testassemblies1061,2076
testassemblies1073,2075
testassemblies532,2069
testassemblies738,2069
testassemblies843,2067
testassemblies303,2066
testassemblies389,2065
testassemblies471,2057
testassemblies846,2029
testassemblies1074,2016
testassemblies294,2015
testassemblies662,2015
testassemblies871,2008
testassemblies461,2005
testassemblies606,2005
testassemblies588,2004
testassemblies663,2004
testassemblies201,1997
testassemblies458,1996
testassemblies604,1994
testassemblies582,1990
testassemblies1001,1966
testassemblies678,1966
testassemblies453,1963
testassemblies543,1956
testassemblies581,1935
testassemblies129,1925
testassemblies252,1905
testassemblies579,1903
testassemblies403,1895
testassemblies821,1889
testassemblies1096,1884
testassemblies511,1870
testassemblies121,1868
testassemblies1062,1867
testassemblies299,1863
testassemblies802,1856
testassemblies1020,1855
testassemblies712,1847
testassemblies896,1843
testassemblies360,1842
testassemblies888,1840
testassemblies1086,1838
testassemblies465,1827
testassemblies485,1820
testassemblies736,1812
testassemblies1078,1796
testassemblies463,1783
testassemblies587,1778
testassemblies761,1774
testassemblies80,1774
testassemblies452,1769
testassemblies482,1769
testassemblies414,1764
testassemblies591,1764
testassemblies372,1760
testassemblies214,1754
testassemblies228,1753
testassemblies421,1750
testassemblies174,1747
testassemblies478,1746
testassemblies320,1728
testassemblies750,1728
testassemblies456,1725
testassemblies307,1719
testassemblies381,1719
testassemblies443,1719
testassemblies224,1713
testassemblies1068,1707
testassemblies715,1706
testassemblies395,1705
testassemblies783,1705
testassemblies823,1692
testassemblies593,1690
testassemblies147,1681
testassemblies142,1679
testassemblies296,1671
testassemblies989,1668
testassemblies470,1666
testassemblies189,1660
testassemblies486,1657
testassemblies154,1655
testassemblies354,1654
testassemblies493,1652
testassemblies515,1646
testassemblies759,1624
testassemblies358,1605
testassemblies208,1604
testassemblies1056,1599
testassemblies719,1597
testassemblies310,1596
testassemblies1058,1590
testassemblies1076,1585
testassemblies235,1585
testassemblies426,1582
testassemblies391,1573
testassemblies562,1570
testassemblies283,1561
testassemblies760,1547
testassemblies1072,1544
testassemblies520,1542
testassemblies648,1540
testassemblies682,1536
testassemblies244,1526
testassemblies42,1525
testassemblies416,1523
testassemblies627,1518
testassemblies445,1516
testassemblies680,1514
testassemblies1041,1511
testassemblies1036,1503
testassemblies797,1503
testassemblies922,1503
testassemblies616,1502
testassemblies98,1500
testassemblies433,1498
testassemblies666,1497
testassemblies270,1495
testassemblies1030,1489
testassemblies1032,1485
testassemblies114,1485
testassemblies350,1485
testassemblies889,1482
testassemblies748,1473
testassemblies169,1471
testassemblies364,1470
testassemblies339,1469
testassemblies970,1465
testassemblies313,1456
testassemblies920,1443
testassemblies908,1441
testassemblies875,1437
testassemblies589,1436
testassemblies179,1434
testassemblies592,1431
testassemblies795,1421
testassemblies1011,1420
testassemblies111,1420
testassemblies756,1409
testassemblies1017,1406
testassemblies347,1405
testassemblies435,1401
testassemblies929,1398
testassemblies225,1394
testassemblies577,1393
testassemblies980,1393
testassemblies84,1390
testassemblies135,1387
testassemblies947,1387
testassemblies844,1386
testassemblies994,1384
testassemblies104,1380
testassemblies848,1371
testassemblies140,1370
testassemblies144,1369
testassemblies156,1364
testassemblies182,1364
testassemblies966,1364
testassemblies981,1364
testassemblies853,1363
testassemblies1028,1360
testassemblies861,1355
testassemblies328,1352
testassemblies1016,1348
testassemblies913,1344
testassemblies137,1342
testassemblies655,1337
testassemblies325,1327
testassemblies103,1323
testassemblies330,1319
testassemblies488,1318
testassemblies223,1311
testassemblies901,1305
testassemblies985,1297
testassemblies311,1293
testassemblies454,1293
testassemblies533,1292
testassemblies886,1289
testassemblies277,1284
testassemblies705,1283
testassemblies146,1282
testassemblies904,1282
testassemblies331,1279
testassemblies838,1277
testassemblies1054,1271
testassemblies998,1267
testassemblies895,1265
testassemblies961,1262
testassemblies175,1260
testassemblies99,1258
testassemblies1066,1257
testassemblies548,1257
testassemblies203,1250
testassemblies964,1248
testassemblies545,1243
testassemblies1079,1240
testassemblies394,1240
testassemblies697,1238
testassemblies969,1236
testassemblies1046,1234
testassemblies524,1233
testassemblies272,1232
testassemblies751,1230
testassemblies359,1229
testassemblies490,1226
testassemblies570,1225
testassemblies150,1224
testassemblies822,1223
testassemblies40,1220
testassemblies898,1219
testassemblies650,1218
testassemblies1057,1217
testassemblies73,1217
testassemblies990,1213
testassemblies670,1212
testassemblies173,1210
testassemblies384,1210
testassemblies1013,1206
testassemblies1026,1202
testassemblies767,1198
testassemblies868,1198
testassemblies86,1198
testassemblies248,1191
testassemblies890,1191
testassemblies749,1176
testassemblies406,1175
testassemblies355,1174
testassemblies136,1170
testassemblies229,1166
testassemblies1006,1164
testassemblies733,1163
testassemblies319,1159
testassemblies1042,1157
testassemblies70,1157
testassemblies768,1151
testassemblies538,1150
testassemblies1081,1145
testassemblies215,1137
testassemblies322,1137
testassemblies683,1137
testassemblies473,1136
testassemblies884,1136
testassemblies205,1133
testassemblies243,1131
testassemblies651,1126
testassemblies501,1125
testassemblies959,1124
testassemblies769,1120
testassemblies1090,1115
testassemblies107,1107
testassemblies1050,1103
testassemblies669,1102
testassemblies408,1094
testassemblies974,1089
testassemblies714,1088
testassemblies514,1087
testassemblies289,1081
testassemblies266,1076
testassemblies576,1075
testassemblies951,1073
testassemblies734,1064
testassemblies472,1062
testassemblies794,1061
testassemblies1031,1057
testassemblies1059,1056
testassemblies801,1055
testassemblies882,1054
testassemblies766,1051
testassemblies926,1048
testassemblies686,1047
testassemblies288,1045
testassemblies534,1044
testassemblies565,1044
testassemblies661,1041
testassemblies1044,1040
testassemblies963,1037
testassemblies842,1034
testassemblies657,1027
testassemblies597,1023
testassemblies166,1020
testassemblies956,1019
testassemblies639,1018
testassemblies859,1013
testassemblies185,1011
testassemblies723,1007
testassemblies1009,996
testassemblies141,996
testassemblies701,993
testassemblies249,991
testassemblies83,991
testassemblies464,986
testassemblies716,981
testassemblies696,976
testassemblies115,974
testassemblies952,974
testassemblies349,968
testassemblies664,967
testassemblies1071,966
testassemblies504,965
testassemblies477,958
testassemblies531,955
testassemblies90,954
testassemblies217,945
testassemblies412,941
testassemblies134,926
testassemblies161,921
testassemblies1051,919
testassemblies730,916
testassemblies295,910
testassemblies834,910
testassemblies188,898
testassemblies499,895
testassemblies914,895
testassemblies138,884
testassemblies291,877
testassemblies600,871
testassemblies451,867
testassemblies549,862
testassemblies1002,860
testassemblies108,858
testassemblies687,856
testassemblies211,852
testassemblies106,837
testassemblies237,837
testassemblies1080,832
testassemblies866,828
testassemblies116,818
testassemblies546,815
testassemblies824,814
testassemblies931,809
testassemblies983,809
testassemblies497,807
testassemblies624,807
testassemblies833,806
testassemblies940,804
testassemblies305,785
testassemblies631,783
testassemblies231,781
testassemblies807,780
testassemblies498,777
testassemblies398,768
testassemblies1088,767
testassemblies841,764
testassemblies540,763
testassemblies123,762
testassemblies637,759
testassemblies917,755
testassemblies626,750
testassemblies39,747
testassemblies1082,746
testassemblies506,746
testassemblies1091,744
testassemblies689,744
testassemblies422,743
testassemblies157,742
testassemblies610,741
testassemblies772,741
testassemblies194,735
testassemblies415,734
testassemblies668,732
testassemblies407,725
testassemblies731,718
testassemblies1018,716
testassemblies585,716
testassemblies127,708
testassemblies694,702
testassemblies706,702
testassemblies276,698
testassemblies447,695
testassemblies930,695
testassemblies893,694
testassemblies897,694
testassemblies808,692
testassemblies192,681
testassemblies118,671
testassemblies518,671
testassemblies309,663
testassemblies771,651
testassemblies558,645
testassemblies622,638
testassemblies752,637
testassemblies729,635
testassemblies170,629
testassemblies960,625
testassemblies1033,620
testassemblies379,616
testassemblies460,615
testassemblies816,613
testassemblies47,596
testassemblies210,594
testassemblies197,593
testassemblies741,592
testassemblies595,590
testassemblies48,583
testassemblies46,582
testassemblies613,568
testassemblies281,557
testassemblies677,557
testassemblies839,556
testassemblies418,554
testassemblies688,554
testassemblies804,553
testassemblies621,550
testassemblies278,547
testassemblies535,544
testassemblies743,538
testassemblies507,535
testassemblies629,535
testassemblies603,529
testassemblies367,522
testassemblies1095,515
testassemblies713,510
testassemblies1053,501
testassemblies293,500
testassemblies527,492
testassemblies241,485
testassemblies37,484
testassemblies513,474
testassemblies851,458
testassemblies441,455
testassemblies858,454
testassemblies724,442
testassemblies353,441
testassemblies943,434
testassemblies742,426
testassemblies1027,425
testassemblies420,420
testassemblies1102,414
testassemblies492,412
testassemblies105,410
testassemblies997,410
testassemblies800,404
testassemblies999,402
testassemblies130,397
testassemblies128,391
testassemblies615,386
testassemblies396,381
testassemblies873,380
testassemblies679,379
testassemblies788,373
testassemblies958,372
testassemblies856,370
testassemblies865,369
testassemblies864,367
testassemblies404,365
testassemblies634,365
testassemblies36,364
testassemblies1052,359
testassemblies430,352
testassemblies271,344
testassemblies417,339
testassemblies692,338
testassemblies155,336
testassemblies547,336
testassemblies863,336
testassemblies630,329
testassemblies368,326
testassemblies457,325
testassemblies1063,322
testassemblies337,322
testassemblies444,320
testassemblies555,318
testassemblies764,315
testassemblies708,313
testassemblies133,306
testassemblies321,303
testassemblies378,292
testassemblies253,287
testassemblies726,282
testassemblies1075,280
testassemblies76,280
testassemblies190,251
testassemblies22,249
testassemblies346,249
testassemblies411,230
testassemblies647,230
testassemblies551,223
testassemblies840,215
testassemblies33,214
testassemblies370,211
testassemblies302,210
testassemblies316,210
testassemblies262,209
testassemblies437,202
testassemblies735,194
testassemblies590,182
testassemblies830,182
testassemblies481,172
testassemblies1003,169
testassemblies183,167
testassemblies827,156
testassemblies862,155
testassemblies45,152
testassemblies369,151
testassemblies872,148
testassemblies366,144
testassemblies537,143
testassemblies318,142
testassemblies870,142
testassemblies287,138
testassemblies51,138
testassemblies837,137
testassemblies50,131
testassemblies6,130
testassemblies10,129
testassemblies857,122
testassemblies52,111
testassemblies826,110
testassemblies707,109
testassemblies7,108
testassemblies209,107
testassemblies792,107
testassemblies375,103
testassemblies502,102
testassemblies709,102
testassemblies34,99
testassemblies831,93
testassemblies691,91
testassemblies72,84
testassemblies474,83
testassemblies212,80
testassemblies400,75
testassemblies690,72
testassemblies306,69
testassemblies672,68
testassemblies92,68
testassemblies315,62
testassemblies468,57
testassemblies55,57
testassemblies245,46
testassemblies721,45
testassemblies74,44
testassemblies91,38
testassemblies462,34
testassemblies508,32
testassemblies1021,29
testassemblies56,27
testassemblies365,26
testassemblies640,25
testassemblies439,24
testassemblies49,24
testassemblies573,24
testassemblies195,23
testassemblies442,22
testassemblies57,22
testassemblies799,22
testassemblies32,21
testassemblies132,19
testassemblies109,17
testassemblies184,15
testassemblies544,13
testassemblies1093,11
testassemblies119,10
testassemblies374,10
testassemblies434,10
testassemblies78,10
testassemblies28,9
testassemblies333,9
testassemblies438,9
testassemblies1098,7
testassemblies255,7
testassemblies649,7
testassemblies95,6
testassemblies61,5
testassemblies814,5
testassemblies317,4
testassemblies448,4
testassemblies480,4
testassemblies536,4
testassemblies525,3
testassemblies815,3
testassemblies1065,2
testassemblies58,2
testassemblies1100,1
