testassemblies57,2902
testassemblies40,2518
testassemblies274,1792
testassemblies25,1717
testassemblies154,1661
testassemblies305,1653
testassemblies34,1621
testassemblies24,1601
testassemblies163,1594
testassemblies50,1583
testassemblies108,1580
testassemblies215,1575
testassemblies45,1464
testassemblies85,1463
testassemblies21,1425
testassemblies144,1403
testassemblies105,1391
testassemblies128,1383
testassemblies70,1347
testassemblies56,1318
testassemblies401,1311
testassemblies222,1308
testassemblies239,1307
testassemblies31,1307
testassemblies267,1303
testassemblies98,1290
testassemblies115,1281
testassemblies406,1275
testassemblies168,1222
testassemblies142,1215
testassemblies308,1197
testassemblies319,1185
testassemblies145,1176
testassemblies491,1176
testassemblies352,1175
testassemblies155,1167
testassemblies54,1167
testassemblies184,1161
testassemblies33,1158
testassemblies251,1151
testassemblies81,1151
testassemblies419,1142
testassemblies385,1140
testassemblies259,1114
testassemblies403,1113
testassemblies29,1109
testassemblies238,1094
testassemblies432,1080
testassemblies124,1072
testassemblies210,1070
testassemblies390,1070
testassemblies446,1070
testassemblies121,1066
testassemblies74,1064
testassemblies136,1061
testassemblies312,1058
testassemblies329,1053
testassemblies261,1051
testassemblies283,1044
testassemblies135,1029
testassemblies194,1009
testassemblies93,969
testassemblies346,967
testassemblies91,965
testassemblies257,952
testassemblies76,940
testassemblies44,938
testassemblies165,931
testassemblies197,930
testassemblies326,925
testassemblies131,921
testassemblies425,918
testassemblies318,908
testassemblies201,907
testassemblies336,906
testassemblies188,900
testassemblies214,900
testassemblies153,899
testassemblies496,896
testassemblies190,880
testassemblies394,878
testassemblies338,863
testassemblies211,861
testassemblies2,860
testassemblies228,855
testassemblies176,850
testassemblies221,849
testassemblies114,847
testassemblies198,845
testassemblies289,844
testassemblies205,837
testassemblies242,821
testassemblies255,821
testassemblies199,820
testassemblies295,817
testassemblies89,816
testassemblies200,812
testassemblies364,810
testassemblies252,808
testassemblies334,806
testassemblies427,804
testassemblies459,804
testassemblies183,795
testassemblies275,783
testassemblies472,778
testassemblies96,768
testassemblies490,764
testassemblies268,760
testassemblies431,756
testassemblies315,750
testassemblies151,746
testassemblies404,738
testassemblies156,733
testassemblies186,729
testassemblies111,728
testassemblies369,712
testassemblies389,708
testassemblies67,701
testassemblies53,694
testassemblies439,693
testassemblies138,688
testassemblies82,688
testassemblies158,687
testassemblies375,685
testassemblies166,684
testassemblies350,683
testassemblies284,681
testassemblies216,679
testassemblies69,679
testassemblies208,677
testassemblies366,676
testassemblies170,675
testassemblies409,673
testassemblies423,673
testassemblies377,668
testassemblies484,668
testassemblies367,666
testassemblies38,666
testassemblies59,665
testassemblies291,658
testassemblies100,654
testassemblies410,653
testassemblies440,652
testassemblies62,644
testassemblies120,640
testassemblies359,640
testassemblies225,636
testassemblies280,636
testassemblies123,628
testassemblies277,627
testassemblies461,627
testassemblies449,626
testassemblies109,624
testassemblies173,620
testassemblies324,617
testassemblies293,616
testassemblies182,610
testassemblies302,606
testassemblies310,606
testassemblies450,606
testassemblies212,605
testassemblies362,603
testassemblies447,596
testassemblies161,594
testassemblies149,591
testassemblies234,579
testassemblies271,577
testassemblies65,577
testassemblies476,576
testassemblies443,575
testassemblies494,573
testassemblies304,570
testassemblies341,565
testassemblies3,565
testassemblies426,559
testassemblies417,547
testassemblies272,546
testassemblies180,542
testassemblies452,542
testassemblies405,540
testassemblies11,533
testassemblies181,533
testassemblies245,533
testassemblies103,530
testassemblies160,525
testassemblies126,520
testassemblies458,516
testassemblies220,514
testassemblies393,513
testassemblies249,508
testassemblies489,504
testassemblies48,503
testassemblies413,499
testassemblies456,494
testassemblies51,494
testassemblies13,490
testassemblies422,483
testassemblies132,477
testassemblies218,473
testassemblies192,471
testassemblies356,465
testassemblies79,462
testassemblies246,461
testassemblies399,460
testassemblies418,459
testassemblies203,458
testassemblies118,456
testassemblies171,451
testassemblies264,451
testassemblies146,449
testassemblies66,447
testassemblies397,443
testassemblies355,438
testassemblies383,436
testassemblies473,428
testassemblies353,423
testassemblies150,422
testassemblies262,422
testassemblies35,421
testassemblies360,420
testassemblies73,417
testassemblies87,417
testassemblies286,415
testassemblies328,415
testassemblies466,412
testassemblies300,404
testassemblies482,395
testassemblies243,385
testassemblies454,384
testassemblies372,383
testassemblies236,382
testassemblies493,381
testassemblies354,378
testassemblies159,376
testassemblies137,357
testassemblies467,355
testassemblies481,355
testassemblies335,353
testassemblies107,352
testassemblies407,351
testassemblies381,345
testassemblies380,341
testassemblies492,319
testassemblies130,318
testassemblies232,318
testassemblies311,313
testassemblies441,308
testassemblies348,297
testassemblies386,296
testassemblies437,294
testassemblies204,284
testassemblies497,277
testassemblies140,262
testassemblies27,254
testassemblies463,254
testassemblies229,252
testassemblies253,241
testassemblies378,241
testassemblies331,237
testassemblies99,210
testassemblies468,198
testassemblies297,182
testassemblies343,177
testassemblies358,169
testassemblies322,166
testassemblies429,161
testassemblies9,156
testassemblies436,149
testassemblies8,144
testassemblies94,144
testassemblies6,82
testassemblies384,38
testassemblies122,27
testassemblies395,26
testassemblies206,25
testassemblies412,25
testassemblies157,23
testassemblies398,21
testassemblies83,21
testassemblies382,20
testassemblies61,19
testassemblies273,18
testassemblies444,18
testassemblies451,18
testassemblies244,17
testassemblies290,17
testassemblies86,17
testassemblies193,16
testassemblies455,16
testassemblies495,16
testassemblies445,15
testassemblies376,14
testassemblies18,13
testassemblies233,13
testassemblies43,13
testassemblies164,11
testassemblies177,11
testassemblies464,11
testassemblies101,10
testassemblies224,10
testassemblies337,10
testassemblies125,9
testassemblies162,9
testassemblies16,9
testassemblies217,9
testassemblies250,9
testassemblies387,9
testassemblies453,9
testassemblies185,8
testassemblies247,8
testassemblies113,7
testassemblies17,7
testassemblies285,7
testassemblies52,7
testassemblies64,7
testassemblies169,6
testassemblies202,6
testassemblies241,6
testassemblies266,6
testassemblies371,6
testassemblies392,6
testassemblies219,5
testassemblies22,5
testassemblies23,5
testassemblies307,5
testassemblies379,5
testassemblies402,5
testassemblies415,5
testassemblies75,5
testassemblies147,4
testassemblies313,4
testassemblies361,4
testassemblies420,4
testassemblies448,4
testassemblies498,4
testassemblies174,3
testassemblies248,3
testassemblies30,3
testassemblies321,3
testassemblies396,3
testassemblies428,3
testassemblies71,3
testassemblies178,2
testassemblies179,2
testassemblies235,2
testassemblies254,2
testassemblies265,2
testassemblies279,2
testassemblies303,2
testassemblies327,2
testassemblies332,2
testassemblies351,2
testassemblies357,2
testassemblies363,2
testassemblies46,2
testassemblies47,2
testassemblies480,2
testassemblies63,2
testassemblies102,1
testassemblies127,1
testassemblies129,1
testassemblies12,1
testassemblies133,1
testassemblies139,1
testassemblies143,1
testassemblies240,1
testassemblies281,1
testassemblies282,1
testassemblies294,1
testassemblies298,1
testassemblies317,1
testassemblies325,1
testassemblies340,1
testassemblies487,1
testassemblies49,1
testassemblies68,1
testassemblies72,1
