testassemblies110,21967
testassemblies262,19346
testassemblies355,18914
testassemblies819,18048
testassemblies1047,17885
testassemblies306,17622
testassemblies1184,17183
testassemblies606,17104
testassemblies322,16903
testassemblies189,16512
testassemblies670,16284
testassemblies372,16167
testassemblies763,15841
testassemblies523,15438
testassemblies101,15334
testassemblies836,15117
testassemblies417,15092
testassemblies381,14179
testassemblies167,13976
testassemblies155,13856
testassemblies973,13166
testassemblies448,12481
testassemblies156,12362
testassemblies569,12225
testassemblies168,12037
testassemblies619,12022
testassemblies528,11681
testassemblies643,11679
testassemblies265,11502
testassemblies35,11441
testassemblies682,11311
testassemblies1013,11276
testassemblies134,11255
testassemblies1118,11105
testassemblies216,11033
testassemblies663,11004
testassemblies118,10976
testassemblies394,10944
testassemblies194,10672
testassemblies899,10646
testassemblies696,10561
testassemblies849,10506
testassemblies924,10496
testassemblies321,10172
testassemblies243,10146
testassemblies998,10119
testassemblies868,9748
testassemblies33,9741
testassemblies301,9656
testassemblies325,9646
testassemblies897,9465
testassemblies578,9363
testassemblies162,9267
testassemblies252,9134
testassemblies605,9109
testassemblies100,9105
testassemblies720,8889
testassemblies141,8867
testassemblies132,8634
testassemblies475,8216
testassemblies791,8053
testassemblies161,7878
testassemblies1003,7581
testassemblies589,7479
testassemblies247,7418
testassemblies542,7393
testassemblies509,7364
testassemblies1064,7329
testassemblies947,7298
testassemblies241,7172
testassemblies645,7105
testassemblies666,7104
testassemblies270,7052
testassemblies782,6882
testassemblies624,6879
testassemblies441,6825
testassemblies429,6770
testassemblies750,6759
testassemblies456,6740
testassemblies224,6728
testassemblies231,6696
testassemblies414,6684
testassemblies816,6648
testassemblies264,6641
testassemblies320,6492
testassemblies987,6491
testassemblies621,6487
testassemblies223,6481
testassemblies1020,6467
testassemblies343,6459
testassemblies959,6420
testassemblies421,6406
testassemblies105,6331
testassemblies157,6327
testassemblies638,6324
testassemblies776,6282
testassemblies879,6269
testassemblies483,6249
testassemblies876,6217
testassemblies1123,6144
testassemblies130,6142
testassemblies551,6107
testassemblies512,6100
testassemblies1080,6082
testassemblies527,6004
testassemblies719,5997
testassemblies824,5961
testassemblies115,5955
testassemblies1063,5951
testassemblies178,5941
testassemblies926,5860
testassemblies256,5821
testassemblies885,5785
testassemblies1053,5741
testassemblies966,5741
testassemblies228,5723
testassemblies940,5723
testassemblies809,5700
testassemblies559,5692
testassemblies971,5691
testassemblies946,5689
testassemblies537,5644
testassemblies724,5635
testassemblies526,5594
testassemblies407,5583
testassemblies500,5581
testassemblies590,5535
testassemblies1018,5526
testassemblies535,5520
testassemblies883,5423
testassemblies113,5397
testassemblies392,5396
testassemblies740,5396
testassemblies374,5389
testassemblies674,5388
testassemblies515,5352
testassemblies514,5316
testassemblies219,5284
testassemblies1104,5277
testassemblies525,5274
testassemblies211,5208
testassemblies486,5187
testassemblies293,5186
testassemblies852,5172
testassemblies433,5161
testassemblies195,5128
testassemblies846,5110
testassemblies287,5100
testassemblies40,5098
testassemblies1143,5085
testassemblies837,5083
testassemblies871,5062
testassemblies706,5031
testassemblies937,5026
testassemblies888,5024
testassemblies58,5023
testassemblies288,5017
testassemblies1156,4996
testassemblies607,4990
testassemblies568,4989
testassemblies604,4961
testassemblies92,4960
testassemblies82,4941
testassemblies1175,4881
testassemblies1012,4866
testassemblies125,4866
testassemblies697,4839
testassemblies508,4830
testassemblies334,4808
testassemblies1051,4806
testassemblies598,4785
testassemblies710,4765
testassemblies1024,4738
testassemblies466,4732
testassemblies16,4721
testassemblies831,4711
testassemblies956,4709
testassemblies1102,4697
testassemblies892,4695
testassemblies200,4649
testassemblies557,4636
testassemblies209,4606
testassemblies547,4591
testassemblies1050,4579
testassemblies201,4561
testassemblies943,4545
testassemblies990,4535
testassemblies671,4514
testassemblies777,4503
testassemblies88,4478
testassemblies1096,4476
testassemblies213,4473
testassemblies550,4468
testassemblies197,4458
testassemblies790,4430
testassemblies977,4398
testassemblies294,4389
testassemblies602,4389
testassemblies969,4359
testassemblies912,4344
testassemblies689,4340
testassemblies639,4336
testassemblies147,4330
testassemblies683,4325
testassemblies142,4303
testassemblies758,4297
testassemblies408,4253
testassemblies198,4248
testassemblies472,4218
testassemblies518,4200
testassemblies487,4167
testassemblies573,4166
testassemblies95,4162
testassemblies203,4161
testassemblies481,4157
testassemblies153,4138
testassemblies964,4134
testassemblies352,4105
testassemblies1116,4082
testassemblies369,4021
testassemblies567,3987
testassemblies922,3952
testassemblies505,3928
testassemblies905,3895
testassemblies403,3880
testassemblies801,3868
testassemblies176,3796
testassemblies718,3789
testassemblies38,3738
testassemblies858,3716
testassemblies164,3709
testassemblies994,3696
testassemblies513,3617
testassemblies1154,3598
testassemblies1062,3582
testassemblies375,3577
testassemblies857,3569
testassemblies957,3562
testassemblies622,3552
testassemblies316,3527
testassemblies329,3514
testassemblies690,3505
testassemblies298,3502
testassemblies391,3492
testassemblies592,3477
testassemblies611,3463
testassemblies800,3442
testassemblies169,3439
testassemblies1015,3394
testassemblies738,3394
testassemblies597,3383
testassemblies909,3380
testassemblies541,3342
testassemblies839,3302
testassemblies1046,3294
testassemblies650,3215
testassemblies420,3161
testassemblies921,3158
testassemblies896,3150
testassemblies646,3144
testassemblies599,3110
testassemblies659,3109
testassemblies629,3105
testassemblies434,3098
testassemblies928,3079
testassemblies991,3074
testassemblies811,3053
testassemblies299,3003
testassemblies151,2999
testassemblies123,2986
testassemblies245,2985
testassemblies309,2976
testassemblies146,2966
testassemblies635,2931
testassemblies709,2912
testassemblies835,2911
testassemblies186,2910
testassemblies402,2903
testassemblies869,2878
testassemblies1078,2859
testassemblies687,2859
testassemblies276,2840
testassemblies999,2765
testassemblies911,2738
testassemblies504,2724
testassemblies341,2708
testassemblies152,2693
testassemblies1004,2657
testassemblies444,2637
testassemblies112,2602
testassemblies653,2575
testassemblies617,2544
testassemblies822,2505
testassemblies1039,2440
testassemblies648,2427
testassemblies290,2423
testassemblies834,2395
testassemblies471,2388
testassemblies273,2383
testassemblies812,2374
testassemblies623,2369
testassemblies469,2361
testassemblies793,2334
testassemblies446,2290
testassemblies581,2283
testassemblies367,2272
testassemblies307,2214
testassemblies890,2193
testassemblies637,2173
testassemblies1107,2162
testassemblies910,2119
testassemblies268,2100
testassemblies1155,2063
testassemblies1084,2055
testassemblies872,2050
testassemblies702,2022
testassemblies286,2020
testassemblies150,2018
testassemblies358,2014
testassemblies1032,1970
testassemblies583,1940
testassemblies226,1877
testassemblies445,1862
testassemblies1129,1854
testassemblies235,1847
testassemblies1158,1843
testassemblies1176,1836
testassemblies1208,1834
testassemblies283,1832
testassemblies1172,1830
testassemblies1209,1829
testassemblies960,1829
testassemblies282,1828
testassemblies1141,1826
testassemblies1140,1824
testassemblies1206,1822
testassemblies312,1814
testassemblies465,1806
testassemblies1203,1803
testassemblies383,1803
testassemblies315,1802
testassemblies331,1802
testassemblies490,1802
testassemblies626,1802
testassemblies768,1799
testassemblies1166,1793
testassemblies1136,1791
testassemblies1198,1790
testassemblies814,1788
testassemblies1186,1786
testassemblies688,1782
testassemblies1070,1779
testassemblies1069,1775
testassemblies769,1774
testassemblies1179,1773
testassemblies923,1772
testassemblies1006,1771
testassemblies269,1765
testassemblies384,1758
testassemblies982,1750
testassemblies1193,1744
testassemblies1204,1740
testassemblies574,1719
testassemblies1212,1715
testassemblies1183,1706
testassemblies679,1702
testassemblies480,1696
testassemblies129,1680
testassemblies874,1663
testassemblies884,1663
testassemblies55,1651
testassemblies992,1639
testassemblies240,1636
testassemblies499,1573
testassemblies349,1557
testassemblies721,1542
testassemblies135,1523
testassemblies989,1502
testassemblies717,1488
testassemblies704,1461
testassemblies561,1445
testassemblies761,1417
testassemblies337,1409
testassemblies1119,1336
testassemblies377,1336
testassemblies787,1334
testassemblies1014,1296
testassemblies832,1295
testassemblies854,1269
testassemblies1125,1262
testassemblies881,1252
testassemblies844,1225
testassemblies1191,1200
testassemblies50,1188
testassemblies239,1165
testassemblies412,1159
testassemblies934,1159
testassemblies1130,1156
testassemblies558,1152
testassemblies1071,1151
testassemblies52,1150
testassemblies1087,1129
testassemblies1188,1129
testassemblies45,1128
testassemblies630,1126
testassemblies159,1124
testassemblies1194,1123
testassemblies1195,1122
testassemblies491,1112
testassemblies925,1111
testassemblies48,1110
testassemblies929,1103
testassemblies665,1096
testassemblies485,1079
testassemblies96,1076
testassemblies1124,1074
testassemblies1008,1070
testassemblies1041,1064
testassemblies1142,1061
testassemblies54,1055
testassemblies770,1053
testassemblies47,1051
testassemblies46,1048
testassemblies49,1046
testassemblies51,1043
testassemblies1148,1037
testassemblies56,1036
testassemblies1055,1033
testassemblies1182,1033
testassemblies53,1029
testassemblies284,1027
testassemblies1153,1021
testassemblies338,1021
testassemblies1201,1020
testassemblies1199,1019
testassemblies237,1017
testassemblies507,1013
testassemblies175,999
testassemblies149,990
testassemblies916,975
testassemblies779,963
testassemblies553,929
testassemblies975,906
testassemblies766,882
testassemblies126,873
testassemblies636,873
testassemblies336,872
testassemblies826,869
testassemblies1036,864
testassemblies562,857
testassemblies138,856
testassemblies560,848
testassemblies165,823
testassemblies280,813
testassemblies941,805
testassemblies1076,793
testassemblies206,793
testassemblies596,783
testassemblies1017,769
testassemblies460,767
testassemblies919,760
testassemblies455,744
testassemblies722,738
testassemblies365,721
testassemblies459,720
testassemblies634,717
testassemblies698,713
testassemblies102,709
testassemblies1001,701
testassemblies409,696
testassemblies520,695
testassemblies416,691
testassemblies1127,690
testassemblies356,682
testassemblies545,671
testassemblies609,666
testassemblies692,662
testassemblies735,654
testassemblies807,648
testassemblies613,638
testassemblies731,625
testassemblies887,619
testassemblies1074,617
testassemblies1090,608
testassemblies120,607
testassemblies180,607
testassemblies980,603
testassemblies668,602
testassemblies395,578
testassemblies1189,573
testassemblies279,570
testassemblies464,570
testassemblies1128,567
testassemblies1147,567
testassemblies259,567
testassemblies398,567
testassemblies183,565
testassemblies473,565
testassemblies736,563
testassemblies114,559
testassemblies281,558
testassemblies1211,557
testassemblies1192,548
testassemblies1207,547
testassemblies1007,544
testassemblies1187,533
testassemblies233,528
testassemblies1098,521
testassemblies122,521
testassemblies234,518
testassemblies14,516
testassemblies389,516
testassemblies1185,510
testassemblies1190,506
testassemblies979,503
testassemblies90,501
testassemblies972,500
testassemblies1139,499
testassemblies1157,498
testassemblies488,498
testassemblies1202,497
testassemblies1040,495
testassemblies1171,495
testassemblies805,494
testassemblies426,492
testassemblies1048,491
testassemblies1178,487
testassemblies1165,483
testassemblies1177,483
testassemblies907,483
testassemblies1111,482
testassemblies1200,481
testassemblies685,472
testassemblies62,468
testassemblies891,468
testassemblies64,462
testassemblies238,452
testassemblies382,451
testassemblies749,445
testassemblies564,440
testassemblies20,438
testassemblies1054,436
testassemblies326,426
testassemblies601,426
testassemblies944,426
testassemblies1043,423
testassemblies1120,407
testassemblies767,407
testassemblies936,398
testassemblies253,396
testassemblies786,396
testassemblies584,394
testassemblies1210,389
testassemblies701,387
testassemblies303,386
testassemblies864,380
testassemblies1092,377
testassemblies439,377
testassemblies1174,375
testassemblies656,370
testassemblies1082,368
testassemblies756,368
testassemblies691,366
testassemblies1068,365
testassemblies716,354
testassemblies436,343
testassemblies915,339
testassemblies522,335
testassemblies489,330
testassemblies1205,323
testassemblies462,321
testassemblies69,316
testassemblies72,316
testassemblies741,315
testassemblies327,314
testassemblies71,313
testassemblies774,311
testassemblies376,309
testassemblies1101,308
testassemblies1057,304
testassemblies18,301
testassemblies1110,300
testassemblies970,295
testassemblies1197,292
testassemblies202,291
testassemblies728,290
testassemblies1135,288
testassemblies119,288
testassemblies1196,286
testassemblies57,285
testassemblies1163,282
testassemblies661,277
testassemblies66,276
testassemblies1028,275
testassemblies501,275
testassemblies995,275
testassemblies519,273
testassemblies1137,271
testassemblies1073,267
testassemblies649,263
testassemblies815,263
testassemblies675,261
testassemblies681,260
testassemblies385,251
testassemblies60,250
testassemblies641,249
testassemblies760,245
testassemblies1100,244
testassemblies552,240
testassemblies838,238
testassemblies103,235
testassemblies422,235
testassemblies1038,230
testassemblies747,230
testassemblies845,230
testassemblies257,222
testassemblies510,219
testassemblies4,216
testassemblies804,216
testassemblies5,215
testassemblies672,212
testassemblies700,211
testassemblies757,211
testassemblies775,209
testassemblies772,208
testassemblies431,207
testassemblies364,196
testassemblies579,196
testassemblies357,194
testassemblies880,194
testassemblies435,188
testassemblies111,172
testassemblies903,170
testassemblies190,166
testassemblies773,164
testassemblies1009,163
testassemblies1060,163
testassemblies859,161
testassemblies908,160
testassemblies70,158
testassemblies68,157
testassemblies318,155
testassemblies708,153
testassemblies962,152
testassemblies424,151
testassemblies493,150
testassemblies850,149
testassemblies173,147
testassemblies39,145
testassemblies1106,143
testassemblies184,140
testassemblies593,140
testassemblies124,138
testassemblies506,135
testassemblies1134,132
testassemblies576,128
testassemblies144,127
testassemblies808,126
testassemblies755,125
testassemblies413,123
testassemblies732,120
testassemblies1026,118
testassemblies707,118
testassemblies866,117
testassemblies902,116
testassemblies904,115
testassemblies1214,111
testassemblies958,111
testassemblies401,110
testassemblies1079,108
testassemblies15,108
testassemblies362,106
testassemblies952,102
testassemblies781,100
testassemblies863,100
testassemblies261,96
testassemblies300,94
testassemblies191,92
testassemblies274,92
testassemblies554,91
testassemblies221,89
testassemblies3,89
testassemblies1093,87
testassemblies17,87
testassemblies861,87
testassemblies63,84
testassemblies1099,83
testassemblies267,83
testassemblies1081,81
testassemblies664,78
testassemblies942,75
testassemblies930,74
testassemblies19,73
testassemblies785,73
testassemblies771,72
testassemblies1056,69
testassemblies484,69
testassemblies59,68
testassemblies61,67
testassemblies21,66
testassemblies1016,65
testassemblies1072,65
testassemblies1075,65
testassemblies753,65
testassemblies1162,64
testassemblies13,64
testassemblies250,63
testassemblies218,61
testassemblies652,61
testassemblies236,60
testassemblies1138,59
testassemblies1061,57
testassemblies1152,56
testassemblies199,56
testassemblies1042,55
testassemblies1144,55
testassemblies292,54
testassemblies443,54
testassemblies478,54
testassemblies335,53
testassemblies454,51
testassemblies404,50
testassemblies614,49
testassemblies81,49
testassemblies1067,48
testassemblies217,48
testassemblies737,48
testassemblies935,47
testassemblies494,46
testassemblies185,44
testassemblies313,44
testassemblies22,43
testassemblies405,43
testassemblies1114,42
testassemblies277,42
testassemblies339,42
testassemblies342,42
testassemblies532,42
testassemblies901,42
testassemblies821,41
testassemblies24,40
testassemblies9,40
testassemblies1023,39
testassemblies1131,39
testassemblies350,39
testassemblies117,37
testassemblies829,37
testassemblies23,36
testassemblies266,36
testassemblies432,36
testassemblies1121,35
testassemblies1180,35
testassemblies618,35
testassemblies806,35
testassemblies215,34
testassemblies388,33
testassemblies78,32
testassemblies965,32
testassemblies386,31
testassemblies181,29
testassemblies359,28
testassemblies65,26
testassemblies345,24
testassemblies534,23
testassemblies1213,22
testassemblies556,21
testassemblies570,21
testassemblies396,19
testassemblies449,14
testassemblies996,14
testassemblies468,13
testassemblies726,12
testassemblies37,11
testassemblies655,11
testassemblies810,11
testassemblies555,10
testassemblies616,10
testassemblies651,10
testassemblies1019,9
testassemblies361,4
testassemblies430,1
testassemblies631,1
