testassemblies757,11243
testassemblies86,10455
testassemblies228,10348
testassemblies1292,10254
testassemblies701,10182
testassemblies260,10160
testassemblies225,9986
testassemblies1204,9926
testassemblies536,9920
testassemblies691,9907
testassemblies501,9756
testassemblies786,9457
testassemblies361,9450
testassemblies227,9398
testassemblies148,9359
testassemblies886,9230
testassemblies408,9228
testassemblies502,9165
testassemblies613,9135
testassemblies407,9119
testassemblies85,8690
testassemblies402,8631
testassemblies209,8512
testassemblies593,8480
testassemblies785,8480
testassemblies1271,8444
testassemblies543,8236
testassemblies338,8188
testassemblies499,8130
testassemblies84,8090
testassemblies1028,8001
testassemblies323,7990
testassemblies330,7918
testassemblies248,7879
testassemblies860,7837
testassemblies395,7804
testassemblies784,7804
testassemblies662,7798
testassemblies936,7697
testassemblies874,7678
testassemblies315,7660
testassemblies1220,7627
testassemblies750,7557
testassemblies337,7529
testassemblies306,7449
testassemblies1024,7393
testassemblies742,7364
testassemblies423,7361
testassemblies802,7352
testassemblies769,7174
testassemblies953,7150
testassemblies247,7056
testassemblies524,6863
testassemblies555,6688
testassemblies494,6676
testassemblies1214,6604
testassemblies632,6545
testassemblies336,6450
testassemblies1144,6446
testassemblies901,6427
testassemblies868,6325
testassemblies257,6317
testassemblies948,6290
testassemblies334,6270
testassemblies880,6183
testassemblies354,6156
testassemblies904,6049
testassemblies835,6033
testassemblies959,5951
testassemblies1289,5949
testassemblies479,5901
testassemblies865,5742
testassemblies389,5605
testassemblies367,5547
testassemblies764,5483
testassemblies357,5268
testassemblies623,5219
testassemblies1270,5173
testassemblies1288,5156
testassemblies223,4987
testassemblies82,4973
testassemblies660,4950
testassemblies585,4942
testassemblies554,4935
testassemblies394,4895
testassemblies606,4806
testassemblies592,4684
testassemblies596,4665
testassemblies929,4495
testassemblies1212,4470
testassemblies630,4444
testassemblies392,4443
testassemblies664,4427
testassemblies405,4383
testassemblies409,4374
testassemblies324,4355
testassemblies1218,4260
testassemblies893,4230
testassemblies1134,4174
testassemblies397,4053
testassemblies610,4049
testassemblies237,4037
testassemblies923,4018
testassemblies858,3995
testassemblies576,3986
testassemblies540,3978
testassemblies607,3957
testassemblies426,3937
testassemblies817,3902
testassemblies393,3868
testassemblies749,3868
testassemblies839,3841
testassemblies1232,3836
testassemblies621,3836
testassemblies836,3823
testassemblies425,3817
testassemblies572,3731
testassemblies770,3703
testassemblies1278,3672
testassemblies833,3661
testassemblies575,3656
testassemblies359,3650
testassemblies766,3628
testassemblies783,3627
testassemblies351,3605
testassemblies516,3593
testassemblies879,3577
testassemblies950,3566
testassemblies824,3565
testassemblies870,3545
testassemblies1156,3538
testassemblies797,3502
testassemblies892,3479
testassemblies584,3458
testassemblies635,3456
testassemblies410,3451
testassemblies404,3429
testassemblies390,3425
testassemblies468,3408
testassemblies421,3402
testassemblies352,3388
testassemblies954,3360
testassemblies509,3325
testassemblies955,3322
testassemblies1219,3318
testassemblies907,3313
testassemblies743,3310
testassemblies158,3299
testassemblies557,3292
testassemblies487,3291
testassemblies251,3275
testassemblies236,3266
testassemblies1197,3265
testassemblies271,3262
testassemblies1269,3260
testassemblies885,3221
testassemblies491,3212
testassemblies991,3211
testassemblies712,3202
testassemblies166,3199
testassemblies1140,3196
testassemblies1243,3192
testassemblies756,3190
testassemblies918,3188
testassemblies616,3171
testassemblies1235,3142
testassemblies207,3136
testassemblies1231,3134
testassemblies957,3132
testassemblies573,3123
testassemblies707,3110
testassemblies1185,3103
testassemblies1001,3093
testassemblies908,3085
testassemblies617,3062
testassemblies1131,3057
testassemblies658,3029
testassemblies486,3020
testassemblies165,3008
testassemblies325,2999
testassemblies1114,2970
testassemblies796,2964
testassemblies913,2939
testassemblies258,2933
testassemblies755,2917
testassemblies1123,2909
testassemblies700,2909
testassemblies89,2909
testassemblies748,2907
testassemblies1113,2901
testassemblies808,2895
testassemblies250,2893
testassemblies1161,2886
testassemblies1210,2883
testassemblies966,2879
testassemblies656,2862
testassemblies905,2857
testassemblies795,2844
testassemblies348,2842
testassemblies1196,2824
testassemblies1276,2812
testassemblies362,2810
testassemblies638,2803
testassemblies206,2802
testassemblies598,2798
testassemblies1234,2771
testassemblies87,2748
testassemblies465,2738
testassemblies876,2738
testassemblies899,2734
testassemblies1037,2724
testassemblies1205,2719
testassemblies834,2713
testassemblies946,2710
testassemblies492,2685
testassemblies1286,2667
testassemblies403,2666
testassemblies689,2653
testassemblies1148,2648
testassemblies1281,2646
testassemblies1000,2643
testassemblies577,2635
testassemblies366,2621
testassemblies535,2621
testassemblies1071,2604
testassemblies677,2594
testassemblies493,2593
testassemblies156,2592
testassemblies1090,2586
testassemblies152,2576
testassemblies1208,2563
testassemblies754,2554
testassemblies1216,2547
testassemblies313,2546
testassemblies520,2540
testassemblies1143,2527
testassemblies83,2501
testassemblies997,2498
testassemblies958,2496
testassemblies1102,2472
testassemblies869,2468
testassemblies864,2467
testassemblies161,2463
testassemblies241,2461
testassemblies322,2458
testassemblies626,2454
testassemblies368,2450
testassemblies1146,2449
testassemblies895,2449
testassemblies1195,2430
testassemblies80,2425
testassemblies312,2420
testassemblies1139,2417
testassemblies582,2416
testassemblies702,2415
testassemblies541,2383
testassemblies594,2383
testassemblies903,2383
testassemblies217,2337
testassemblies571,2331
testassemblies666,2324
testassemblies399,2305
testassemblies915,2297
testassemblies894,2283
testassemblies387,2274
testassemblies385,2273
testassemblies962,2272
testassemblies105,2268
testassemblies949,2267
testassemblies1063,2262
testassemblies631,2255
testassemblies1118,2243
testassemblies1010,2233
testassemblies1120,2230
testassemblies254,2220
testassemblies391,2214
testassemblies145,2191
testassemblies963,2184
testassemblies580,2160
testassemblies745,2156
testassemblies515,2150
testassemblies741,2149
testassemblies1222,2124
testassemblies224,2120
testassemblies553,2105
testassemblies608,2095
testassemblies668,2086
testassemblies1150,2079
testassemblies981,2076
testassemblies54,2073
testassemblies830,2072
testassemblies382,2069
testassemblies308,2061
testassemblies461,2060
testassemblies518,2056
testassemblies805,2054
testassemblies891,2039
testassemblies1217,2031
testassemblies605,2025
testassemblies538,2023
testassemblies663,2011
testassemblies332,1999
testassemblies1213,1991
testassemblies872,1991
testassemblies688,1989
testassemblies314,1979
testassemblies856,1978
testassemblies1122,1973
testassemblies932,1970
testassemblies1027,1958
testassemblies318,1955
testassemblies827,1912
testassemblies713,1906
testassemblies1211,1896
testassemblies1272,1872
testassemblies1291,1854
testassemblies1083,1853
testassemblies255,1842
testassemblies353,1833
testassemblies321,1831
testassemblies226,1806
testassemblies301,1805
testassemblies484,1802
testassemblies902,1796
testassemblies163,1794
testassemblies634,1782
testassemblies819,1773
testassemblies622,1771
testassemblies311,1770
testassemblies355,1770
testassemblies883,1748
testassemblies513,1713
testassemblies522,1702
testassemblies1008,1687
testassemblies396,1683
testassemblies828,1683
testassemblies208,1666
testassemblies1158,1665
testassemblies667,1631
testassemblies360,1628
testassemblies678,1615
testassemblies498,1613
testassemblies821,1597
testassemblies488,1584
testassemblies884,1581
testassemblies526,1580
testassemblies1023,1562
testassemblies911,1542
testassemblies443,1535
testassemblies952,1530
testassemblies875,1523
testassemblies149,1502
testassemblies300,1486
testassemblies1233,1485
testassemblies878,1468
testassemblies347,1467
testassemblies609,1467
testassemblies277,1457
testassemblies246,1442
testassemblies591,1439
testassemblies583,1433
testassemblies926,1414
testassemblies699,1412
testassemblies898,1408
testassemblies1279,1405
testassemblies112,1400
testassemblies550,1389
testassemblies329,1353
testassemblies507,1353
testassemblies221,1330
testassemblies928,1327
testassemblies1236,1326
testassemblies762,1324
testassemblies1177,1321
testassemblies873,1311
testassemblies358,1306
testassemblies624,1281
testassemblies71,1273
testassemblies196,1267
testassemblies201,1266
testassemblies316,1263
testassemblies934,1263
testassemblies628,1246
testassemblies1088,1236
testassemblies1104,1235
testassemblies205,1232
testassemblies1007,1226
testassemblies1215,1224
testassemblies78,1222
testassemblies857,1222
testassemblies135,1213
testassemblies259,1201
testassemblies655,1191
testassemblies384,1189
testassemblies180,1184
testassemblies542,1178
testassemblies665,1178
testassemblies1022,1176
testassemblies431,1176
testassemblies1138,1169
testassemblies470,1168
testassemblies919,1167
testassemblies1117,1164
testassemblies510,1164
testassemblies672,1163
testassemblies1207,1162
testassemblies1147,1161
testassemblies155,1160
testassemblies686,1155
testassemblies400,1152
testassemblies639,1151
testassemblies1109,1149
testassemblies1275,1147
testassemblies179,1143
testassemblies711,1135
testassemblies782,1134
testassemblies132,1120
testassemblies917,1120
testassemblies164,1115
testassemblies1184,1114
testassemblies999,1113
testassemblies326,1112
testassemblies976,1109
testassemblies900,1107
testassemblies1051,1106
testassemblies1062,1105
testassemblies615,1102
testassemblies951,1096
testassemblies1112,1092
testassemblies570,1090
testassemblies1070,1089
testassemblies280,1084
testassemblies965,1080
testassemblies706,1077
testassemblies1059,1070
testassemblies269,1070
testassemblies625,1063
testassemblies159,1061
testassemblies1036,1060
testassemblies471,1049
testassemblies1154,1045
testassemblies475,1037
testassemblies676,1017
testassemblies704,1016
testassemblies1159,1010
testassemblies980,1010
testassemblies690,1009
testassemblies369,1008
testassemblies1230,1004
testassemblies341,1004
testassemblies455,1002
testassemblies245,997
testassemblies477,994
testassemblies740,990
testassemblies1119,983
testassemblies685,979
testassemblies938,964
testassemblies906,962
testassemblies651,954
testassemblies203,953
testassemblies1130,950
testassemblies1194,939
testassemblies652,939
testassemblies863,938
testassemblies1093,936
testassemblies160,919
testassemblies210,913
testassemblies1225,912
testassemblies512,910
testassemblies1009,909
testassemblies1089,907
testassemblies346,904
testassemblies890,903
testassemblies1116,901
testassemblies597,898
testassemblies249,895
testassemblies837,890
testassemblies1101,888
testassemblies1006,882
testassemblies1121,876
testassemblies511,876
testassemblies935,876
testassemblies746,873
testassemblies761,869
testassemblies214,868
testassemblies378,868
testassemblies992,868
testassemblies514,859
testassemblies296,856
testassemblies637,855
testassemblies803,855
testassemblies157,852
testassemblies751,851
testassemblies603,850
testassemblies956,843
testassemblies843,839
testassemblies941,838
testassemblies1013,836
testassemblies1069,836
testassemblies716,836
testassemblies1142,835
testassemblies969,834
testassemblies88,833
testassemblies92,833
testassemblies1040,832
testassemblies1054,832
testassemblies1263,825
testassemblies544,822
testassemblies854,822
testassemblies832,817
testassemblies1068,816
testassemblies687,809
testassemblies464,807
testassemblies977,807
testassemblies813,806
testassemblies299,803
testassemblies1253,799
testassemblies356,795
testassemblies1160,794
testassemblies1047,791
testassemblies670,789
testassemblies238,781
testassemblies792,780
testassemblies818,780
testassemblies643,765
testassemblies1180,762
testassemblies497,752
testassemblies838,752
testassemblies645,751
testassemblies1145,744
testassemblies777,743
testassemblies134,737
testassemblies500,734
testassemblies714,734
testassemblies984,732
testassemblies1175,731
testassemblies66,727
testassemblies506,725
testassemblies939,725
testassemblies90,724
testassemblies485,723
testassemblies995,722
testassemblies1103,721
testassemblies841,712
testassemblies373,708
testassemblies466,707
testassemblies1082,704
testassemblies703,703
testassemblies661,699
testassemblies967,695
testassemblies985,690
testassemblies1038,689
testassemblies527,686
testassemblies921,686
testassemblies29,684
testassemblies1030,681
testassemblies60,678
testassemblies671,678
testassemblies586,674
testassemblies1002,662
testassemblies810,658
testassemblies641,652
testassemblies398,651
testassemblies462,649
testassemblies1268,634
testassemblies289,619
testassemblies435,614
testassemblies1034,611
testassemblies1149,611
testassemblies483,609
testassemblies75,601
testassemblies844,598
testassemblies922,595
testassemblies278,587
testassemblies654,586
testassemblies1099,584
testassemblies297,565
testassemblies489,564
testassemblies1206,563
testassemblies239,558
testassemblies1198,553
testassemblies1018,552
testassemblies244,552
testassemblies424,547
testassemblies820,544
testassemblies1025,543
testassemblies1179,538
testassemblies370,528
testassemblies309,522
testassemblies519,522
testassemblies561,522
testassemblies1285,504
testassemblies862,493
testassemblies1257,488
testassemblies1193,485
testassemblies1169,484
testassemblies1191,473
testassemblies188,469
testassemblies780,460
testassemblies1283,435
testassemblies1151,428
testassemblies823,419
testassemblies947,417
testassemblies1251,414
testassemblies1094,413
testassemblies331,411
testassemblies695,405
testassemblies429,400
testassemblies282,399
testassemblies1035,398
testassemblies220,398
testassemblies914,389
testassemblies199,386
testassemblies562,384
testassemblies304,376
testassemblies1050,374
testassemblies474,370
testassemblies534,370
testassemblies379,367
testassemblies649,366
testassemblies979,361
testassemblies809,358
testassemblies978,355
testassemblies552,348
testassemblies1026,345
testassemblies1203,345
testassemblies127,344
testassemblies982,342
testassemblies987,341
testassemblies814,336
testassemblies747,330
testassemblies763,329
testassemblies178,324
testassemblies1141,323
testassemblies1017,321
testassemblies417,319
testassemblies416,317
testassemblies842,317
testassemblies1277,311
testassemblies867,309
testassemblies1039,305
testassemblies517,303
testassemblies1176,298
testassemblies996,297
testassemblies137,296
testassemblies940,293
testassemblies1012,290
testassemblies619,290
testassemblies910,289
testassemblies106,287
testassemblies1053,286
testassemblies968,285
testassemblies1067,284
testassemblies1072,284
testassemblies1163,284
testassemblies1003,283
testassemblies1115,275
testassemblies310,271
testassemblies91,267
testassemblies715,266
testassemblies866,257
testassemblies826,252
testassemblies469,250
testassemblies1080,246
testassemblies305,244
testassemblies63,240
testassemblies539,239
testassemblies887,235
testassemblies415,228
testassemblies569,224
testassemblies187,221
testassemblies767,219
testassemblies451,218
testassemblies295,216
testassemblies882,212
testassemblies1187,205
testassemblies614,205
testassemblies113,204
testassemblies38,199
testassemblies1201,197
testassemblies1168,195
testassemblies738,195
testassemblies523,189
testassemblies307,188
testassemblies1125,185
testassemblies46,180
testassemblies726,180
testassemblies1266,173
testassemblies945,173
testassemblies1045,164
testassemblies453,161
testassemblies61,157
testassemblies825,157
testassemblies100,156
testassemblies588,148
testassemblies123,147
testassemblies521,147
testassemblies108,146
testassemblies1066,143
testassemblies1165,139
testassemblies964,138
testassemblies1261,137
testassemblies1227,134
testassemblies1178,129
testassemblies1188,122
testassemblies611,121
testassemblies1190,120
testassemblies446,118
testassemblies1224,110
testassemblies721,110
testassemblies442,107
testassemblies67,105
testassemblies288,100
testassemblies460,96
testassemblies547,96
testassemblies682,95
testassemblies1096,92
testassemblies401,92
testassemblies473,92
testassemblies1167,91
testassemblies198,91
testassemblies433,90
testassemblies476,87
testassemblies111,85
testassemblies1239,84
testassemblies6,82
testassemblies57,77
testassemblies1100,75
testassemblies650,74
testassemblies889,74
testassemblies125,72
testassemblies648,72
testassemblies436,71
testassemblies1255,64
testassemblies95,64
testassemblies183,59
testassemblies342,59
testassemblies344,57
testassemblies719,54
testassemblies1259,53
testassemblies264,52
testassemblies937,50
testassemblies925,48
testassemblies944,48
testassemblies1262,47
testassemblies194,47
testassemblies1019,46
testassemblies103,45
testassemblies268,45
testassemblies975,45
testassemblies848,44
testassemblies725,43
testassemblies758,43
testassemblies1200,39
testassemblies728,39
testassemblies231,36
testassemblies285,36
testassemblies99,36
testassemblies302,35
testassemblies790,35
testassemblies98,35
testassemblies1060,34
testassemblies629,31
testassemblies718,30
testassemblies102,28
testassemblies116,27
testassemblies881,26
testassemblies1042,25
testassemblies64,25
testassemblies705,24
testassemblies1209,22
testassemblies505,18
testassemblies371,16
testassemblies33,15
testassemblies545,12
testassemblies722,12
testassemblies1240,11
testassemblies97,11
testassemblies1052,10
testassemblies1128,9
testassemblies729,9
testassemblies986,9
testassemblies560,7
testassemblies1044,6
testassemblies1174,6
testassemblies374,6
testassemblies566,6
testassemblies851,6
testassemblies1129,5
testassemblies215,5
testassemblies232,5
testassemblies440,5
testassemblies846,5
testassemblies94,5
testassemblies380,4
testassemblies444,4
testassemblies532,4
testassemblies1098,3
testassemblies1021,2
testassemblies1077,2
testassemblies364,2
testassemblies720,2
testassemblies96,2
testassemblies1048,1
testassemblies601,1
testassemblies909,1
testassemblies924,1
