testassemblies125,14902
testassemblies91,14677
testassemblies759,14416
testassemblies864,14410
testassemblies483,14381
testassemblies745,14153
testassemblies383,14143
testassemblies244,14006
testassemblies846,13840
testassemblies777,13804
testassemblies752,13056
testassemblies292,12974
testassemblies893,12212
testassemblies351,12095
testassemblies664,12056
testassemblies124,12036
testassemblies611,11971
testassemblies119,11848
testassemblies917,11816
testassemblies677,11767
testassemblies371,11680
testassemblies539,11584
testassemblies731,11480
testassemblies234,11414
testassemblies832,11353
testassemblies253,11323
testassemblies816,11275
testassemblies137,11218
testassemblies432,11200
testassemblies602,11161
testassemblies344,11086
testassemblies894,11077
testassemblies374,10721
testassemblies848,10621
testassemblies750,10591
testassemblies352,10562
testassemblies290,10523
testassemblies107,10521
testassemblies670,10504
testassemblies747,10429
testassemblies334,10202
testassemblies631,9893
testassemblies859,9749
testassemblies373,9726
testassemblies757,9602
testassemblies625,9551
testassemblies810,9008
testassemblies245,8717
testassemblies472,8680
testassemblies463,8608
testassemblies329,8586
testassemblies497,7988
testassemblies635,7826
testassemblies920,7727
testassemblies744,7613
testassemblies222,7510
testassemblies649,7392
testassemblies282,7264
testassemblies756,6811
testassemblies422,6733
testassemblies242,6625
testassemblies897,6542
testassemblies601,6280
testassemblies838,6225
testassemblies922,6190
testassemblies417,5977
testassemblies498,5939
testassemblies84,5897
testassemblies427,5808
testassemblies90,5625
testassemblies798,5451
testassemblies342,5343
testassemblies675,5192
testassemblies898,5061
testassemblies380,4958
testassemblies910,4949
testassemblies411,4692
testassemblies657,4655
testassemblies150,4302
testassemblies1009,4253
testassemblies556,4185
testassemblies325,4135
testassemblies328,3977
testassemblies338,3804
testassemblies225,3746
testassemblies839,3491
testassemblies336,3385
testassemblies218,3082
testassemblies912,2913
testassemblies679,2766
testassemblies901,2477
testassemblies867,2372
testassemblies650,2235
testassemblies755,2216
testassemblies779,2203
testassemblies550,2192
testassemblies306,2190
testassemblies589,2170
testassemblies592,2170
testassemblies140,2169
testassemblies413,2153
testassemblies888,2142
testassemblies385,2118
testassemblies684,2110
testassemblies566,2108
testassemblies806,2106
testassemblies223,2100
testassemblies462,2100
testassemblies61,2094
testassemblies288,2092
testassemblies974,2089
testassemblies875,2085
testassemblies167,2081
testassemblies316,2073
testassemblies965,2073
testassemblies953,2068
testassemblies989,2067
testassemblies168,2066
testassemblies1018,2060
testassemblies716,2060
testassemblies873,2060
testassemblies9,2060
testassemblies340,2059
testassemblies468,2057
testassemblies395,2056
testassemblies315,2051
testassemblies123,2049
testassemblies964,2048
testassemblies837,2047
testassemblies79,2044
testassemblies977,2039
testassemblies872,2038
testassemblies213,2035
testassemblies530,2034
testassemblies788,2033
testassemblies259,2029
testassemblies988,2029
testassemblies885,2027
testassemblies928,2021
testassemblies419,2019
testassemblies1015,2014
testassemblies1017,2012
testassemblies559,2010
testassemblies895,2010
testassemblies979,2010
testassemblies275,2008
testassemblies480,2006
testassemblies382,2003
testassemblies271,2000
testassemblies952,2000
testassemblies991,1998
testassemblies18,1997
testassemblies956,1996
testassemblies794,1994
testassemblies970,1994
testassemblies1027,1991
testassemblies973,1987
testassemblies640,1985
testassemblies1007,1983
testassemblies199,1980
testassemblies543,1979
testassemblies708,1977
testassemblies1000,1973
testassemblies911,1971
testassemblies1021,1970
testassemblies521,1967
testassemblies387,1963
testassemblies95,1962
testassemblies216,1961
testassemblies247,1948
testassemblies479,1945
testassemblies733,1939
testassemblies54,1928
testassemblies89,1908
testassemblies98,1897
testassemblies1033,1879
testassemblies703,1875
testassemblies475,1874
testassemblies851,1873
testassemblies686,1871
testassemblies764,1859
testassemblies821,1858
testassemblies849,1857
testassemblies634,1852
testassemblies229,1843
testassemblies386,1837
testassemblies663,1815
testassemblies73,1800
testassemblies775,1793
testassemblies221,1781
testassemblies676,1771
testassemblies370,1768
testassemblies763,1765
testassemblies702,1764
testassemblies765,1762
testassemblies364,1761
testassemblies377,1760
testassemblies807,1756
testassemblies298,1755
testassemblies109,1747
testassemblies64,1744
testassemblies361,1729
testassemblies667,1729
testassemblies372,1728
testassemblies778,1726
testassemblies590,1722
testassemblies243,1717
testassemblies668,1716
testassemblies251,1714
testassemblies881,1714
testassemblies876,1704
testassemblies425,1703
testassemblies159,1701
testassemblies499,1697
testassemblies47,1694
testassemblies139,1687
testassemblies283,1685
testassemblies356,1676
testassemblies814,1668
testassemblies358,1665
testassemblies753,1659
testassemblies815,1652
testassemblies101,1644
testassemblies65,1636
testassemblies857,1634
testassemblies85,1632
testassemblies662,1629
testassemblies681,1616
testassemblies249,1613
testassemblies811,1611
testassemblies100,1605
testassemblies553,1605
testassemblies674,1601
testassemblies116,1599
testassemblies305,1598
testassemblies780,1595
testassemblies971,1592
testassemblies284,1588
testassemblies330,1588
testassemblies152,1586
testassemblies347,1583
testassemblies860,1578
testassemblies833,1571
testassemblies362,1562
testassemblies58,1562
testassemblies769,1560
testassemblies570,1553
testassemblies237,1541
testassemblies746,1539
testassemblies278,1538
testassemblies379,1538
testassemblies220,1535
testassemblies273,1534
testassemblies337,1527
testassemblies844,1518
testassemblies622,1515
testassemblies795,1507
testassemblies331,1493
testassemblies739,1492
testassemblies269,1486
testassemblies767,1476
testassemblies160,1471
testassemblies111,1459
testassemblies927,1456
testassemblies562,1450
testassemblies661,1446
testassemblies891,1446
testassemblies770,1445
testassemblies59,1443
testassemblies604,1439
testassemblies852,1419
testassemblies464,1413
testassemblies551,1411
testassemblies737,1407
testassemblies818,1403
testassemblies471,1400
testassemblies824,1396
testassemblies545,1389
testassemblies129,1383
testassemblies45,1382
testassemblies726,1374
testassemblies825,1372
testassemblies969,1368
testassemblies1012,1351
testassemblies967,1347
testassemblies943,1346
testassemblies717,1344
testassemblies39,1343
testassemblies87,1343
testassemblies1013,1342
testassemblies793,1340
testassemblies588,1339
testassemblies51,1338
testassemblies439,1337
testassemblies170,1335
testassemblies950,1334
testassemblies310,1328
testassemblies916,1328
testassemblies308,1327
testassemblies254,1326
testassemblies103,1321
testassemblies730,1318
testassemblies768,1314
testassemblies882,1309
testassemblies108,1294
testassemblies397,1293
testassemblies77,1277
testassemblies831,1275
testassemblies232,1274
testassemblies835,1266
testassemblies889,1265
testassemblies645,1262
testassemblies579,1255
testassemblies17,1250
testassemblies996,1241
testassemblies52,1240
testassemblies321,1238
testassemblies986,1238
testassemblies874,1237
testassemblies293,1234
testassemblies544,1233
testassemblies957,1231
testassemblies938,1226
testassemblies791,1220
testassemblies935,1220
testassemblies600,1215
testassemblies1003,1211
testassemblies855,1205
testassemblies930,1204
testassemblies591,1200
testassemblies55,1199
testassemblies669,1199
testassemblies924,1192
testassemblies516,1184
testassemblies66,1182
testassemblies384,1180
testassemblies980,1178
testassemblies1011,1168
testassemblies158,1166
testassemblies390,1158
testassemblies743,1151
testassemblies850,1151
testassemblies412,1146
testassemblies853,1140
testassemblies949,1137
testassemblies959,1134
testassemblies820,1132
testassemblies44,1130
testassemblies114,1124
testassemblies1001,1123
testassemblies784,1116
testassemblies993,1112
testassemblies42,1107
testassemblies122,1104
testassemblies1023,1099
testassemblies274,1089
testassemblies478,1089
testassemblies701,1087
testassemblies704,1085
testassemblies56,1084
testassemblies487,1083
testassemblies333,1080
testassemblies86,1080
testassemblies60,1077
testassemblies651,1067
testassemblies942,1066
testassemblies571,1063
testassemblies954,1061
testassemblies641,1044
testassemblies830,1043
testassemblies892,1042
testassemblies617,1038
testassemblies587,1028
testassemblies257,1023
testassemblies729,1021
testassemblies659,1006
testassemblies53,1002
testassemblies577,987
testassemblies800,980
testassemblies461,972
testassemblies239,968
testassemblies514,960
testassemblies482,950
testassemblies883,944
testassemblies633,941
testassemblies854,908
testassemblies357,893
testassemblies934,892
testassemblies289,874
testassemblies99,867
testassemblies610,860
testassemblies93,839
testassemblies391,828
testassemblies803,827
testassemblies599,801
testassemblies644,796
testassemblies144,778
testassemblies870,772
testassemblies164,766
testassemblies802,764
testassemblies614,749
testassemblies133,728
testassemblies861,720
testassemblies426,717
testassemblies862,690
testassemblies685,682
testassemblies735,681
testassemblies605,675
testassemblies155,667
testassemblies146,656
testassemblies131,643
testassemblies148,632
testassemblies134,629
testassemblies291,625
testassemblies72,623
testassemblies905,608
testassemblies41,605
testassemblies403,601
testassemblies548,601
testassemblies353,597
testassemblies536,581
testassemblies656,581
testassemblies240,575
testassemblies460,573
testassemblies401,570
testassemblies409,570
testassemblies503,563
testassemblies947,563
testassemblies941,562
testassemblies46,561
testassemblies962,561
testassemblies541,557
testassemblies1029,556
testassemblies1031,556
testassemblies984,556
testassemblies711,555
testassemblies535,554
testassemblies402,553
testassemblies786,553
testassemblies231,551
testassemblies939,550
testassemblies339,549
testassemblies162,548
testassemblies526,547
testassemblies314,544
testassemblies520,544
testassemblies564,543
testassemblies287,542
testassemblies1016,541
testassemblies381,537
testassemblies394,537
testassemblies958,536
testassemblies529,535
testassemblies612,535
testassemblies327,534
testassemblies153,533
testassemblies997,530
testassemblies978,528
testassemblies713,527
testassemblies1026,526
testassemblies418,524
testassemblies1019,523
testassemblies987,522
testassemblies975,520
testassemblies933,519
testassemblies948,518
testassemblies1014,516
testassemblies1006,515
testassemblies166,515
testassemblies517,515
testassemblies951,514
testassemblies212,513
testassemblies506,513
testassemblies955,513
testassemblies819,512
testassemblies790,511
testassemblies999,511
testassemblies990,510
testassemblies343,509
testassemblies760,508
testassemblies976,508
testassemblies165,505
testassemblies936,503
testassemblies834,502
testassemblies985,502
testassemblies621,501
testassemblies369,499
testassemblies558,499
testassemblies438,498
testassemblies871,498
testassemblies1005,495
testassemblies258,495
testassemblies925,495
testassemblies992,494
testassemblies626,491
testassemblies474,490
testassemblies1022,487
testassemblies527,486
testassemblies826,486
testassemblies903,486
testassemblies277,484
testassemblies884,481
testassemblies944,479
testassemblies998,479
testassemblies477,478
testassemblies715,478
testassemblies687,477
testassemblies560,476
testassemblies931,475
testassemblies580,473
testassemblies787,473
testassemblies963,473
testassemblies1020,471
testassemblies224,469
testassemblies946,468
testassemblies317,467
testassemblies1030,466
testassemblies878,464
testassemblies226,461
testassemblies968,458
testassemblies877,446
testassemblies1010,441
testassemblies433,441
testassemblies508,437
testassemblies740,437
testassemblies923,431
testassemblies972,431
testassemblies70,418
testassemblies1028,416
testassemblies628,415
testassemblies1032,413
testassemblies540,410
testassemblies598,404
testassemblies469,402
testassemblies945,400
testassemblies323,392
testassemblies772,391
testassemblies81,388
testassemblies407,383
testassemblies488,373
testassemblies817,364
testassemblies655,362
testassemblies801,349
testassemblies528,338
testassemblies709,338
testassemblies783,337
testassemblies841,325
testassemblies1002,324
testassemblies569,323
testassemblies354,317
testassemblies758,306
testassemblies38,289
testassemblies616,281
testassemblies467,277
testassemblies799,276
testassemblies49,271
testassemblies376,266
testassemblies809,264
testassemblies105,259
testassemblies161,258
testassemblies1008,255
testassemblies615,250
testassemblies424,248
testassemblies608,248
testassemblies489,243
testassemblies176,240
testassemblies1025,236
testassemblies491,235
testassemblies840,233
testassemblies533,232
testassemblies995,232
testassemblies723,227
testassemblies738,220
testassemblies691,219
testassemblies36,216
testassemblies430,216
testassemblies447,213
testassemblies115,212
testassemblies797,210
testassemblies436,209
testassemblies97,200
testassemblies440,196
testassemblies722,195
testassemblies366,192
testassemblies494,192
testassemblies19,191
testassemblies486,185
testassemblies505,185
testassemblies582,173
testassemblies121,166
testassemblies280,165
testassemblies900,165
testassemblies235,163
testassemblies906,163
testassemblies537,147
testassemblies689,145
testassemblies583,142
testassemblies606,137
testassemblies502,136
testassemblies37,129
testassemblies904,124
testassemblies525,119
testassemblies981,119
testassemblies827,118
testassemblies926,118
testassemblies415,117
testassemblies983,115
testassemblies400,114
testassemblies459,113
testassemblies326,112
testassemblies683,112
testassemblies511,107
testassemblies937,102
testassemblies828,101
testassemblies603,99
testassemblies886,98
testassemblies960,98
testassemblies710,97
testassemblies712,95
testassemblies714,93
testassemblies637,92
testassemblies496,91
testassemblies507,90
testassemblies822,90
testassemblies534,89
testassemblies185,87
testassemblies186,86
testassemblies453,84
testassemblies940,83
testassemblies575,82
testassemblies690,82
testassemblies597,81
testassemblies785,79
testassemblies982,76
testassemblies754,74
testassemblies581,71
testassemblies648,71
testassemblies887,71
testassemblies504,68
testassemblies518,68
testassemblies63,68
testassemblies961,68
testassemblies127,67
testassemblies437,66
testassemblies449,66
testassemblies466,66
testassemblies14,65
testassemblies638,65
testassemblies563,64
testassemblies416,63
testassemblies719,63
testassemblies932,63
testassemblies458,62
testassemblies908,60
testassemblies573,59
testassemblies736,58
testassemblies169,56
testassemblies915,51
testassemblies378,49
testassemblies375,46
testassemblies519,46
testassemblies574,46
testassemblies858,46
testassemblies15,45
testassemblies623,45
testassemblies172,44
testassemblies188,44
testassemblies322,44
testassemblies694,43
testassemblies761,41
testassemblies868,40
testassemblies918,38
testassemblies142,37
testassemblies673,37
testassemblies183,35
testassemblies360,35
testassemblies261,32
testassemblies771,32
testassemblies796,32
testassemblies776,28
testassemblies554,27
testassemblies966,27
testassemblies766,26
testassemblies3,25
testassemblies156,18
testassemblies682,18
testassemblies195,16
testassemblies252,14
testassemblies804,14
testassemblies896,14
testassemblies829,13
testassemblies492,12
testassemblies660,12
testassemblies555,10
testassemblies1034,9
testassemblies285,9
testassemblies845,8
testassemblies367,7
testassemblies865,7
testassemblies143,6
testassemblies368,6
testassemblies863,6
testassemblies26,5
testassemblies363,5
testassemblies6,5
testassemblies112,4
testassemblies596,4
testassemblies721,4
testassemblies742,4
testassemblies619,2
testassemblies552,1
testassemblies734,1
