testassemblies12,1289
testassemblies52,1265
testassemblies98,1259
testassemblies73,1248
testassemblies9,1241
testassemblies87,1237
testassemblies10,1235
testassemblies62,1233
testassemblies86,1233
testassemblies19,1213
testassemblies97,1210
testassemblies177,1207
testassemblies65,1191
testassemblies132,1189
testassemblies161,1180
testassemblies90,1178
testassemblies45,1169
testassemblies91,1169
testassemblies133,1130
testassemblies67,1119
testassemblies156,1096
testassemblies16,1095
testassemblies15,702
testassemblies111,619
testassemblies160,608
testassemblies92,590
testassemblies185,571
testassemblies83,564
testassemblies11,563
testassemblies71,563
testassemblies169,562
testassemblies77,560
testassemblies176,558
testassemblies104,549
testassemblies72,544
testassemblies85,544
testassemblies89,540
testassemblies17,535
testassemblies149,533
testassemblies18,526
testassemblies115,516
testassemblies43,501
testassemblies54,500
testassemblies181,492
testassemblies179,491
testassemblies125,475
testassemblies183,442
testassemblies88,440
testassemblies51,437
testassemblies143,436
testassemblies157,427
testassemblies75,423
testassemblies172,419
testassemblies141,415
testassemblies127,405
testassemblies56,398
testassemblies158,397
testassemblies58,396
testassemblies96,393
testassemblies135,384
testassemblies182,381
testassemblies138,380
testassemblies61,380
testassemblies63,380
testassemblies82,365
testassemblies100,360
testassemblies13,358
testassemblies153,353
testassemblies166,350
testassemblies64,343
testassemblies46,338
testassemblies123,330
testassemblies59,330
testassemblies66,322
testassemblies184,317
testassemblies99,310
testassemblies8,303
testassemblies0,299
testassemblies131,298
testassemblies173,297
testassemblies60,296
testassemblies101,291
testassemblies163,291
testassemblies180,290
testassemblies146,286
testassemblies93,284
testassemblies44,282
testassemblies174,270
testassemblies84,257
testassemblies50,231
testassemblies119,223
testassemblies145,205
testassemblies110,200
testassemblies103,183
testassemblies148,183
testassemblies130,180
testassemblies33,174
testassemblies114,170
testassemblies34,169
testassemblies142,168
testassemblies151,168
testassemblies139,153
testassemblies165,153
testassemblies155,152
testassemblies152,146
testassemblies126,144
testassemblies147,139
testassemblies171,136
testassemblies150,135
testassemblies164,132
testassemblies168,129
testassemblies124,125
testassemblies136,121
testassemblies170,115
testassemblies116,114
testassemblies134,109
testassemblies128,107
testassemblies121,102
testassemblies122,99
testassemblies159,97
testassemblies120,96
testassemblies140,90
testassemblies154,87
testassemblies162,86
testassemblies178,86
testassemblies167,80
testassemblies36,63
testassemblies175,49
testassemblies112,46
testassemblies6,45
testassemblies1,44
testassemblies39,13
testassemblies107,4
