testassemblies77,9425
testassemblies283,9190
testassemblies215,9022
testassemblies143,8895
testassemblies152,8847
testassemblies450,8804
testassemblies63,8694
testassemblies127,8576
testassemblies62,8525
testassemblies378,8499
testassemblies130,8471
testassemblies197,8455
testassemblies243,8366
testassemblies239,8319
testassemblies66,8229
testassemblies487,8209
testassemblies123,8139
testassemblies370,8134
testassemblies519,8071
testassemblies245,8002
testassemblies429,7907
testassemblies168,7906
testassemblies295,7722
testassemblies425,7708
testassemblies34,7639
testassemblies349,7636
testassemblies502,7321
testassemblies549,7260
testassemblies609,7232
testassemblies575,7213
testassemblies292,7128
testassemblies164,7072
testassemblies304,6968
testassemblies592,6904
testassemblies106,6879
testassemblies42,6816
testassemblies146,6772
testassemblies517,6766
testassemblies71,6759
testassemblies67,6675
testassemblies486,6669
testassemblies162,6590
testassemblies494,6521
testassemblies327,6480
testassemblies273,6454
testassemblies300,6398
testassemblies608,6303
testassemblies8,6264
testassemblies122,6182
testassemblies39,6180
testassemblies133,6069
testassemblies196,6068
testassemblies334,6045
testassemblies372,6039
testassemblies397,6026
testassemblies51,5990
testassemblies362,5901
testassemblies514,5895
testassemblies50,5830
testassemblies310,5799
testassemblies73,5780
testassemblies298,5769
testassemblies200,5732
testassemblies242,5729
testassemblies220,5728
testassemblies476,5649
testassemblies356,5559
testassemblies188,5550
testassemblies400,5423
testassemblies285,5391
testassemblies461,5384
testassemblies522,5367
testassemblies302,5366
testassemblies552,5334
testassemblies183,5290
testassemblies500,5266
testassemblies381,5250
testassemblies418,5147
testassemblies240,5133
testassemblies318,5084
testassemblies482,5033
testassemblies415,5012
testassemblies442,5010
testassemblies46,4948
testassemblies212,4891
testassemblies7,4828
testassemblies525,4759
testassemblies178,4732
testassemblies467,4572
testassemblies95,4499
testassemblies424,4412
testassemblies471,4302
testassemblies404,4266
testassemblies76,4258
testassemblies111,4197
testassemblies28,4152
testassemblies598,4125
testassemblies79,4093
testassemblies104,3968
testassemblies374,3937
testassemblies193,3835
testassemblies478,3761
testassemblies217,3728
testassemblies531,3705
testassemblies231,3666
testassemblies306,3641
testassemblies380,3561
testassemblies324,3522
testassemblies538,3520
testassemblies410,3494
testassemblies287,3475
testassemblies288,3467
testassemblies145,3448
testassemblies430,3439
testassemblies320,3434
testassemblies350,3322
testassemblies6,3322
testassemblies516,3319
testassemblies236,3271
testassemblies238,3262
testassemblies457,3259
testassemblies250,3206
testassemblies333,3146
testassemblies235,3132
testassemblies189,3117
testassemblies70,3075
testassemblies230,3054
testassemblies158,3050
testassemblies426,3039
testassemblies201,3034
testassemblies227,3026
testassemblies248,3024
testassemblies353,2997
testassemblies141,2985
testassemblies366,2985
testassemblies309,2978
testassemblies377,2968
testassemblies234,2935
testassemblies75,2928
testassemblies5,2918
testassemblies308,2912
testassemblies64,2907
testassemblies477,2888
testassemblies209,2885
testassemblies232,2875
testassemblies448,2814
testassemblies365,2804
testassemblies185,2749
testassemblies382,2743
testassemblies480,2722
testassemblies576,2700
testassemblies166,2697
testassemblies131,2682
testassemblies493,2680
testassemblies276,2677
testassemblies347,2647
testassemblies53,2634
testassemblies299,2633
testassemblies338,2620
testassemblies78,2616
testassemblies116,2615
testassemblies32,2598
testassemblies328,2596
testassemblies379,2586
testassemblies360,2584
testassemblies253,2577
testassemblies154,2571
testassemblies268,2550
testassemblies216,2537
testassemblies129,2535
testassemblies474,2535
testassemblies120,2526
testassemblies176,2523
testassemblies237,2517
testassemblies225,2500
testassemblies577,2499
testassemblies413,2472
testassemblies208,2469
testassemblies398,2462
testassemblies532,2457
testassemblies470,2456
testassemblies624,2456
testassemblies322,2454
testassemblies343,2440
testassemblies301,2439
testassemblies44,2427
testassemblies361,2426
testassemblies187,2414
testassemblies319,2413
testassemblies271,2394
testassemblies284,2388
testassemblies270,2384
testassemblies180,2375
testassemblies56,2369
testassemblies153,2367
testassemblies422,2367
testassemblies604,2365
testassemblies528,2362
testassemblies43,2356
testassemblies269,2346
testassemblies428,2346
testassemblies126,2332
testassemblies518,2328
testassemblies204,2325
testassemblies593,2316
testassemblies149,2314
testassemblies386,2297
testassemblies507,2291
testassemblies101,2290
testassemblies622,2288
testassemblies297,2266
testassemblies605,2248
testassemblies501,2246
testassemblies439,2220
testassemblies497,2215
testassemblies444,2211
testassemblies61,2207
testassemblies195,2206
testassemblies179,2189
testassemblies455,2173
testassemblies314,2159
testassemblies607,2152
testassemblies307,2145
testassemblies99,2139
testassemblies313,2115
testassemblies506,2104
testassemblies218,2102
testassemblies533,2063
testassemblies315,2031
testassemblies214,2007
testassemblies346,1959
testassemblies491,1959
testassemblies352,1945
testassemblies510,1941
testassemblies157,1939
testassemblies435,1937
testassemblies447,1934
testassemblies436,1926
testassemblies560,1914
testassemblies485,1901
testassemblies311,1900
testassemblies336,1900
testassemblies559,1897
testassemblies389,1896
testassemblies210,1895
testassemblies446,1893
testassemblies570,1889
testassemblies585,1869
testassemblies587,1868
testassemblies192,1865
testassemblies565,1863
testassemblies599,1863
testassemblies257,1859
testassemblies256,1858
testassemblies186,1857
testassemblies440,1856
testassemblies613,1836
testassemblies473,1829
testassemblies249,1828
testassemblies469,1815
testassemblies432,1810
testassemblies121,1807
testassemblies140,1806
testassemblies199,1801
testassemblies421,1800
testassemblies508,1774
testassemblies579,1771
testassemblies620,1771
testassemblies40,1747
testassemblies280,1739
testassemblies281,1729
testassemblies150,1710
testassemblies534,1705
testassemblies412,1700
testassemblies151,1675
testassemblies420,1669
testassemblies233,1659
testassemblies557,1658
testassemblies264,1651
testassemblies615,1639
testassemblies135,1610
testassemblies266,1590
testassemblies545,1589
testassemblies114,1545
testassemblies321,1529
testassemblies521,1520
testassemblies211,1497
testassemblies385,1496
testassemblies499,1474
testassemblies275,1471
testassemblies551,1470
testassemblies546,1438
testassemblies102,1432
testassemblies57,1421
testassemblies417,1410
testassemblies103,1399
testassemblies172,1397
testassemblies542,1395
testassemblies406,1382
testassemblies354,1351
testassemblies45,1350
testassemblies65,1330
testassemblies364,1329
testassemblies161,1322
testassemblies466,1321
testassemblies55,1287
testassemblies169,1283
testassemblies223,1243
testassemblies330,1198
testassemblies312,1188
testassemblies498,1174
testassemblies342,1152
testassemblies36,1119
testassemblies25,1113
testassemblies345,1100
testassemblies184,1054
testassemblies503,1043
testassemblies125,1033
testassemblies403,1030
testassemblies495,1022
testassemblies596,1014
testassemblies296,1012
testassemblies452,1007
testassemblies228,985
testassemblies437,973
testassemblies94,970
testassemblies173,955
testassemblies181,955
testassemblies481,952
testassemblies390,924
testassemblies316,899
testassemblies49,880
testassemblies460,872
testassemblies369,867
testassemblies267,832
testassemblies48,831
testassemblies191,819
testassemblies167,818
testassemblies462,817
testassemblies591,814
testassemblies159,769
testassemblies488,768
testassemblies138,758
testassemblies139,756
testassemblies147,747
testassemblies475,739
testassemblies31,731
testassemblies396,724
testassemblies110,707
testassemblies278,681
testassemblies60,662
testassemblies513,644
testassemblies33,642
testassemblies411,627
testassemblies445,625
testassemblies555,610
testassemblies566,609
testassemblies335,607
testassemblies465,605
testassemblies293,603
testassemblies148,600
testassemblies496,598
testassemblies339,580
testassemblies434,580
testassemblies484,580
testassemblies255,577
testassemblies438,575
testassemblies427,569
testassemblies351,568
testassemblies567,562
testassemblies419,561
testassemblies402,558
testassemblies388,557
testassemblies156,556
testassemblies170,554
testassemblies586,554
testassemblies606,553
testassemblies600,548
testassemblies401,547
testassemblies601,545
testassemblies562,544
testassemblies155,538
testassemblies616,536
testassemblies331,535
testassemblies588,533
testassemblies612,530
testassemblies395,526
testassemblies407,525
testassemblies198,523
testassemblies583,504
testassemblies224,500
testassemblies80,490
testassemblies468,489
testassemblies117,485
testassemblies207,481
testassemblies265,481
testassemblies578,474
testassemblies205,471
testassemblies456,464
testassemblies589,464
testassemblies202,460
testassemblies603,453
testassemblies277,449
testassemblies251,445
testassemblies289,434
testassemblies590,429
testassemblies409,424
testassemblies509,424
testassemblies279,422
testassemblies35,422
testassemblies573,417
testassemblies571,415
testassemblies443,414
testassemblies568,393
testassemblies543,383
testassemblies194,381
testassemblies564,380
testassemblies602,373
testassemblies175,370
testassemblies492,368
testassemblies561,363
testassemblies340,356
testassemblies556,356
testassemblies569,353
testassemblies574,352
testassemblies58,351
testassemblies274,341
testassemblies464,339
testassemblies98,319
testassemblies113,315
testassemblies337,307
testassemblies431,307
testassemblies558,300
testassemblies16,298
testassemblies258,296
testassemblies584,295
testassemblies68,287
testassemblies69,284
testassemblies539,278
testassemblies109,270
testassemblies433,264
testassemblies392,255
testassemblies11,252
testassemblies82,251
testassemblies544,250
testassemblies550,249
testassemblies479,247
testassemblies540,246
testassemblies160,244
testassemblies371,227
testassemblies526,223
testassemblies363,221
testassemblies294,215
testassemblies459,211
testassemblies108,203
testassemblies38,200
testassemblies30,198
testassemblies341,195
testassemblies618,189
testassemblies529,187
testassemblies221,186
testassemblies317,182
testassemblies387,169
testassemblies163,154
testassemblies10,153
testassemblies259,151
testassemblies323,149
testassemblies416,149
testassemblies137,140
testassemblies408,139
testassemblies105,136
testassemblies83,131
testassemblies124,129
testassemblies81,127
testassemblies12,120
testassemblies9,118
testassemblies357,91
testassemblies134,84
testassemblies515,83
testassemblies489,81
testassemblies384,72
testassemblies112,68
testassemblies572,66
testassemblies1,64
testassemblies2,63
testassemblies252,60
testassemblies373,58
testassemblies88,49
testassemblies355,48
testassemblies26,47
testassemblies260,43
testassemblies86,43
testassemblies29,41
testassemblies85,34
testassemblies24,30
testassemblies453,29
testassemblies597,29
testassemblies18,23
testassemblies0,22
testassemblies383,20
testassemblies41,15
testassemblies548,12
testassemblies52,11
testassemblies190,7
testassemblies144,5
testassemblies391,4
testassemblies247,3
testassemblies405,2
testassemblies527,1
