11977,testassemblies114
7561,testassemblies227
7471,testassemblies134
4362,testassemblies133
4132,testassemblies236
3946,testassemblies56
3811,testassemblies191
3514,testassemblies288
3489,testassemblies130
3476,testassemblies332
3421,testassemblies226
3393,testassemblies161
3393,testassemblies173
3320,testassemblies176
3278,testassemblies188
3239,testassemblies271
3208,testassemblies280
3164,testassemblies183
3088,testassemblies276
2809,testassemblies165
2583,testassemblies312
2388,testassemblies187
2378,testassemblies113
2323,testassemblies151
2296,testassemblies327
2243,testassemblies310
2239,testassemblies270
2206,testassemblies244
2170,testassemblies153
2126,testassemblies275
2116,testassemblies289
2109,testassemblies261
2108,testassemblies234
2025,testassemblies295
2020,testassemblies96
2015,testassemblies73
2003,testassemblies320
1960,testassemblies57
1902,testassemblies140
1887,testassemblies286
1875,testassemblies340
1774,testassemblies160
1751,testassemblies346
1639,testassemblies117
1531,testassemblies156
1393,testassemblies247
1277,testassemblies252
1203,testassemblies168
1157,testassemblies314
1019,testassemblies367
245,testassemblies190
218,testassemblies303
216,testassemblies61
215,testassemblies292
213,testassemblies175
210,testassemblies297
207,testassemblies132
207,testassemblies243
204,testassemblies138
204,testassemblies331
197,testassemblies129
196,testassemblies210
196,testassemblies279
195,testassemblies309
192,testassemblies325
191,testassemblies285
190,testassemblies326
189,testassemblies62
188,testassemblies174
188,testassemblies182
186,testassemblies267
186,testassemblies274
182,testassemblies194
181,testassemblies92
178,testassemblies172
177,testassemblies154
174,testassemblies64
173,testassemblies147
173,testassemblies164
173,testassemblies260
172,testassemblies7
172,testassemblies67
171,testassemblies135
170,testassemblies296
170,testassemblies321
169,testassemblies55
167,testassemblies246
166,testassemblies63
163,testassemblies95
163,testassemblies269
161,testassemblies294
160,testassemblies287
156,testassemblies139
153,testassemblies315
152,testassemblies239
152,testassemblies311
152,testassemblies366
148,testassemblies214
148,testassemblies215
148,testassemblies233
148,testassemblies278
145,testassemblies185
144,testassemblies225
141,testassemblies155
141,testassemblies319
140,testassemblies60
139,testassemblies38
139,testassemblies308
134,testassemblies112
129,testassemblies186
129,testassemblies251
128,testassemblies72
128,testassemblies167
127,testassemblies116
124,testassemblies159
123,testassemblies250
122,testassemblies339
119,testassemblies255
118,testassemblies169
118,testassemblies322
118,testassemblies353
115,testassemblies345
113,testassemblies193
110,testassemblies333
109,testassemblies235
105,testassemblies180
103,testassemblies258
103,testassemblies318
102,testassemblies131
102,testassemblies211
98,testassemblies253
90,testassemblies152
90,testassemblies189
90,testassemblies240
81,testassemblies13
81,testassemblies74
66,testassemblies361
62,testassemblies136
55,testassemblies58
53,testassemblies9
51,testassemblies137
50,testassemblies238
47,testassemblies209
37,testassemblies150
28,testassemblies79
24,testassemblies144
23,testassemblies368
21,testassemblies145
18,testassemblies22
17,testassemblies206
16,testassemblies28
10,testassemblies317
9,testassemblies218
8,testassemblies35
8,testassemblies47
4,testassemblies228
2,testassemblies316
1,testassemblies97