testassemblies114,2546
testassemblies134,2467
testassemblies227,2422
testassemblies56,2391
testassemblies130,2346
testassemblies276,2326
testassemblies191,2325
testassemblies176,2265
testassemblies133,2262
testassemblies332,2248
testassemblies187,2222
testassemblies236,2221
testassemblies280,2220
testassemblies151,2209
testassemblies113,2201
testassemblies161,2188
testassemblies183,2186
testassemblies226,2179
testassemblies288,2173
testassemblies173,2169
testassemblies312,2145
testassemblies327,2139
testassemblies271,2130
testassemblies270,2115
testassemblies188,2091
testassemblies244,2078
testassemblies153,2067
testassemblies310,2040
testassemblies234,2027
testassemblies261,2008
testassemblies275,1986
testassemblies289,1948
testassemblies295,1901
testassemblies320,1893
testassemblies165,1884
testassemblies96,1878
testassemblies140,1854
testassemblies286,1802
testassemblies340,1799
testassemblies57,1790
testassemblies160,1721
testassemblies346,1711
testassemblies117,1585
testassemblies156,1524
testassemblies73,1458
testassemblies247,1346
testassemblies252,1265
testassemblies168,1194
testassemblies314,1128
testassemblies367,1002
testassemblies190,245
testassemblies303,218
testassemblies61,216
testassemblies292,215
testassemblies175,213
testassemblies297,210
testassemblies132,207
testassemblies243,207
testassemblies138,204
testassemblies331,204
testassemblies129,197
testassemblies210,196
testassemblies279,196
testassemblies309,195
testassemblies325,192
testassemblies285,191
testassemblies326,190
testassemblies62,189
testassemblies174,188
testassemblies182,188
testassemblies267,186
testassemblies274,186
testassemblies194,182
testassemblies92,181
testassemblies172,178
testassemblies154,177
testassemblies64,174
testassemblies147,173
testassemblies164,173
testassemblies260,173
testassemblies67,172
testassemblies7,172
testassemblies135,171
testassemblies296,170
testassemblies321,170
testassemblies55,169
testassemblies246,167
testassemblies63,166
testassemblies269,163
testassemblies95,163
testassemblies294,161
testassemblies287,160
testassemblies139,156
testassemblies315,153
testassemblies239,152
testassemblies311,152
testassemblies366,152
testassemblies214,148
testassemblies215,148
testassemblies233,148
testassemblies278,148
testassemblies185,145
testassemblies225,144
testassemblies155,141
testassemblies319,141
testassemblies60,140
testassemblies308,139
testassemblies38,139
testassemblies112,134
testassemblies186,129
testassemblies251,129
testassemblies167,128
testassemblies72,128
testassemblies116,127
testassemblies159,124
testassemblies250,123
testassemblies339,122
testassemblies255,119
testassemblies169,118
testassemblies322,118
testassemblies353,118
testassemblies345,115
testassemblies193,113
testassemblies333,110
testassemblies235,109
testassemblies180,105
testassemblies258,103
testassemblies318,103
testassemblies131,102
testassemblies211,102
testassemblies253,98
testassemblies152,90
testassemblies189,90
testassemblies240,90
testassemblies13,81
testassemblies74,81
testassemblies361,66
testassemblies136,62
testassemblies58,55
testassemblies9,53
testassemblies137,51
testassemblies238,50
testassemblies209,47
testassemblies150,37
testassemblies79,28
testassemblies144,24
testassemblies368,23
testassemblies145,21
testassemblies22,18
testassemblies206,17
testassemblies28,16
testassemblies317,10
testassemblies218,9
testassemblies35,8
testassemblies47,8
testassemblies228,4
testassemblies316,2
testassemblies97,1
