testassemblies1561,55315
testassemblies1143,52643
testassemblies1630,51843
testassemblies2219,46099
testassemblies1140,43912
testassemblies2050,42960
testassemblies2085,41901
testassemblies505,41178
testassemblies224,39803
testassemblies1860,39301
testassemblies704,39292
testassemblies1476,38719
testassemblies1156,38052
testassemblies2256,37719
testassemblies778,37147
testassemblies290,36751
testassemblies1772,36625
testassemblies1008,36287
testassemblies365,35029
testassemblies1428,35004
testassemblies495,34822
testassemblies556,34596
testassemblies2365,34582
testassemblies2160,34463
testassemblies2337,34231
testassemblies1394,34194
testassemblies2419,34190
testassemblies316,33938
testassemblies717,33760
testassemblies1698,33585
testassemblies1497,33275
testassemblies1104,32724
testassemblies1893,32586
testassemblies1177,32509
testassemblies1110,32475
testassemblies1878,32157
testassemblies1166,31970
testassemblies770,31739
testassemblies1091,31641
testassemblies1510,31602
testassemblies908,30964
testassemblies1672,30925
testassemblies1486,30918
testassemblies230,30677
testassemblies2290,30622
testassemblies662,30594
testassemblies221,30328
testassemblies696,30238
testassemblies1737,29999
testassemblies2023,29952
testassemblies1648,29907
testassemblies1574,29498
testassemblies1217,29397
testassemblies1435,29252
testassemblies1664,29011
testassemblies1788,29007
testassemblies39,29004
testassemblies1543,28994
testassemblies2352,28967
testassemblies612,28648
testassemblies1384,28569
testassemblies2058,28529
testassemblies1388,28364
testassemblies1763,28306
testassemblies780,28088
testassemblies1429,27692
testassemblies1113,27664
testassemblies1777,27555
testassemblies811,27387
testassemblies967,27309
testassemblies1643,27260
testassemblies664,27248
testassemblies1242,27239
testassemblies1903,26848
testassemblies2212,26608
testassemblies2017,26448
testassemblies1265,25896
testassemblies2066,25746
testassemblies1626,25740
testassemblies686,24677
testassemblies2027,24237
testassemblies956,23096
testassemblies746,22828
testassemblies1549,22660
testassemblies1884,22508
testassemblies403,22363
testassemblies1498,22106
testassemblies235,21809
testassemblies2020,21355
testassemblies1401,21324
testassemblies1768,20789
testassemblies1419,20670
testassemblies1017,20408
testassemblies2169,20186
testassemblies1836,20107
testassemblies1582,19820
testassemblies402,19622
testassemblies1840,19502
testassemblies484,19478
testassemblies2264,19399
testassemblies2253,19286
testassemblies1687,18523
testassemblies2311,18441
testassemblies2030,17942
testassemblies2037,17822
testassemblies151,17821
testassemblies2101,17767
testassemblies1823,17548
testassemblies1919,17464
testassemblies1145,17359
testassemblies299,17356
testassemblies1876,17292
testassemblies1785,17212
testassemblies777,17037
testassemblies613,16958
testassemblies2139,16787
testassemblies1754,16744
testassemblies2581,16421
testassemblies658,16323
testassemblies523,16316
testassemblies377,16265
testassemblies1742,16257
testassemblies1577,16107
testassemblies886,16105
testassemblies588,15634
testassemblies1959,15590
testassemblies1011,15500
testassemblies2353,15457
testassemblies1067,15320
testassemblies209,15223
testassemblies2299,15005
testassemblies1705,14854
testassemblies1153,14788
testassemblies1704,14642
testassemblies2213,14525
testassemblies742,13783
testassemblies841,13365
testassemblies1649,13319
testassemblies2042,12963
testassemblies1155,12794
testassemblies621,12677
testassemblies2232,12247
testassemblies397,12200
testassemblies1948,12195
testassemblies1086,12160
testassemblies178,12090
testassemblies1700,11559
testassemblies1859,11471
testassemblies1844,11385
testassemblies2189,11105
testassemblies543,11099
testassemblies1039,10525
testassemblies1246,10493
testassemblies2134,10127
testassemblies846,9945
testassemblies1028,9926
testassemblies1083,9887
testassemblies1000,9698
testassemblies852,9682
testassemblies1710,9653
testassemblies1362,9650
testassemblies272,9650
testassemblies542,9582
testassemblies1062,9386
testassemblies2025,9208
testassemblies453,9150
testassemblies1010,9063
testassemblies1618,8575
testassemblies434,8202
testassemblies1055,8073
testassemblies458,7957
testassemblies499,7872
testassemblies506,7761
testassemblies1665,7738
testassemblies2180,7654
testassemblies1954,7653
testassemblies2247,7625
testassemblies966,7586
testassemblies202,7568
testassemblies1591,7456
testassemblies494,7388
testassemblies2067,7354
testassemblies2295,7047
testassemblies381,7020
testassemblies590,6953
testassemblies748,6911
testassemblies1437,6823
testassemblies1696,6763
testassemblies2019,6714
testassemblies1465,6600
testassemblies1848,6544
testassemblies642,6481
testassemblies2122,6448
testassemblies1128,6388
testassemblies2277,6373
testassemblies356,6362
testassemblies218,6223
testassemblies1715,6103
testassemblies1978,6072
testassemblies1924,6017
testassemblies1191,5904
testassemblies1197,5890
testassemblies703,5857
testassemblies2193,5819
testassemblies1526,5631
testassemblies1403,5574
testassemblies586,5549
testassemblies914,5452
testassemblies1109,5323
testassemblies1171,5288
testassemblies633,5267
testassemblies1533,5209
testassemblies1681,5148
testassemblies1791,5093
testassemblies1206,5066
testassemblies815,5053
testassemblies2015,5011
testassemblies665,5004
testassemblies1259,4983
testassemblies768,4894
testassemblies91,4858
testassemblies233,4848
testassemblies2571,4840
testassemblies1318,4836
testassemblies2526,4814
testassemblies122,4804
testassemblies509,4789
testassemblies2454,4784
testassemblies261,4777
testassemblies1501,4768
testassemblies1003,4758
testassemblies380,4757
testassemblies2478,4743
testassemblies2543,4743
testassemblies2563,4738
testassemblies985,4737
testassemblies2549,4736
testassemblies394,4720
testassemblies1004,4714
testassemblies37,4690
testassemblies2568,4670
testassemblies393,4670
testassemblies1344,4661
testassemblies155,4646
testassemblies2458,4642
testassemblies644,4642
testassemblies410,4627
testassemblies181,4606
testassemblies414,4605
testassemblies447,4604
testassemblies367,4591
testassemblies2227,4581
testassemblies508,4576
testassemblies325,4574
testassemblies2535,4559
testassemblies411,4550
testassemblies2524,4533
testassemblies593,4529
testassemblies2529,4513
testassemblies2302,4484
testassemblies2488,4451
testassemblies2497,4445
testassemblies2536,4431
testassemblies1169,4387
testassemblies776,4367
testassemblies2570,4357
testassemblies232,4333
testassemblies2121,4301
testassemblies443,4301
testassemblies2012,4296
testassemblies2079,4245
testassemblies213,4227
testassemblies2401,4217
testassemblies546,4215
testassemblies1773,4206
testassemblies2347,4181
testassemblies1035,4164
testassemblies789,4144
testassemblies1256,4132
testassemblies2496,4077
testassemblies607,4071
testassemblies2087,4063
testassemblies2555,4021
testassemblies698,4020
testassemblies763,4005
testassemblies705,3979
testassemblies2520,3972
testassemblies2270,3951
testassemblies933,3949
testassemblies2306,3878
testassemblies667,3875
testassemblies627,3874
testassemblies2142,3872
testassemblies42,3870
testassemblies740,3866
testassemblies141,3865
testassemblies2422,3842
testassemblies439,3834
testassemblies584,3832
testassemblies977,3803
testassemblies1646,3779
testassemblies2476,3751
testassemblies2073,3738
testassemblies1670,3713
testassemblies1385,3701
testassemblies759,3698
testassemblies154,3678
testassemblies2487,3657
testassemblies1804,3655
testassemblies996,3650
testassemblies638,3629
testassemblies1179,3592
testassemblies1042,3489
testassemblies526,3481
testassemblies1300,3474
testassemblies1118,3464
testassemblies2585,3452
testassemblies302,3450
testassemblies1548,3431
testassemblies1398,3414
testassemblies926,3403
testassemblies672,3395
testassemblies1102,3358
testassemblies953,3336
testassemblies679,3327
testassemblies2480,3318
testassemblies2423,3314
testassemblies1368,3268
testassemblies1439,3264
testassemblies2116,3247
testassemblies2566,3242
testassemblies995,3238
testassemblies281,3234
testassemblies1956,3227
testassemblies864,3202
testassemblies431,3192
testassemblies2562,3183
testassemblies2003,3169
testassemblies791,3131
testassemblies1685,3118
testassemblies629,3101
testassemblies297,3088
testassemblies1911,3016
testassemblies186,2985
testassemblies1227,2945
testassemblies564,2933
testassemblies850,2887
testassemblies1262,2886
testassemblies615,2851
testassemblies2141,2817
testassemblies2509,2814
testassemblies118,2811
testassemblies1633,2795
testassemblies1200,2794
testassemblies2385,2790
testassemblies2455,2790
testassemblies2305,2789
testassemblies903,2788
testassemblies2406,2787
testassemblies2514,2787
testassemblies2377,2786
testassemblies40,2782
testassemblies2424,2780
testassemblies739,2780
testassemblies41,2779
testassemblies2411,2778
testassemblies43,2777
testassemblies2539,2776
testassemblies2430,2772
testassemblies2546,2772
testassemblies772,2772
testassemblies244,2771
testassemblies2515,2771
testassemblies2243,2770
testassemblies2368,2770
testassemblies501,2770
testassemblies352,2769
testassemblies2447,2768
testassemblies44,2768
testassemblies560,2768
testassemblies626,2765
testassemblies2466,2762
testassemblies210,2759
testassemblies2504,2758
testassemblies673,2758
testassemblies2147,2757
testassemblies2551,2755
testassemblies2472,2753
testassemblies140,2752
testassemblies734,2749
testassemblies792,2747
testassemblies1992,2746
testassemblies2511,2745
testassemblies346,2742
testassemblies2393,2741
testassemblies1051,2738
testassemblies2547,2735
testassemblies73,2735
testassemblies2537,2734
testassemblies2552,2732
testassemblies262,2731
testassemblies2434,2729
testassemblies2481,2729
testassemblies2540,2729
testassemblies750,2726
testassemblies1792,2723
testassemblies738,2723
testassemblies110,2722
testassemblies2518,2719
testassemblies2468,2718
testassemblies2541,2716
testassemblies1449,2705
testassemblies2545,2697
testassemblies2409,2681
testassemblies783,2653
testassemblies1856,2621
testassemblies1080,2607
testassemblies2224,2605
testassemblies2261,2582
testassemblies2544,2572
testassemblies212,2521
testassemblies676,2513
testassemblies2408,2509
testassemblies1604,2491
testassemblies401,2486
testassemblies1738,2455
testassemblies1784,2432
testassemblies246,2397
testassemblies1965,2391
testassemblies2076,2374
testassemblies2099,2354
testassemblies2137,2344
testassemblies937,2344
testassemblies2162,2341
testassemblies1637,2333
testassemblies1864,2302
testassemblies1471,2273
testassemblies2001,2252
testassemblies756,2248
testassemblies1812,2247
testassemblies2077,2247
testassemblies28,2240
testassemblies601,2227
testassemblies2084,2225
testassemblies947,2225
testassemblies1640,2210
testassemblies609,2188
testassemblies1906,2185
testassemblies1835,2172
testassemblies331,2160
testassemblies1328,2128
testassemblies650,2124
testassemblies2103,2107
testassemblies126,2096
testassemblies709,2087
testassemblies2127,2081
testassemblies2225,2074
testassemblies200,2062
testassemblies1160,2060
testassemblies924,2042
testassemblies1832,2002
testassemblies226,1990
testassemblies939,1969
testassemblies1527,1968
testassemblies2204,1927
testassemblies2444,1924
testassemblies2009,1897
testassemblies2554,1885
testassemblies949,1815
testassemblies1253,1809
testassemblies782,1783
testassemblies1303,1766
testassemblies1285,1765
testassemblies1622,1763
testassemblies1159,1759
testassemblies875,1728
testassemblies2350,1727
testassemblies432,1723
testassemblies1780,1715
testassemblies2110,1692
testassemblies1920,1676
testassemblies2093,1676
testassemblies1900,1657
testassemblies457,1653
testassemblies2584,1647
testassemblies1575,1627
testassemblies1760,1587
testassemblies827,1584
testassemblies862,1554
testassemblies2238,1541
testassemblies1041,1535
testassemblies572,1526
testassemblies231,1525
testassemblies2569,1524
testassemblies341,1519
testassemblies153,1502
testassemblies446,1499
testassemblies909,1487
testassemblies496,1478
testassemblies719,1469
testassemblies1400,1463
testassemblies1283,1459
testassemblies597,1457
testassemblies2559,1449
testassemblies424,1447
testassemblies715,1447
testassemblies514,1446
testassemblies2553,1442
testassemblies2196,1439
testassemblies2525,1434
testassemblies653,1430
testassemblies699,1427
testassemblies964,1420
testassemblies127,1419
testassemblies714,1419
testassemblies2154,1418
testassemblies2465,1415
testassemblies1976,1409
testassemblies2217,1409
testassemblies238,1407
testassemblies1829,1406
testassemblies114,1405
testassemblies1722,1403
testassemblies260,1403
testassemblies2453,1401
testassemblies1447,1400
testassemblies2533,1400
testassemblies821,1397
testassemblies2486,1395
testassemblies115,1393
testassemblies342,1386
testassemblies219,1385
testassemblies507,1383
testassemblies1210,1374
testassemblies1381,1370
testassemblies722,1369
testassemblies2011,1366
testassemblies2565,1364
testassemblies1205,1363
testassemblies568,1363
testassemblies2457,1355
testassemblies413,1351
testassemblies2572,1346
testassemblies1619,1345
testassemblies2574,1345
testassemblies1611,1343
testassemblies1108,1342
testassemblies1071,1339
testassemblies2269,1335
testassemblies539,1332
testassemblies2513,1331
testassemblies2548,1331
testassemblies2070,1330
testassemblies1123,1328
testassemblies671,1328
testassemblies1214,1327
testassemblies1734,1326
testassemblies449,1326
testassemblies208,1324
testassemblies470,1324
testassemblies1865,1323
testassemblies359,1323
testassemblies1050,1319
testassemblies2564,1319
testassemblies1194,1315
testassemblies594,1313
testassemblies336,1310
testassemblies1991,1309
testassemblies2519,1307
testassemblies576,1307
testassemblies1740,1306
testassemblies2151,1288
testassemblies294,1287
testassemblies2527,1285
testassemblies687,1281
testassemblies545,1279
testassemblies2477,1278
testassemblies2528,1274
testassemblies324,1271
testassemblies180,1270
testassemblies842,1270
testassemblies195,1269
testassemblies2498,1268
testassemblies1601,1265
testassemblies1203,1261
testassemblies2446,1257
testassemblies1935,1251
testassemblies643,1249
testassemblies2355,1246
testassemblies1572,1235
testassemblies1019,1234
testassemblies207,1231
testassemblies36,1229
testassemblies132,1224
testassemblies2550,1220
testassemblies90,1220
testassemblies131,1219
testassemblies291,1213
testassemblies129,1202
testassemblies1568,1202
testassemblies1137,1195
testassemblies328,1193
testassemblies1438,1184
testassemblies2405,1184
testassemblies1695,1183
testassemblies2530,1181
testassemblies1002,1173
testassemblies2298,1173
testassemblies2047,1165
testassemblies387,1156
testassemblies521,1155
testassemblies259,1154
testassemblies392,1150
testassemblies491,1147
testassemblies775,1146
testassemblies1088,1145
testassemblies135,1143
testassemblies137,1142
testassemblies2421,1139
testassemblies762,1139
testassemblies888,1120
testassemblies179,1108
testassemblies2275,1102
testassemblies2140,1097
testassemblies2174,1097
testassemblies1706,1092
testassemblies311,1090
testassemblies1467,1089
testassemblies2414,1085
testassemblies1359,1079
testassemblies2159,1079
testassemblies1184,1067
testassemblies2389,1056
testassemblies1390,1054
testassemblies1289,1051
testassemblies339,1045
testassemblies944,1043
testassemblies1960,1042
testassemblies1892,1040
testassemblies2176,1038
testassemblies1441,1036
testassemblies2495,1034
testassemblies2109,1032
testassemblies2339,1031
testassemblies788,1027
testassemblies1759,1023
testassemblies1550,1021
testassemblies1120,1018
testassemblies191,1011
testassemblies2255,995
testassemblies974,991
testassemblies896,984
testassemblies418,978
testassemblies1249,957
testassemblies806,956
testassemblies1808,949
testassemblies2475,949
testassemblies2561,941
testassemblies522,936
testassemblies2242,935
testassemblies162,933
testassemblies2265,932
testassemblies984,931
testassemblies192,929
testassemblies1163,918
testassemblies960,911
testassemblies2433,905
testassemblies2133,898
testassemblies927,893
testassemblies1714,884
testassemblies2451,865
testassemblies1896,864
testassemblies1688,862
testassemblies409,860
testassemblies1970,859
testassemblies529,855
testassemblies490,847
testassemblies2560,846
testassemblies145,845
testassemblies309,841
testassemblies2538,837
testassemblies455,833
testassemblies1503,830
testassemblies1962,828
testassemblies147,825
testassemblies2267,821
testassemblies1888,817
testassemblies721,817
testassemblies130,814
testassemblies578,814
testassemblies2517,813
testassemblies2374,809
testassemblies134,801
testassemblies279,799
testassemblies2114,797
testassemblies1567,796
testassemblies2473,794
testassemblies2005,778
testassemblies831,778
testassemblies2441,777
testassemblies1810,773
testassemblies848,759
testassemblies2542,756
testassemblies139,752
testassemblies2191,742
testassemblies1789,739
testassemblies1953,730
testassemblies1565,729
testassemblies1232,720
testassemblies2573,711
testassemblies2322,710
testassemblies1627,706
testassemblies2500,701
testassemblies395,693
testassemblies1661,690
testassemblies1583,678
testassemblies1268,676
testassemblies323,671
testassemblies718,665
testassemblies2567,656
testassemblies366,656
testassemblies177,655
testassemblies798,653
testassemblies55,651
testassemblies1455,650
testassemblies2308,650
testassemblies56,650
testassemblies53,647
testassemblies1729,641
testassemblies800,641
testassemblies419,629
testassemblies1828,627
testassemblies2125,627
testassemblies375,624
testassemblies2392,618
testassemblies2361,613
testassemblies1219,611
testassemblies2150,611
testassemblies2531,606
testassemblies1815,601
testassemblies1389,600
testassemblies1939,598
testassemblies1098,597
testassemblies1697,595
testassemblies2534,594
testassemblies816,591
testassemblies1770,588
testassemblies571,585
testassemblies978,573
testassemblies2464,568
testassemblies1990,567
testassemblies1559,566
testassemblies2274,554
testassemblies1552,549
testassemblies935,533
testassemblies469,529
testassemblies2215,528
testassemblies2230,528
testassemblies520,527
testassemblies838,527
testassemblies1724,523
testassemblies1964,517
testassemblies1271,513
testassemblies1061,506
testassemblies1606,506
testassemblies2156,503
testassemblies23,492
testassemblies605,484
testassemblies149,478
testassemblies948,476
testassemblies2082,474
testassemblies1508,471
testassemblies1286,470
testassemblies2250,470
testassemblies839,470
testassemblies755,467
testassemblies430,465
testassemblies1653,464
testassemblies1293,462
testassemblies1192,461
testassemblies1675,457
testassemblies868,456
testassemblies987,455
testassemblies1005,453
testassemblies1830,452
testassemblies678,450
testassemblies1843,449
testassemblies1234,446
testassemblies1846,446
testassemblies1024,445
testassemblies1223,445
testassemblies1239,437
testassemblies1254,419
testassemblies1515,418
testassemblies905,418
testassemblies1834,415
testassemblies1350,405
testassemblies2029,400
testassemblies1845,393
testassemblies1139,389
testassemblies54,386
testassemblies1797,381
testassemblies2307,380
testassemblies1033,377
testassemblies1904,377
testassemblies2035,373
testassemblies52,368
testassemblies1187,367
testassemblies1456,367
testassemblies952,367
testassemblies1621,366
testassemblies1454,365
testassemblies2119,364
testassemblies799,364
testassemblies2236,363
testassemblies1414,361
testassemblies945,361
testassemblies2399,360
testassemblies797,357
testassemblies2357,356
testassemblies483,351
testassemblies86,351
testassemblies390,348
testassemblies2333,345
testassemblies2315,344
testassemblies1074,342
testassemblies388,340
testassemblies1702,338
testassemblies1746,330
testassemblies2032,328
testassemblies2123,327
testassemblies1353,323
testassemblies1406,323
testassemblies199,315
testassemblies146,314
testassemblies1922,312
testassemblies1524,309
testassemblies712,306
testassemblies1826,303
testassemblies544,300
testassemblies161,297
testassemblies168,296
testassemblies1101,295
testassemblies2314,293
testassemblies2059,289
testassemblies2523,288
testassemblies1305,283
testassemblies1682,283
testassemblies2049,283
testassemblies1598,281
testassemblies2395,279
testassemblies1994,276
testassemblies961,276
testassemblies1425,275
testassemblies128,273
testassemblies2292,273
testassemblies2301,268
testassemblies2239,267
testassemblies1114,266
testassemblies258,266
testassemblies2183,265
testassemblies1951,264
testassemblies1038,263
testassemblies2245,263
testassemblies2449,263
testassemblies133,260
testassemblies2244,255
testassemblies1699,253
testassemblies695,253
testassemblies983,250
testassemblies786,249
testassemblies1973,248
testassemblies2370,248
testassemblies1356,247
testassemblies1182,246
testassemblies2272,242
testassemblies1786,241
testassemblies500,238
testassemblies1825,236
testassemblies1850,236
testassemblies22,236
testassemblies144,235
testassemblies1995,235
testassemblies1718,234
testassemblies503,233
testassemblies726,233
testassemblies1327,231
testassemblies227,230
testassemblies1652,228
testassemblies2246,227
testassemblies859,222
testassemblies9,221
testassemblies1855,218
testassemblies163,216
testassemblies1488,209
testassemblies2380,209
testassemblies1006,208
testassemblies21,204
testassemblies185,202
testassemblies2470,202
testassemblies2474,202
testassemblies2286,201
testassemblies71,201
testassemblies2182,199
testassemblies2371,199
testassemblies1520,197
testassemblies1023,196
testassemblies489,196
testassemblies2582,195
testassemblies485,195
testassemblies10,193
testassemblies448,193
testassemblies467,192
testassemblies1452,191
testassemblies2507,190
testassemblies61,190
testassemblies1369,189
testassemblies363,186
testassemblies942,185
testassemblies1987,183
testassemblies474,182
testassemblies1654,181
testassemblies2136,181
testassemblies2327,174
testassemblies796,172
testassemblies64,170
testassemblies2373,168
testassemblies1319,167
testassemblies2161,166
testassemblies881,164
testassemblies2287,163
testassemblies98,163
testassemblies1816,162
testassemblies2056,161
testassemblies2379,156
testassemblies1981,154
testassemblies999,154
testassemblies354,153
testassemblies684,153
testassemblies702,153
testassemblies464,152
testassemblies2285,151
testassemblies1363,150
testassemblies2177,150
testassemblies1150,149
testassemblies74,147
testassemblies20,144
testassemblies519,144
testassemblies280,142
testassemblies222,138
testassemblies757,137
testassemblies758,135
testassemblies119,134
testassemblies2435,132
testassemblies2152,131
testassemblies580,131
testassemblies492,129
testassemblies916,129
testassemblies1235,127
testassemblies2436,127
testassemblies1374,122
testassemblies2175,120
testassemblies2437,120
testassemblies1546,118
testassemblies1416,113
testassemblies1782,113
testassemblies2342,111
testassemblies2028,107
testassemblies871,105
testassemblies2506,104
testassemblies1228,103
testassemblies1443,101
testassemblies2351,101
testassemblies1324,100
testassemblies228,99
testassemblies1813,98
testassemblies2203,96
testassemblies1458,95
testassemblies2172,95
testassemblies1928,94
testassemblies854,93
testassemblies531,91
testassemblies24,90
testassemblies1136,89
testassemblies1226,89
testassemblies63,89
testassemblies795,88
testassemblies802,86
testassemblies62,85
testassemblies172,84
testassemblies2503,84
testassemblies379,82
testassemblies1152,80
testassemblies1417,76
testassemblies1589,75
testassemblies2237,73
testassemblies1803,72
testassemblies2117,72
testassemblies675,69
testassemblies76,69
testassemblies1609,68
testassemblies1600,66
testassemblies2284,66
testassemblies1282,65
testassemblies1771,65
testassemblies35,62
testassemblies1474,59
testassemblies1841,59
testassemblies2280,55
testassemblies1186,53
testassemblies2207,50
testassemblies2323,45
testassemblies1819,43
testassemblies1969,43
testassemblies2069,38
testassemblies2040,37
testassemblies1934,36
testassemblies587,33
testassemblies1507,31
testassemblies84,31
testassemblies1434,27
testassemblies1831,26
testassemblies266,26
testassemblies2167,25
testassemblies225,22
testassemblies358,18
testassemblies803,18
testassemblies1094,16
testassemblies819,16
testassemblies1484,10
testassemblies440,9
testassemblies897,8
testassemblies1518,7
testassemblies1907,7
testassemblies1459,6
testassemblies2199,2
testassemblies1732,1
testassemblies176,1
testassemblies2522,1
