testassemblies696,26803
testassemblies911,23666
testassemblies878,22752
testassemblies855,21246
testassemblies1083,20159
testassemblies1210,19932
testassemblies794,19790
testassemblies246,19599
testassemblies1009,19378
testassemblies837,18580
testassemblies1305,18532
testassemblies1325,18078
testassemblies447,17924
testassemblies930,17630
testassemblies605,17578
testassemblies194,17548
testassemblies367,17425
testassemblies36,17291
testassemblies1216,16862
testassemblies460,16830
testassemblies126,16769
testassemblies904,16593
testassemblies449,16507
testassemblies1139,16397
testassemblies1241,16253
testassemblies1003,16014
testassemblies185,16008
testassemblies398,16006
testassemblies439,15982
testassemblies706,15933
testassemblies606,15821
testassemblies1070,15816
testassemblies599,15737
testassemblies326,15658
testassemblies386,15644
testassemblies1077,15603
testassemblies1572,15506
testassemblies1075,15352
testassemblies1633,15133
testassemblies788,15094
testassemblies1402,15089
testassemblies280,15067
testassemblies411,15005
testassemblies415,14998
testassemblies640,14969
testassemblies1641,14921
testassemblies1580,14844
testassemblies1431,14713
testassemblies1560,14652
testassemblies637,14558
testassemblies42,14525
testassemblies938,14500
testassemblies717,14493
testassemblies914,14481
testassemblies107,14455
testassemblies521,14291
testassemblies718,14178
testassemblies1405,14063
testassemblies741,13996
testassemblies626,13981
testassemblies994,13932
testassemblies889,13918
testassemblies1337,13906
testassemblies1022,13894
testassemblies1141,13883
testassemblies1643,13880
testassemblies646,13838
testassemblies1078,13836
testassemblies1502,13731
testassemblies1676,13703
testassemblies1252,13578
testassemblies758,13504
testassemblies300,13467
testassemblies208,12646
testassemblies296,12582
testassemblies1153,11840
testassemblies822,11756
testassemblies1301,11684
testassemblies1618,11631
testassemblies372,11349
testassemblies410,11248
testassemblies746,11217
testassemblies666,10998
testassemblies736,10964
testassemblies1368,10881
testassemblies1144,10754
testassemblies1067,10573
testassemblies533,10465
testassemblies1396,10322
testassemblies1086,10287
testassemblies1597,10148
testassemblies1364,10114
testassemblies385,9914
testassemblies1398,9913
testassemblies1418,9905
testassemblies1155,9812
testassemblies203,9762
testassemblies737,9733
testassemblies228,9698
testassemblies971,9681
testassemblies442,9513
testassemblies1703,9466
testassemblies594,9447
testassemblies383,9246
testassemblies371,9232
testassemblies492,9223
testassemblies1457,9192
testassemblies1434,9142
testassemblies1548,9103
testassemblies345,9083
testassemblies295,8970
testassemblies660,8967
testassemblies638,8828
testassemblies287,8806
testassemblies342,8803
testassemblies370,8770
testassemblies1072,8686
testassemblies715,8664
testassemblies1452,8639
testassemblies294,8629
testassemblies252,8567
testassemblies1388,8559
testassemblies623,8520
testassemblies1113,8472
testassemblies726,8436
testassemblies820,8324
testassemblies1422,8285
testassemblies1140,8121
testassemblies236,8107
testassemblies1750,8101
testassemblies1688,8081
testassemblies1346,8038
testassemblies1142,8015
testassemblies655,7941
testassemblies118,7877
testassemblies389,7872
testassemblies209,7835
testassemblies1629,7805
testassemblies329,7542
testassemblies877,7517
testassemblies531,7399
testassemblies134,7391
testassemblies650,7341
testassemblies1051,7306
testassemblies315,7046
testassemblies689,7030
testassemblies1404,6949
testassemblies523,6912
testassemblies760,6724
testassemblies226,6722
testassemblies1463,6689
testassemblies1436,6600
testassemblies972,6589
testassemblies1552,6574
testassemblies1664,6338
testassemblies297,6298
testassemblies710,6276
testassemblies724,6184
testassemblies1584,5976
testassemblies1532,5863
testassemblies951,5857
testassemblies1423,5851
testassemblies497,5848
testassemblies742,5841
testassemblies290,5802
testassemblies1066,5596
testassemblies1519,5539
testassemblies872,5419
testassemblies818,5259
testassemblies346,5152
testassemblies458,5119
testassemblies256,5050
testassemblies176,5049
testassemblies546,5043
testassemblies682,5032
testassemblies306,5028
testassemblies776,5025
testassemblies1660,5022
testassemblies257,5020
testassemblies131,5003
testassemblies1138,4999
testassemblies313,4989
testassemblies1313,4987
testassemblies1308,4983
testassemblies659,4961
testassemblies1803,4947
testassemblies1796,4942
testassemblies369,4914
testassemblies1312,4909
testassemblies1878,4908
testassemblies1768,4905
testassemblies1835,4861
testassemblies1743,4844
testassemblies129,4803
testassemblies739,4791
testassemblies1642,4779
testassemblies1199,4713
testassemblies893,4701
testassemblies501,4686
testassemblies1681,4669
testassemblies160,4641
testassemblies159,4547
testassemblies1857,4519
testassemblies165,4507
testassemblies1809,4486
testassemblies1401,4428
testassemblies632,4426
testassemblies1594,4415
testassemblies1575,4396
testassemblies1454,4385
testassemblies1310,4382
testassemblies1498,4379
testassemblies1200,4362
testassemblies975,4351
testassemblies67,4319
testassemblies68,4317
testassemblies282,4314
testassemblies1610,4307
testassemblies1542,4303
testassemblies1087,4211
testassemblies1865,4095
testassemblies44,4051
testassemblies887,4048
testassemblies1561,4032
testassemblies1640,3970
testassemblies173,3953
testassemblies1892,3952
testassemblies1877,3797
testassemblies792,3725
testassemblies1616,3589
testassemblies596,3481
testassemblies1492,3475
testassemblies1460,3328
testassemblies631,3221
testassemblies1736,3213
testassemblies229,3212
testassemblies242,3197
testassemblies1811,3188
testassemblies284,3187
testassemblies528,3178
testassemblies70,3178
testassemblies328,3169
testassemblies66,3168
testassemblies73,3164
testassemblies1729,3162
testassemblies1846,3161
testassemblies72,3158
testassemblies943,3157
testassemblies1858,3154
testassemblies240,3151
testassemblies1543,3150
testassemblies231,3150
testassemblies140,3148
testassemblies1769,3148
testassemblies556,3148
testassemblies1771,3144
testassemblies1863,3144
testassemblies510,3132
testassemblies1661,3121
testassemblies365,3119
testassemblies330,3117
testassemblies569,3116
testassemblies1757,3114
testassemblies48,3103
testassemblies148,3102
testassemblies467,3098
testassemblies281,3096
testassemblies956,3093
testassemblies1782,3092
testassemblies71,3090
testassemblies102,3084
testassemblies141,3083
testassemblies1745,3075
testassemblies1841,3074
testassemblies1766,3066
testassemblies1774,3061
testassemblies810,3060
testassemblies465,3044
testassemblies1609,3037
testassemblies125,3033
testassemblies1695,3027
testassemblies156,3026
testassemblies382,3023
testassemblies408,3023
testassemblies560,3023
testassemblies1789,3002
testassemblies1336,2992
testassemblies499,2989
testassemblies1473,2983
testassemblies1798,2971
testassemblies40,2962
testassemblies69,2962
testassemblies1815,2954
testassemblies1836,2943
testassemblies186,2941
testassemblies387,2932
testassemblies630,2925
testassemblies1675,2852
testassemblies243,2852
testassemblies321,2824
testassemblies1145,2802
testassemblies952,2796
testassemblies479,2730
testassemblies259,2696
testassemblies35,2694
testassemblies711,2691
testassemblies953,2684
testassemblies1017,2650
testassemblies1559,2636
testassemblies1187,2633
testassemblies1576,2627
testassemblies1569,2625
testassemblies359,2605
testassemblies182,2453
testassemblies1029,2430
testassemblies823,2427
testassemblies997,2408
testassemblies620,2353
testassemblies1550,2322
testassemblies843,2318
testassemblies490,2279
testassemblies456,2274
testassemblies1242,2272
testassemblies336,2239
testassemblies348,2220
testassemblies1888,2192
testassemblies1637,2181
testassemblies1292,2159
testassemblies1108,2111
testassemblies155,2092
testassemblies996,2065
testassemblies834,2041
testassemblies1605,2027
testassemblies405,2015
testassemblies733,1987
testassemblies593,1966
testassemblies1026,1959
testassemblies262,1956
testassemblies892,1952
testassemblies662,1944
testassemblies255,1934
testassemblies1006,1930
testassemblies649,1907
testassemblies1694,1904
testassemblies687,1889
testassemblies1830,1888
testassemblies130,1886
testassemblies183,1882
testassemblies1853,1871
testassemblies1793,1866
testassemblies1531,1861
testassemblies412,1844
testassemblies189,1843
testassemblies1795,1837
testassemblies520,1834
testassemblies407,1831
testassemblies738,1831
testassemblies1233,1811
testassemblies283,1794
testassemblies1737,1790
testassemblies489,1785
testassemblies1577,1772
testassemblies775,1767
testassemblies1534,1759
testassemblies565,1738
testassemblies1834,1727
testassemblies368,1695
testassemblies230,1682
testassemblies1622,1676
testassemblies1581,1672
testassemblies1245,1669
testassemblies536,1668
testassemblies1287,1665
testassemblies146,1649
testassemblies1227,1645
testassemblies644,1644
testassemblies1525,1642
testassemblies1813,1627
testassemblies912,1621
testassemblies1307,1619
testassemblies1137,1574
testassemblies1591,1571
testassemblies1871,1569
testassemblies1653,1543
testassemblies1236,1526
testassemblies56,1522
testassemblies1453,1506
testassemblies157,1495
testassemblies352,1495
testassemblies1541,1492
testassemblies859,1490
testassemblies1289,1487
testassemblies272,1484
testassemblies468,1482
testassemblies390,1481
testassemblies1564,1478
testassemblies380,1468
testassemblies1592,1450
testassemblies945,1438
testassemblies1053,1435
testassemblies1828,1435
testassemblies1783,1431
testassemblies191,1425
testassemblies461,1424
testassemblies633,1423
testassemblies1870,1420
testassemblies545,1412
testassemblies1884,1398
testassemblies722,1393
testassemblies145,1370
testassemblies187,1369
testassemblies47,1367
testassemblies1008,1366
testassemblies1628,1357
testassemblies1659,1356
testassemblies1458,1353
testassemblies1851,1349
testassemblies928,1349
testassemblies1563,1335
testassemblies1326,1332
testassemblies147,1332
testassemblies1057,1329
testassemblies681,1322
testassemblies1446,1320
testassemblies603,1310
testassemblies856,1306
testassemblies234,1299
testassemblies464,1282
testassemblies305,1281
testassemblies1824,1280
testassemblies1685,1254
testassemblies1891,1249
testassemblies138,1248
testassemblies1845,1248
testassemblies265,1247
testassemblies429,1239
testassemblies1515,1233
testassemblies237,1226
testassemblies1479,1225
testassemblies701,1222
testassemblies813,1214
testassemblies946,1211
testassemblies1760,1190
testassemblies491,1190
testassemblies1802,1188
testassemblies621,1186
testassemblies174,1181
testassemblies1672,1177
testassemblies1311,1165
testassemblies1742,1160
testassemblies628,1153
testassemblies1733,1149
testassemblies1510,1147
testassemblies658,1145
testassemblies1856,1140
testassemblies1770,1139
testassemblies1394,1133
testassemblies312,1133
testassemblies1876,1125
testassemblies1278,1124
testassemblies1780,1123
testassemblies1481,1122
testassemblies1284,1119
testassemblies992,1118
testassemblies1699,1110
testassemblies668,1110
testassemblies1500,1109
testassemblies517,1105
testassemblies1520,1103
testassemblies824,1099
testassemblies627,1093
testassemblies1718,1088
testassemblies175,1088
testassemblies980,1088
testassemblies1516,1082
testassemblies109,1080
testassemblies1792,1077
testassemblies693,1054
testassemblies428,1050
testassemblies1791,1047
testassemblies241,1042
testassemblies1116,1035
testassemblies778,1032
testassemblies552,1029
testassemblies1799,1027
testassemblies1816,1024
testassemblies431,1017
testassemblies487,1015
testassemblies1738,1004
testassemblies310,990
testassemblies158,974
testassemblies979,973
testassemblies1168,970
testassemblies1648,966
testassemblies1468,964
testassemblies853,956
testassemblies890,955
testassemblies1797,954
testassemblies375,953
testassemblies781,945
testassemblies363,944
testassemblies692,940
testassemblies508,928
testassemblies677,926
testassemblies770,923
testassemblies1490,913
testassemblies1052,912
testassemblies1767,910
testassemblies850,909
testassemblies1598,903
testassemblies1212,897
testassemblies1894,879
testassemblies1646,874
testassemblies1271,873
testassemblies221,872
testassemblies1553,867
testassemblies172,866
testassemblies955,863
testassemblies1275,860
testassemblies434,857
testassemblies864,855
testassemblies364,850
testassemblies388,844
testassemblies1331,841
testassemblies473,841
testassemblies1556,836
testassemblies1095,833
testassemblies1470,824
testassemblies1069,823
testassemblies1044,822
testassemblies1038,812
testassemblies436,811
testassemblies579,809
testassemblies538,804
testassemblies1450,791
testassemblies333,791
testassemblies807,788
testassemblies759,787
testassemblies1885,781
testassemblies673,777
testassemblies1615,767
testassemblies1000,764
testassemblies827,757
testassemblies860,756
testassemblies1119,752
testassemblies898,751
testassemblies591,742
testassemblies1608,740
testassemblies544,735
testassemblies1028,700
testassemblies766,693
testassemblies1706,678
testassemblies1644,661
testassemblies451,652
testassemblies688,652
testassemblies1180,648
testassemblies1899,642
testassemblies1159,628
testassemblies401,626
testassemblies1046,625
testassemblies1162,617
testassemblies128,608
testassemblies1058,600
testassemblies1508,596
testassemblies1861,588
testassemblies454,577
testassemblies1409,573
testassemblies1693,571
testassemblies1674,564
testassemblies1050,561
testassemblies54,556
testassemblies519,555
testassemblies1399,554
testassemblies1024,553
testassemblies1099,552
testassemblies1764,551
testassemblies816,549
testassemblies1554,547
testassemblies53,545
testassemblies1013,540
testassemblies1613,539
testassemblies1352,532
testassemblies1093,523
testassemblies1344,507
testassemblies1439,505
testassemblies1708,504
testassemblies587,504
testassemblies58,504
testassemblies1444,501
testassemblies60,501
testassemblies1254,490
testassemblies1438,490
testassemblies616,490
testassemblies1896,482
testassemblies1157,473
testassemblies397,467
testassemblies177,461
testassemblies635,449
testassemblies1355,447
testassemblies270,447
testassemblies1232,446
testassemblies1005,443
testassemblies1176,440
testassemblies1198,438
testassemblies1246,427
testassemblies1339,427
testassemblies170,423
testassemblies1421,421
testassemblies1712,420
testassemblies1302,416
testassemblies1623,416
testassemblies1150,415
testassemblies509,413
testassemblies1291,412
testassemblies990,406
testassemblies1043,404
testassemblies1588,403
testassemblies488,403
testassemblies1091,401
testassemblies1874,400
testassemblies1366,399
testassemblies1327,398
testassemblies459,398
testassemblies1658,396
testassemblies1875,396
testassemblies478,388
testassemblies960,374
testassemblies267,371
testassemblies1382,364
testassemblies500,360
testassemblies1039,346
testassemblies709,343
testassemblies1710,339
testassemblies1715,330
testassemblies1362,328
testassemblies1414,323
testassemblies399,320
testassemblies1370,319
testassemblies1511,318
testassemblies833,316
testassemblies1358,314
testassemblies882,314
testassemblies761,311
testassemblies1702,304
testassemblies1566,303
testassemblies1451,297
testassemblies615,297
testassemblies939,294
testassemblies1269,292
testassemblies571,289
testassemblies572,289
testassemblies1545,287
testassemblies261,286
testassemblies59,286
testassemblies1102,280
testassemblies1203,279
testassemblies667,279
testassemblies318,275
testassemblies1107,274
testassemblies799,273
testassemblies1582,270
testassemblies57,265
testassemblies1524,262
testassemblies574,262
testassemblies1387,261
testassemblies876,261
testassemblies1060,260
testassemblies1220,257
testassemblies592,256
testassemblies1698,253
testassemblies1466,251
testassemblies674,251
testassemblies1721,249
testassemblies704,239
testassemblies1033,237
testassemblies285,229
testassemblies1036,226
testassemblies1195,218
testassemblies1557,217
testassemblies686,216
testassemblies344,212
testassemblies1377,211
testassemblies1680,211
testassemblies384,211
testassemblies1589,210
testassemblies495,207
testassemblies4,206
testassemblies1189,202
testassemblies1670,202
testassemblies732,202
testassemblies1476,200
testassemblies973,200
testassemblies1277,199
testassemblies1601,197
testassemblies218,197
testassemblies216,191
testassemblies796,190
testassemblies1514,186
testassemblies1068,183
testassemblies1441,177
testassemblies184,177
testassemblies392,172
testassemblies227,171
testassemblies795,166
testassemblies121,161
testassemblies1630,154
testassemblies1042,153
testassemblies1890,147
testassemblies1536,146
testassemblies1134,145
testassemblies1127,140
testassemblies1348,138
testassemblies959,138
testassemblies798,137
testassemblies1810,136
testassemblies1704,135
testassemblies103,134
testassemblies1379,134
testassemblies1329,131
testassemblies96,131
testassemblies1679,127
testassemblies1386,125
testassemblies266,124
testassemblies1110,123
testassemblies1152,121
testassemblies1410,117
testassemblies608,117
testassemblies77,116
testassemblies885,116
testassemblies204,110
testassemblies1763,107
testassemblies46,107
testassemblies1012,106
testassemblies1089,104
testassemblies1595,104
testassemblies901,104
testassemblies1687,101
testassemblies851,101
testassemblies653,98
testassemblies1032,97
testassemblies1131,97
testassemblies902,97
testassemblies1849,96
testassemblies1862,96
testassemblies469,94
testassemblies1293,93
testassemblies861,93
testassemblies1217,92
testassemblies1440,91
testassemblies847,90
testassemblies1869,89
testassemblies1122,87
testassemblies74,87
testassemblies1627,85
testassemblies735,85
testassemblies772,85
testassemblies786,85
testassemblies1123,83
testassemblies1420,83
testassemblies124,81
testassemblies17,81
testassemblies884,80
testassemblies895,77
testassemblies1133,73
testassemblies78,73
testassemblies137,70
testassemblies679,69
testassemblies1316,65
testassemblies1602,65
testassemblies836,65
testassemblies1064,61
testassemblies1372,60
testassemblies949,59
testassemblies957,59
testassemblies1369,56
testassemblies1461,56
testassemblies756,55
testassemblies573,54
testassemblies1188,53
testassemblies1691,52
testassemblies1840,52
testassemblies1411,51
testassemblies906,51
testassemblies1749,50
testassemblies1407,47
testassemblies1103,45
testassemblies1219,45
testassemblies1537,45
testassemblies1249,41
testassemblies1273,41
testassemblies1684,41
testassemblies356,41
testassemblies1332,39
testassemblies1530,36
testassemblies769,35
testassemblies1717,34
testassemblies1375,33
testassemblies393,33
testassemblies1667,32
testassemblies1689,31
testassemblies839,28
testassemblies1724,27
testassemblies1506,26
testassemblies1030,25
testassemblies1349,25
testassemblies1469,22
testassemblies1848,21
testassemblies1351,20
testassemblies1483,20
testassemblies504,16
testassemblies258,15
testassemblies1765,14
testassemblies1267,13
testassemblies586,12
testassemblies1428,11
testassemblies18,10
testassemblies511,7
testassemblies1472,6
testassemblies852,6
testassemblies1883,4
testassemblies909,3
testassemblies964,2
testassemblies1235,1
