20922,testassemblies2554
18106,testassemblies3995
15653,testassemblies244
14850,testassemblies1071
14674,testassemblies1990
13787,testassemblies2144
13569,testassemblies2423
13407,testassemblies1520
13134,testassemblies3091
12066,testassemblies1503
12057,testassemblies1083
11834,testassemblies1959
11736,testassemblies1110
10851,testassemblies196
10758,testassemblies2411
10541,testassemblies901
10283,testassemblies4432
10182,testassemblies256
9985,testassemblies1564
9896,testassemblies3717
9410,testassemblies146
9346,testassemblies218
9179,testassemblies1035
9161,testassemblies1611
9156,testassemblies1209
9119,testassemblies1788
9035,testassemblies750
9008,testassemblies3310
8808,testassemblies4285
8740,testassemblies719
8568,testassemblies4093
8565,testassemblies3386
8531,testassemblies433
8527,testassemblies3920
8454,testassemblies2040
8190,testassemblies1124
8147,testassemblies1763
8140,testassemblies3666
8107,testassemblies119
8071,testassemblies3381
8035,testassemblies886
7990,testassemblies1271
7645,testassemblies2213
7552,testassemblies544
7415,testassemblies3598
7399,testassemblies1739
7324,testassemblies2664
7307,testassemblies3382
7035,testassemblies2268
6872,testassemblies162
6604,testassemblies436
6585,testassemblies134
6513,testassemblies3969
6203,testassemblies2211
6128,testassemblies3370
5819,testassemblies465
5800,testassemblies199
5787,testassemblies260
5616,testassemblies1447
5555,testassemblies1646
5416,testassemblies2192
5210,testassemblies3265
5176,testassemblies1756
5141,testassemblies724
5057,testassemblies458
5009,testassemblies1707
4890,testassemblies3754
4814,testassemblies3914
4783,testassemblies3723
4537,testassemblies2451
4521,testassemblies2458
4506,testassemblies3324
4480,testassemblies2315
4416,testassemblies1185
4383,testassemblies2480
4222,testassemblies1988
4119,testassemblies1336
4099,testassemblies3615
4077,testassemblies2985
4074,testassemblies1811
3921,testassemblies3944
3895,testassemblies815
3885,testassemblies3751
3835,testassemblies3402
3805,testassemblies1612
3782,testassemblies4033
3731,testassemblies3353
3717,testassemblies469
3682,testassemblies4089
3656,testassemblies1637
3592,testassemblies2881
3590,testassemblies1267
3582,testassemblies1281
3550,testassemblies2920
3518,testassemblies2678
3429,testassemblies3794
3338,testassemblies4112
3321,testassemblies2276
3310,testassemblies203
3298,testassemblies3078
3297,testassemblies2496
3279,testassemblies3592
3251,testassemblies3104
3242,testassemblies389
3228,testassemblies1334
3216,testassemblies4465
3176,testassemblies2009
3156,testassemblies202
3133,testassemblies8
3043,testassemblies3691
3019,testassemblies977
2952,testassemblies3116
2918,testassemblies3812
2912,testassemblies2696
2866,testassemblies1605
2827,testassemblies2697
2819,testassemblies2430
2818,testassemblies782
2804,testassemblies2403
2796,testassemblies4366
2789,testassemblies3280
2779,testassemblies2797
2771,testassemblies3114
2755,testassemblies783
2747,testassemblies1453
2736,testassemblies4207
2683,testassemblies1539
2671,testassemblies1340
2643,testassemblies2147
2629,testassemblies604
2594,testassemblies3191
2584,testassemblies2311
2539,testassemblies1513
2481,testassemblies2616
2393,testassemblies1544
2381,testassemblies1011
2368,testassemblies2058
2314,testassemblies2961
2314,testassemblies4048
2300,testassemblies2592
2297,testassemblies1883
2248,testassemblies861
2231,testassemblies3082
2214,testassemblies3803
2186,testassemblies1573
2185,testassemblies2928
2173,testassemblies1615
2141,testassemblies2115
2131,testassemblies3955
2124,testassemblies1369
2101,testassemblies228
2096,testassemblies2054
2043,testassemblies2902
2043,testassemblies3296
2023,testassemblies302
1983,testassemblies4318
1958,testassemblies1066
1929,testassemblies7
1882,testassemblies2464
1860,testassemblies2103
1860,testassemblies2651
1857,testassemblies812
1839,testassemblies306
1838,testassemblies667
1781,testassemblies3171
1769,testassemblies3518
1731,testassemblies3244
1706,testassemblies2499
1692,testassemblies930
1674,testassemblies825
1669,testassemblies1892
1664,testassemblies2955
1612,testassemblies4223
1605,testassemblies2112
1587,testassemblies866
1558,testassemblies1490
1545,testassemblies2280
1511,testassemblies312
1511,testassemblies880
1509,testassemblies1524
1507,testassemblies3617
1500,testassemblies1224
1494,testassemblies2306
1481,testassemblies3951
1475,testassemblies945
1462,testassemblies3003
1460,testassemblies3551
1455,testassemblies2964
1453,testassemblies1569
1452,testassemblies1284
1421,testassemblies210
1421,testassemblies1187
1407,testassemblies2586
1402,testassemblies2652
1386,testassemblies293
1382,testassemblies2473
1381,testassemblies125
1380,testassemblies2934
1371,testassemblies1538
1347,testassemblies1077
1344,testassemblies1469
1343,testassemblies771
1342,testassemblies773
1337,testassemblies1435
1333,testassemblies3894
1314,testassemblies1152
1298,testassemblies3552
1285,testassemblies2251
1281,testassemblies3090
1263,testassemblies1639
1256,testassemblies2020
1256,testassemblies2031
1251,testassemblies16
1247,testassemblies603
1233,testassemblies3174
1220,testassemblies518
1220,testassemblies2575
1212,testassemblies216
1209,testassemblies2500
1209,testassemblies2906
1208,testassemblies2507
1201,testassemblies34
1196,testassemblies2433
1193,testassemblies3313
1190,testassemblies1037
1188,testassemblies1592
1188,testassemblies2386
1188,testassemblies2724
1184,testassemblies3345
1183,testassemblies2340
1181,testassemblies2087
1178,testassemblies2130
1177,testassemblies151
1173,testassemblies2886
1172,testassemblies1751
1170,testassemblies4206
1167,testassemblies2279
1166,testassemblies1647
1158,testassemblies4217
1154,testassemblies3428
1152,testassemblies2155
1149,testassemblies3235
1139,testassemblies86
1136,testassemblies3251
1118,testassemblies3182
1107,testassemblies3183
1106,testassemblies1103
1099,testassemblies1607
1096,testassemblies1420
1094,testassemblies1800
1086,testassemblies2908
1084,testassemblies1164
1078,testassemblies1192
1068,testassemblies2474
1065,testassemblies1418
1062,testassemblies4388
1061,testassemblies2266
1057,testassemblies4243
1052,testassemblies1989
1050,testassemblies3622
1043,testassemblies1194
1042,testassemblies3157
1032,testassemblies2094
1028,testassemblies2083
1018,testassemblies2776
1017,testassemblies1266
1014,testassemblies3269
1014,testassemblies3831
1013,testassemblies764
1012,testassemblies3317
1012,testassemblies3809
1011,testassemblies3961
1010,testassemblies3268
1003,testassemblies2588
999,testassemblies246
998,testassemblies1247
994,testassemblies399
993,testassemblies3724
991,testassemblies3735
987,testassemblies1696
979,testassemblies1799
976,testassemblies3742
967,testassemblies3348
965,testassemblies3266
962,testassemblies2598
957,testassemblies3446
954,testassemblies1260
941,testassemblies2182
941,testassemblies2722
922,testassemblies4282
920,testassemblies3749
918,testassemblies729
918,testassemblies2607
907,testassemblies4374
906,testassemblies3118
905,testassemblies2949
905,testassemblies3216
901,testassemblies1940
899,testassemblies1543
892,testassemblies646
891,testassemblies4225
879,testassemblies3349
878,testassemblies195
871,testassemblies510
868,testassemblies578
864,testassemblies3011
854,testassemblies1907
847,testassemblies4393
844,testassemblies1184
843,testassemblies1663
840,testassemblies2609
833,testassemblies3152
831,testassemblies3544
829,testassemblies2262
816,testassemblies2355
815,testassemblies3779
811,testassemblies1502
808,testassemblies170
808,testassemblies2999
808,testassemblies3239
806,testassemblies370
806,testassemblies3110
804,testassemblies864
796,testassemblies2759
791,testassemblies3663
790,testassemblies3882
789,testassemblies1223
788,testassemblies396
784,testassemblies2365
782,testassemblies2001
780,testassemblies837
776,testassemblies2679
768,testassemblies1591
767,testassemblies1525
761,testassemblies92
761,testassemblies1386
761,testassemblies1801
761,testassemblies2565
761,testassemblies4428
757,testassemblies3377
753,testassemblies2321
753,testassemblies2356
752,testassemblies3612
747,testassemblies1829
747,testassemblies1985
742,testassemblies745
742,testassemblies1759
732,testassemblies2325
730,testassemblies2713
724,testassemblies4240
723,testassemblies557
720,testassemblies384
718,testassemblies1454
710,testassemblies2898
710,testassemblies2922
707,testassemblies2019
704,testassemblies2274
701,testassemblies1482
701,testassemblies2957
700,testassemblies4076
696,testassemblies652
688,testassemblies2205
687,testassemblies2903
685,testassemblies2038
683,testassemblies1222
680,testassemblies1909
680,testassemblies3887
678,testassemblies342
676,testassemblies1119
676,testassemblies1625
671,testassemblies1772
662,testassemblies1109
659,testassemblies1560
657,testassemblies1082
655,testassemblies3021
655,testassemblies3991
654,testassemblies2382
654,testassemblies3316
651,testassemblies4277
649,testassemblies1370
649,testassemblies3195
648,testassemblies565
646,testassemblies2635
643,testassemblies3767
637,testassemblies2300
636,testassemblies3289
635,testassemblies637
634,testassemblies2777
631,testassemblies2328
629,testassemblies1242
625,testassemblies607
624,testassemblies3958
620,testassemblies1295
617,testassemblies2619
611,testassemblies4364
608,testassemblies272
603,testassemblies698
603,testassemblies2258
601,testassemblies4303
596,testassemblies3524
593,testassemblies133
592,testassemblies2884
592,testassemblies3540
586,testassemblies230
579,testassemblies1051
578,testassemblies605
575,testassemblies3697
574,testassemblies192
572,testassemblies2936
571,testassemblies3539
564,testassemblies2230
563,testassemblies3241
561,testassemblies3785
560,testassemblies2452
558,testassemblies1094
558,testassemblies1186
557,testassemblies1417
553,testassemblies1111
551,testassemblies1559
547,testassemblies943
545,testassemblies623
545,testassemblies766
545,testassemblies1629
542,testassemblies917
542,testassemblies1053
540,testassemblies2044
539,testassemblies776
534,testassemblies3100
531,testassemblies914
531,testassemblies2235
531,testassemblies3581
529,testassemblies1383
527,testassemblies3960
525,testassemblies890
525,testassemblies1719
523,testassemblies1009
522,testassemblies727
522,testassemblies3230
521,testassemblies444
516,testassemblies4299
514,testassemblies2186
512,testassemblies1956
512,testassemblies2708
509,testassemblies2303
508,testassemblies3659
505,testassemblies2478
500,testassemblies300
499,testassemblies4467
498,testassemblies3233
496,testassemblies1690
495,testassemblies2408
494,testassemblies116
492,testassemblies2359
491,testassemblies468
491,testassemblies3790
490,testassemblies938
489,testassemblies803
489,testassemblies2494
489,testassemblies3634
486,testassemblies222
485,testassemblies105
484,testassemblies668
483,testassemblies129
482,testassemblies680
482,testassemblies2763
480,testassemblies221
480,testassemblies1861
478,testassemblies1884
478,testassemblies3665
475,testassemblies3823
472,testassemblies2646
469,testassemblies1585
466,testassemblies2123
465,testassemblies672
465,testassemblies1012
465,testassemblies2966
463,testassemblies1238
462,testassemblies2016
460,testassemblies1193
460,testassemblies1537
459,testassemblies1792
459,testassemblies3284
457,testassemblies878
454,testassemblies3516
453,testassemblies317
453,testassemblies2655
451,testassemblies3159
449,testassemblies3523
446,testassemblies2292
443,testassemblies2118
442,testassemblies2950
440,testassemblies1283
439,testassemblies2283
438,testassemblies732
438,testassemblies1618
438,testassemblies2462
433,testassemblies2390
432,testassemblies2515
431,testassemblies191
431,testassemblies555
430,testassemblies205
429,testassemblies1248
429,testassemblies2805
429,testassemblies3762
429,testassemblies4045
428,testassemblies3756
427,testassemblies27
427,testassemblies2208
425,testassemblies4038
424,testassemblies3802
423,testassemblies3449
422,testassemblies3295
420,testassemblies1778
419,testassemblies1265
418,testassemblies2602
417,testassemblies4192
413,testassemblies1318
412,testassemblies1020
412,testassemblies3874
408,testassemblies1732
407,testassemblies1395
405,testassemblies4423
404,testassemblies751
403,testassemblies522
401,testassemblies3623
398,testassemblies961
397,testassemblies232
397,testassemblies1214
395,testassemblies2545
395,testassemblies3009
394,testassemblies3797
394,testassemblies4311
393,testassemblies3760
389,testassemblies1007
389,testassemblies3420
388,testassemblies2790
386,testassemblies1421
385,testassemblies998
385,testassemblies3931
384,testassemblies275
384,testassemblies871
381,testassemblies241
381,testassemblies594
379,testassemblies4193
378,testassemblies3120
377,testassemblies380
374,testassemblies1553
374,testassemblies3209
373,testassemblies1910
373,testassemblies3018
372,testassemblies1196
371,testassemblies1115
371,testassemblies4390
369,testassemblies3752
366,testassemblies4015
361,testassemblies1711
360,testassemblies997
360,testassemblies3974
358,testassemblies796
358,testassemblies2466
356,testassemblies723
356,testassemblies1466
354,testassemblies2838
353,testassemblies2977
352,testassemblies2841
351,testassemblies1558
349,testassemblies4182
348,testassemblies1365
341,testassemblies3907
339,testassemblies1897
338,testassemblies4123
335,testassemblies310
335,testassemblies610
334,testassemblies1828
331,testassemblies3186
328,testassemblies1512
326,testassemblies1546
325,testassemblies2085
324,testassemblies3298
323,testassemblies363
323,testassemblies1451
323,testassemblies4307
322,testassemblies295
321,testassemblies229
321,testassemblies3568
320,testassemblies1540
319,testassemblies463
317,testassemblies2120
314,testassemblies855
313,testassemblies343
313,testassemblies1030
313,testassemblies3389
312,testassemblies3998
311,testassemblies2100
311,testassemblies2605
310,testassemblies706
310,testassemblies1761
308,testassemblies1945
307,testassemblies2615
307,testassemblies3397
307,testassemblies4414
306,testassemblies1158
306,testassemblies1429
306,testassemblies1748
306,testassemblies3600
304,testassemblies2154
304,testassemblies3236
303,testassemblies995
303,testassemblies1361
303,testassemblies4373
302,testassemblies1202
301,testassemblies3529
301,testassemblies4040
300,testassemblies21
300,testassemblies895
300,testassemblies3215
299,testassemblies3715
297,testassemblies3713
296,testassemblies1519
296,testassemblies1784
294,testassemblies1882
294,testassemblies3360
293,testassemblies4096
289,testassemblies3225
287,testassemblies2122
286,testassemblies2337
285,testassemblies1464
285,testassemblies2030
284,testassemblies4385
282,testassemblies932
282,testassemblies1097
282,testassemblies1530
282,testassemblies2194
281,testassemblies1203
280,testassemblies642
279,testassemblies1440
278,testassemblies1014
278,testassemblies2711
277,testassemblies993
277,testassemblies4005
276,testassemblies1670
276,testassemblies2842
274,testassemblies1942
274,testassemblies2476
272,testassemblies1289
270,testassemblies1073
270,testassemblies1488
270,testassemblies2750
270,testassemblies3232
270,testassemblies3881
269,testassemblies1971
268,testassemblies259
268,testassemblies3629
268,testassemblies3988
268,testassemblies4341
266,testassemblies1614
266,testassemblies2771
266,testassemblies2872
266,testassemblies3094
266,testassemblies3136
266,testassemblies3937
265,testassemblies4302
264,testassemblies278
263,testassemblies1448
263,testassemblies2574
262,testassemblies1630
262,testassemblies3498
260,testassemblies1787
259,testassemblies596
259,testassemblies2102
258,testassemblies4288
257,testassemblies223
257,testassemblies3101
255,testassemblies826
255,testassemblies1859
254,testassemblies2367
253,testassemblies2989
253,testassemblies3434
251,testassemblies654
251,testassemblies3768
250,testassemblies1093
249,testassemblies2960
248,testassemblies137
248,testassemblies754
248,testassemblies3369
247,testassemblies3044
247,testassemblies3190
245,testassemblies1494
245,testassemblies1797
242,testassemblies188
242,testassemblies1329
241,testassemblies126
241,testassemblies245
241,testassemblies2487
241,testassemblies2808
239,testassemblies757
239,testassemblies1673
237,testassemblies273
237,testassemblies2643
236,testassemblies194
235,testassemblies3250
234,testassemblies179
234,testassemblies630
233,testassemblies1350
233,testassemblies2426
232,testassemblies1373
231,testassemblies1924
230,testassemblies2585
228,testassemblies1396
228,testassemblies2562
228,testassemblies2990
227,testassemblies165
227,testassemblies959
227,testassemblies1766
227,testassemblies2862
226,testassemblies11
226,testassemblies632
226,testassemblies3806
225,testassemblies3720
224,testassemblies132
224,testassemblies167
224,testassemblies3628
223,testassemblies3147
222,testassemblies379
222,testassemblies670
222,testassemblies2301
222,testassemblies4446
221,testassemblies3711
220,testassemblies2295
219,testassemblies2248
218,testassemblies424
217,testassemblies2121
216,testassemblies1253
216,testassemblies3327
216,testassemblies4087
215,testassemblies130
215,testassemblies3426
214,testassemblies824
214,testassemblies2582
214,testassemblies3660
214,testassemblies3848
213,testassemblies3373
213,testassemblies3858
213,testassemblies3886
210,testassemblies2921
208,testassemblies949
207,testassemblies507
207,testassemblies3404
207,testassemblies3885
207,testassemblies4173
206,testassemblies139
206,testassemblies2393
205,testassemblies1040
205,testassemblies1668
205,testassemblies1834
204,testassemblies3827
204,testassemblies4394
203,testassemblies1090
203,testassemblies4102
202,testassemblies978
201,testassemblies2629
199,testassemblies2534
199,testassemblies2870
197,testassemblies2770
197,testassemblies3355
196,testassemblies1376
195,testassemblies1078
195,testassemblies1310
195,testassemblies1818
195,testassemblies2727
194,testassemblies682
194,testassemblies3854
194,testassemblies4433
193,testassemblies152
193,testassemblies2976
192,testassemblies935
192,testassemblies2604
191,testassemblies1954
191,testassemblies2448
190,testassemblies867
190,testassemblies1522
190,testassemblies3279
189,testassemblies2097
189,testassemblies2622
189,testassemblies3320
188,testassemblies2751
187,testassemblies858
187,testassemblies3443
186,testassemblies987
185,testassemblies879
185,testassemblies4091
185,testassemblies4462
184,testassemblies4018
183,testassemblies916
181,testassemblies164
181,testassemblies392
181,testassemblies797
181,testassemblies2218
181,testassemblies2991
180,testassemblies641
180,testassemblies2972
180,testassemblies4266
179,testassemblies1687
179,testassemblies1922
179,testassemblies2195
179,testassemblies2490
178,testassemblies2547
177,testassemblies435
177,testassemblies1813
177,testassemblies2899
177,testassemblies3154
177,testassemblies4475
176,testassemblies48
176,testassemblies794
176,testassemblies2294
176,testassemblies3971
174,testassemblies483
173,testassemblies2687
173,testassemblies2853
172,testassemblies339
172,testassemblies502
172,testassemblies2917
172,testassemblies4068
171,testassemblies950
171,testassemblies1880
171,testassemblies3972
169,testassemblies1049
169,testassemblies3729
168,testassemblies1145
168,testassemblies4357
167,testassemblies1013
167,testassemblies2207
167,testassemblies3363
165,testassemblies989
164,testassemblies1017
164,testassemblies1172
164,testassemblies2768
163,testassemblies3410
161,testassemblies1166
161,testassemblies1770
161,testassemblies1944
161,testassemblies3933
161,testassemblies4279
160,testassemblies778
160,testassemblies1736
159,testassemblies2172
159,testassemblies2313
158,testassemblies969
158,testassemblies2129
157,testassemblies39
157,testassemblies2116
157,testassemblies2257
157,testassemblies3705
156,testassemblies1213
156,testassemblies2690
154,testassemblies4072
153,testassemblies2735
152,testassemblies1113
152,testassemblies1509
152,testassemblies1535
152,testassemblies2377
152,testassemblies2580
152,testassemblies3436
151,testassemblies3
150,testassemblies703
150,testassemblies3709
149,testassemblies425
149,testassemblies1059
149,testassemblies1493
149,testassemblies1951
148,testassemblies2153
148,testassemblies3311
146,testassemblies2712
146,testassemblies2919
146,testassemblies3367
146,testassemblies3555
145,testassemblies1381
145,testassemblies2131
145,testassemblies2174
144,testassemblies1486
144,testassemblies4191
142,testassemblies3291
141,testassemblies1394
141,testassemblies1963
141,testassemblies3773
141,testassemblies4136
140,testassemblies145
139,testassemblies690
139,testassemblies1317
139,testassemblies2491
139,testassemblies2528
139,testassemblies2649
139,testassemblies2968
139,testassemblies3454
138,testassemblies4053
137,testassemblies1038
137,testassemblies4412
136,testassemblies627
136,testassemblies1285
136,testassemblies4074
135,testassemblies189
135,testassemblies3942
134,testassemblies270
134,testassemblies4349
134,testassemblies4469
133,testassemblies1414
133,testassemblies1721
132,testassemblies238
132,testassemblies1456
132,testassemblies1617
132,testassemblies1887
132,testassemblies2618
132,testassemblies4022
131,testassemblies531
131,testassemblies971
131,testassemblies1879
131,testassemblies2698
131,testassemblies2982
131,testassemblies3201
131,testassemblies3461
130,testassemblies2472
130,testassemblies3271
129,testassemblies231
129,testassemblies473
129,testassemblies1575
129,testassemblies3869
128,testassemblies207
128,testassemblies2169
128,testassemblies2555
128,testassemblies3315
127,testassemblies131
127,testassemblies928
127,testassemblies2228
127,testassemblies3572
126,testassemblies462
126,testassemblies2202
126,testassemblies2887
126,testassemblies3534
125,testassemblies2568
124,testassemblies586
122,testassemblies609
122,testassemblies1563
122,testassemblies1580
122,testassemblies1969
122,testassemblies4214
121,testassemblies193
121,testassemblies3878
120,testassemblies178
120,testassemblies3452
120,testassemblies4234
119,testassemblies1556
118,testassemblies401
118,testassemblies798
118,testassemblies2214
118,testassemblies2603
117,testassemblies2824
117,testassemblies3870
116,testassemblies1043
116,testassemblies1529
115,testassemblies3808
115,testassemblies4118
114,testassemblies2504
114,testassemblies2791
114,testassemblies2845
114,testassemblies3673
113,testassemblies1666
113,testassemblies3567
113,testassemblies3804
113,testassemblies4336
112,testassemblies1159
112,testassemblies1358
111,testassemblies4354
110,testassemblies1025
110,testassemblies3047
109,testassemblies548
109,testassemblies3488
108,testassemblies2486
107,testassemblies2427
107,testassemblies3308
106,testassemblies3364
105,testassemblies2621
105,testassemblies3547
104,testassemblies1134
104,testassemblies4426
103,testassemblies1462
103,testassemblies2840
103,testassemblies4252
102,testassemblies2381
101,testassemblies1619
101,testassemblies2644
99,testassemblies628
99,testassemblies2506
99,testassemblies2590
99,testassemblies2703
99,testassemblies3088
99,testassemblies3131
98,testassemblies611
98,testassemblies2170
98,testassemblies3532
98,testassemblies3605
98,testassemblies3950
97,testassemblies599
97,testassemblies2407
97,testassemblies2783
97,testassemblies2794
97,testassemblies3160
97,testassemblies4391
96,testassemblies1080
96,testassemblies1118
96,testassemblies2110
96,testassemblies3945
96,testassemblies4381
95,testassemblies602
95,testassemblies3198
95,testassemblies3699
95,testassemblies4119
95,testassemblies4450
94,testassemblies1150
94,testassemblies2756
94,testassemblies3084
94,testassemblies3177
93,testassemblies1036
93,testassemblies1167
93,testassemblies1294
93,testassemblies2215
93,testassemblies2608
92,testassemblies285
92,testassemblies856
92,testassemblies1257
92,testassemblies1749
92,testassemblies2772
92,testassemblies2882
91,testassemblies173
91,testassemblies1500
91,testassemblies2179
90,testassemblies512
90,testassemblies558
90,testassemblies2271
90,testassemblies3093
90,testassemblies3730
89,testassemblies967
89,testassemblies1112
89,testassemblies1877
89,testassemblies3514
88,testassemblies1731
88,testassemblies3509
87,testassemblies415
87,testassemblies918
87,testassemblies1062
87,testassemblies1098
87,testassemblies1106
87,testassemblies1773
87,testassemblies2634
87,testassemblies3590
87,testassemblies4398
86,testassemblies1245
86,testassemblies2424
86,testassemblies4308
85,testassemblies402
85,testassemblies1425
85,testassemblies2495
85,testassemblies3695
85,testassemblies4020
84,testassemblies1107
84,testassemblies1204
84,testassemblies2272
84,testassemblies3959
82,testassemblies6
82,testassemblies897
82,testassemblies1865
82,testassemblies2699
82,testassemblies2856
82,testassemblies4046
81,testassemblies174
81,testassemblies850
81,testassemblies2232
81,testassemblies2671
80,testassemblies140
80,testassemblies883
80,testassemblies1206
80,testassemblies2319
80,testassemblies3368
79,testassemblies787
79,testassemblies1357
79,testassemblies3757
78,testassemblies573
78,testassemblies2145
78,testassemblies2357
78,testassemblies3953
77,testassemblies546
77,testassemblies924
76,testassemblies2573
76,testassemblies3609
76,testassemblies3853
75,testassemblies2594
75,testassemblies2744
75,testassemblies2969
75,testassemblies3242
75,testassemblies3500
75,testassemblies4026
75,testassemblies4351
75,testassemblies4377
74,testassemblies500
74,testassemblies2665
74,testassemblies2967
74,testassemblies3334
74,testassemblies3786
74,testassemblies3926
73,testassemblies4438
72,testassemblies994
72,testassemblies2158
72,testassemblies2456
72,testassemblies3533
72,testassemblies3618
72,testassemblies3865
72,testassemblies3924
72,testassemblies3934
71,testassemblies517
71,testassemblies1392
71,testassemblies2685
71,testassemblies3141
71,testassemblies3936
70,testassemblies2630
69,testassemblies364
69,testassemblies738
69,testassemblies752
69,testassemblies1005
69,testassemblies1016
68,testassemblies733
68,testassemblies915
68,testassemblies1312
68,testassemblies2113
67,testassemblies1442
67,testassemblies2692
67,testassemblies2795
67,testassemblies3636
66,testassemblies2008
66,testassemblies2302
66,testassemblies3424
65,testassemblies422
65,testassemblies666
65,testassemblies1863
64,testassemblies1384
64,testassemblies1393
64,testassemblies2559
64,testassemblies2732
64,testassemblies2875
64,testassemblies3399
64,testassemblies3819
63,testassemblies1685
63,testassemblies1715
63,testassemblies2633
63,testassemblies3587
62,testassemblies545
62,testassemblies1275
62,testassemblies2049
62,testassemblies2796
62,testassemblies3378
61,testassemblies159
61,testassemblies515
61,testassemblies1983
61,testassemblies2148
61,testassemblies3206
61,testassemblies3427
61,testassemblies3832
61,testassemblies4352
60,testassemblies506
60,testassemblies872
60,testassemblies3376
60,testassemblies4210
60,testassemblies4228
59,testassemblies267
59,testassemblies865
59,testassemblies2109
59,testassemblies3106
58,testassemblies1816
58,testassemblies1973
58,testassemblies2428
58,testassemblies4010
57,testassemblies299
57,testassemblies927
57,testassemblies1244
57,testassemblies1718
57,testassemblies2370
57,testassemblies2670
56,testassemblies4185
56,testassemblies4383
55,testassemblies367
55,testassemblies904
55,testassemblies1191
55,testassemblies4247
54,testassemblies899
54,testassemblies1351
54,testassemblies1353
54,testassemblies4085
53,testassemblies1050
53,testassemblies1075
53,testassemblies2223
53,testassemblies2988
53,testassemblies3039
53,testassemblies3519
53,testassemblies3585
53,testassemblies3679
53,testassemblies3818
52,testassemblies737
52,testassemblies1315
52,testassemblies1465
52,testassemblies2286
51,testassemblies480
51,testassemblies1444
51,testassemblies2316
51,testassemblies3307
51,testassemblies3323
51,testassemblies4107
51,testassemblies4309
50,testassemblies1121
50,testassemblies1366
50,testassemblies3115
50,testassemblies3357
49,testassemblies197
49,testassemblies615
49,testassemblies1609
49,testassemblies1655
49,testassemblies1937
49,testassemblies2449
49,testassemblies2689
49,testassemblies2784
49,testassemblies2820
49,testassemblies3117
49,testassemblies3489
49,testassemblies4249
49,testassemblies4404
48,testassemblies20
48,testassemblies346
48,testassemblies804
48,testassemblies1457
48,testassemblies1516
48,testassemblies1579
48,testassemblies1701
48,testassemblies2942
48,testassemblies3856
47,testassemblies37
47,testassemblies509
47,testassemblies521
47,testassemblies3321
47,testassemblies3388
47,testassemblies3918
47,testassemblies4211
46,testassemblies187
46,testassemblies220
46,testassemblies1551
46,testassemblies1769
46,testassemblies2177
46,testassemblies2544
46,testassemblies4220
45,testassemblies423
45,testassemblies669
45,testassemblies2320
45,testassemblies3213
45,testassemblies3535
45,testassemblies3614
45,testassemblies3727
45,testassemblies4270
44,testassemblies493
44,testassemblies1019
44,testassemblies1131
44,testassemblies1504
44,testassemblies2108
44,testassemblies2149
44,testassemblies3352
43,testassemblies1255
43,testassemblies2007
43,testassemblies2156
43,testassemblies3128
43,testassemblies3130
43,testassemblies4321
42,testassemblies431
42,testassemblies1678
42,testassemblies3173
42,testassemblies3667
42,testassemblies4361
41,testassemblies1272
41,testassemblies1346
41,testassemblies1390
41,testassemblies1508
41,testassemblies1785
41,testassemblies2219
41,testassemblies2851
41,testassemblies3416
41,testassemblies3805
41,testassemblies4260
40,testassemblies1359
40,testassemblies1587
40,testassemblies1768
40,testassemblies1991
40,testassemblies2395
40,testassemblies3798
40,testassemblies3968
39,testassemblies243
39,testassemblies933
39,testassemblies1355
39,testassemblies1683
39,testassemblies2918
39,testassemblies3569
38,testassemblies446
38,testassemblies597
38,testassemblies1623
38,testassemblies2837
38,testassemblies3656
38,testassemblies4037
38,testassemblies4055
38,testassemblies4133
37,testassemblies279
37,testassemblies1416
37,testassemblies2402
37,testassemblies2743
37,testassemblies2916
37,testassemblies2938
37,testassemblies3034
37,testassemblies3385
37,testassemblies3537
36,testassemblies303
36,testassemblies1240
36,testassemblies1590
36,testassemblies2209
36,testassemblies2532
36,testassemblies3132
35,testassemblies13
35,testassemblies513
35,testassemblies769
35,testassemblies1838
35,testassemblies1961
35,testassemblies2021
35,testassemblies2227
35,testassemblies2827
35,testassemblies3336
35,testassemblies3602
35,testassemblies3693
34,testassemblies1660
34,testassemblies1895
34,testassemblies1960
34,testassemblies3189
34,testassemblies3828
33,testassemblies511
33,testassemblies1207
33,testassemblies1594
33,testassemblies2059
33,testassemblies4153
33,testassemblies4396
32,testassemblies257
32,testassemblies298
32,testassemblies869
32,testassemblies1144
32,testassemblies2567
32,testassemblies4009
32,testassemblies4310
32,testassemblies4427
32,testassemblies4472
31,testassemblies659
31,testassemblies885
31,testassemblies1352
31,testassemblies1491
31,testassemblies2046
31,testassemblies2150
31,testassemblies2895
31,testassemblies4222
30,testassemblies101
30,testassemblies575
30,testassemblies579
30,testassemblies801
30,testassemblies973
30,testassemblies991
30,testassemblies1114
30,testassemblies2285
30,testassemblies2669
30,testassemblies3372
30,testassemblies3683
30,testassemblies3871
29,testassemblies875
29,testassemblies1642
29,testassemblies1677
29,testassemblies2548
29,testassemblies3134
29,testassemblies3777
29,testassemblies3868
28,testassemblies464
28,testassemblies868
28,testassemblies1342
28,testassemblies1634
28,testassemblies2098
28,testassemblies3463
27,testassemblies440
27,testassemblies1208
27,testassemblies1296
27,testassemblies1760
27,testassemblies2159
27,testassemblies2533
27,testassemblies2639
27,testassemblies3571
26,testassemblies549
26,testassemblies658
26,testassemblies1309
26,testassemblies1681
26,testassemblies2997
26,testassemblies3658
26,testassemblies4036
26,testassemblies4058
25,testassemblies450
25,testassemblies818
25,testassemblies1042
25,testassemblies1063
25,testassemblies2220
25,testassemblies2726
25,testassemblies2730
25,testassemblies2806
25,testassemblies2940
25,testassemblies2946
25,testassemblies3747
25,testassemblies4143
25,testassemblies4215
25,testassemblies4339
24,testassemblies337
24,testassemblies352
24,testassemblies486
24,testassemblies960
24,testassemblies1475
24,testassemblies3113
23,testassemblies1400
23,testassemblies1806
23,testassemblies2256
23,testassemblies2374
23,testassemblies2819
23,testassemblies2852
23,testassemblies2984
23,testassemblies3562
23,testassemblies3603
23,testassemblies3725
23,testassemblies4078
22,testassemblies9
22,testassemblies800
22,testassemblies1307
22,testassemblies1767
22,testassemblies2193
22,testassemblies2225
22,testassemblies2945
22,testassemblies3137
22,testassemblies3361
22,testassemblies3708
22,testassemblies3732
22,testassemblies3774
22,testassemblies4255
21,testassemblies1141
21,testassemblies1235
21,testassemblies1349
21,testassemblies2018
21,testassemblies2305
21,testassemblies2318
21,testassemblies2485
21,testassemblies2733
21,testassemblies2973
21,testassemblies3153
21,testassemblies3205
21,testassemblies3287
21,testassemblies4314
20,testassemblies428
20,testassemblies1362
20,testassemblies2180
20,testassemblies2293
20,testassemblies2331
20,testassemblies2662
20,testassemblies2859
20,testassemblies2958
20,testassemblies2970
20,testassemblies3099
20,testassemblies3331
20,testassemblies4473
19,testassemblies201
19,testassemblies1873
19,testassemblies2371
19,testassemblies2848
19,testassemblies2900
19,testassemblies4262
19,testassemblies4408
18,testassemblies22
18,testassemblies1147
18,testassemblies1372
18,testassemblies2297
18,testassemblies2762
18,testassemblies3448
18,testassemblies3852
18,testassemblies4281
17,testassemblies190
17,testassemblies447
17,testassemblies896
17,testassemblies1356
17,testassemblies1375
17,testassemblies1790
17,testassemblies3020
17,testassemblies3630
17,testassemblies4424
16,testassemblies386
16,testassemblies404
16,testassemblies1052
16,testassemblies1201
16,testassemblies2360
16,testassemblies3329
15,testassemblies24
15,testassemblies127
15,testassemblies308
15,testassemblies1268
15,testassemblies1561
15,testassemblies1633
15,testassemblies1684
15,testassemblies1947
15,testassemblies2614
15,testassemblies2785
15,testassemblies2993
15,testassemblies3584
15,testassemblies3703
15,testassemblies3859
14,testassemblies138
14,testassemblies168
14,testassemblies252
14,testassemblies1332
14,testassemblies1441
14,testassemblies1548
14,testassemblies1758
14,testassemblies1921
14,testassemblies2775
14,testassemblies2855
14,testassemblies3283
14,testassemblies3638
14,testassemblies3963
14,testassemblies4353
13,testassemblies258
13,testassemblies1709
13,testassemblies2066
13,testassemblies2084
13,testassemblies2265
13,testassemblies2529
13,testassemblies2596
13,testassemblies2954
13,testassemblies3256
13,testassemblies3257
13,testassemblies3721
13,testassemblies4300
12,testassemblies15
12,testassemblies154
12,testassemblies390
12,testassemblies400
12,testassemblies1445
12,testassemblies1547
12,testassemblies1918
12,testassemblies1936
12,testassemblies1950
12,testassemblies2032
12,testassemblies2425
12,testassemblies2531
12,testassemblies3769
12,testassemblies3921
12,testassemblies4410
11,testassemblies992
11,testassemblies1221
11,testassemblies1430
11,testassemblies1789
11,testassemblies2383
11,testassemblies2657
11,testassemblies3204
11,testassemblies3631
11,testassemblies3662
11,testassemblies3799
11,testassemblies4075
11,testassemblies4092
11,testassemblies4334
11,testassemblies4457
10,testassemblies1234
10,testassemblies1576
10,testassemblies1658
10,testassemblies1943
10,testassemblies2010
10,testassemblies2275
10,testassemblies2701
10,testassemblies2782
10,testassemblies3619
10,testassemblies3876
10,testassemblies4013
10,testassemblies4455
9,testassemblies426
9,testassemblies461
9,testassemblies474
9,testassemblies508
9,testassemblies898
9,testassemblies1899
9,testassemblies2282
9,testassemblies2432
9,testassemblies2889
9,testassemblies2978
9,testassemblies2979
9,testassemblies3046
9,testassemblies3490
9,testassemblies3531
9,testassemblies3814
9,testassemblies3817
9,testassemblies3896
9,testassemblies3999
9,testassemblies4105
9,testassemblies4124
9,testassemblies4382
8,testassemblies57
8,testassemblies936
8,testassemblies1256
8,testassemblies1583
8,testassemblies1643
8,testassemblies2435
8,testassemblies2557
8,testassemblies2659
8,testassemblies2983
8,testassemblies3167
8,testassemblies3227
8,testassemblies3231
8,testassemblies3430
8,testassemblies3563
8,testassemblies3588
8,testassemblies3696
8,testassemblies3759
8,testassemblies3941
8,testassemblies4276
7,testassemblies97
7,testassemblies255
7,testassemblies608
7,testassemblies1286
7,testassemblies1616
7,testassemblies1794
7,testassemblies2873
7,testassemblies2877
7,testassemblies3086
7,testassemblies3237
7,testassemblies3297
7,testassemblies3499
7,testassemblies3610
7,testassemblies3611
7,testassemblies3919
6,testassemblies75
6,testassemblies136
6,testassemblies620
6,testassemblies681
6,testassemblies941
6,testassemblies1142
6,testassemblies1483
6,testassemblies1545
6,testassemblies1697
6,testassemblies1814
6,testassemblies2362
6,testassemblies2849
6,testassemblies2905
6,testassemblies2941
6,testassemblies3098
6,testassemblies3123
6,testassemblies3432
6,testassemblies3553
6,testassemblies3753
6,testassemblies4095
6,testassemblies4122
5,testassemblies552
5,testassemblies708
5,testassemblies755
5,testassemblies762
5,testassemblies786
5,testassemblies1815
5,testassemblies1974
5,testassemblies2025
5,testassemblies2090
5,testassemblies2176
5,testassemblies2269
5,testassemblies2304
5,testassemblies2600
5,testassemblies2672
5,testassemblies3218
5,testassemblies3326
5,testassemblies3330
5,testassemblies3466
5,testassemblies3860
4,testassemblies206
4,testassemblies208
4,testassemblies501
4,testassemblies547
4,testassemblies634
4,testassemblies699
4,testassemblies1046
4,testassemblies1091
4,testassemblies1431
4,testassemblies1675
4,testassemblies1693
4,testassemblies1826
4,testassemblies1855
4,testassemblies1856
4,testassemblies2388
4,testassemblies2497
4,testassemblies2736
4,testassemblies2738
4,testassemblies2742
4,testassemblies2757
4,testassemblies2758
4,testassemblies2883
4,testassemblies3045
4,testassemblies3077
4,testassemblies3124
4,testassemblies3517
4,testassemblies3801
4,testassemblies3826
4,testassemblies3917
4,testassemblies4256
4,testassemblies4304
4,testassemblies4378
3,testassemblies150
3,testassemblies269
3,testassemblies397
3,testassemblies781
3,testassemblies799
3,testassemblies955
3,testassemblies1018
3,testassemblies1072
3,testassemblies1130
3,testassemblies1148
3,testassemblies1485
3,testassemblies1598
3,testassemblies1705
3,testassemblies1776
3,testassemblies1777
3,testassemblies2043
3,testassemblies2105
3,testassemblies2484
3,testassemblies2707
3,testassemblies2948
3,testassemblies3006
3,testassemblies3070
3,testassemblies3613
3,testassemblies3811
3,testassemblies4007
3,testassemblies4099
3,testassemblies4232
3,testassemblies4283
3,testassemblies4459
2,testassemblies475
2,testassemblies556
2,testassemblies718
2,testassemblies939
2,testassemblies953
2,testassemblies962
2,testassemblies963
2,testassemblies972
2,testassemblies1001
2,testassemblies1044
2,testassemblies1183
2,testassemblies1635
2,testassemblies1744
2,testassemblies1798
2,testassemblies1920
2,testassemblies1962
2,testassemblies2119
2,testassemblies2204
2,testassemblies2710
2,testassemblies2947
2,testassemblies3029
2,testassemblies3176
2,testassemblies3556
2,testassemblies3632
2,testassemblies3938
2,testassemblies4024
2,testassemblies4346
2,testassemblies4411
1,testassemblies102
1,testassemblies144
1,testassemblies305
1,testassemblies341
1,testassemblies374
1,testassemblies385
1,testassemblies451
1,testassemblies542
1,testassemblies554
1,testassemblies592
1,testassemblies671
1,testassemblies673
1,testassemblies707
1,testassemblies709
1,testassemblies740
1,testassemblies749
1,testassemblies780
1,testassemblies849
1,testassemblies887
1,testassemblies1000
1,testassemblies1170
1,testassemblies1308
1,testassemblies1531
1,testassemblies1661
1,testassemblies1747
1,testassemblies1791
1,testassemblies1795
1,testassemblies1870
1,testassemblies1908
1,testassemblies1970
1,testassemblies2096
1,testassemblies2171
1,testassemblies2216
1,testassemblies2501
1,testassemblies2508
1,testassemblies2530
1,testassemblies2654
1,testassemblies2660
1,testassemblies2788
1,testassemblies2801
1,testassemblies2935
1,testassemblies3138
1,testassemblies3220
1,testassemblies3300
1,testassemblies3469
1,testassemblies3476
1,testassemblies3482
1,testassemblies3573
1,testassemblies3719
1,testassemblies3989
1,testassemblies4060
1,testassemblies4171
1,testassemblies4198
1,testassemblies4338
1,testassemblies4375