testassemblies2554,20905
testassemblies3995,18027
testassemblies244,15627
testassemblies1071,14850
testassemblies1990,14463
testassemblies2144,13660
testassemblies2423,13466
testassemblies1520,13390
testassemblies3091,13062
testassemblies1503,12065
testassemblies1959,11803
testassemblies1083,11789
testassemblies1110,11512
testassemblies196,10851
testassemblies901,10541
testassemblies4432,10283
testassemblies256,10124
testassemblies1564,9985
testassemblies2411,9982
testassemblies3717,9864
testassemblies146,9360
testassemblies218,9346
testassemblies1035,9178
testassemblies1209,9156
testassemblies1611,9127
testassemblies1788,9119
testassemblies750,9035
testassemblies3310,8933
testassemblies4285,8808
testassemblies719,8639
testassemblies3386,8565
testassemblies433,8531
testassemblies4093,8526
testassemblies3920,8514
testassemblies2040,8454
testassemblies1124,8188
testassemblies1763,8147
testassemblies119,8107
testassemblies3381,8071
testassemblies3666,8042
testassemblies886,8035
testassemblies1271,7659
testassemblies2213,7560
testassemblies544,7552
testassemblies3598,7393
testassemblies3382,7307
testassemblies2664,7299
testassemblies1739,7131
testassemblies2268,7007
testassemblies162,6872
testassemblies436,6515
testassemblies3969,6511
testassemblies134,6360
testassemblies2211,6192
testassemblies3370,6128
testassemblies465,5819
testassemblies199,5800
testassemblies260,5726
testassemblies1447,5616
testassemblies1646,5531
testassemblies2192,5416
testassemblies1756,5176
testassemblies724,5099
testassemblies458,4931
testassemblies3265,4882
testassemblies3754,4835
testassemblies3914,4814
testassemblies3723,4780
testassemblies1707,4541
testassemblies2451,4537
testassemblies2458,4521
testassemblies3324,4483
testassemblies1185,4416
testassemblies2480,4383
testassemblies2315,4380
testassemblies2985,4077
testassemblies1811,4074
testassemblies3615,4059
testassemblies1336,4047
testassemblies3944,3921
testassemblies1988,3901
testassemblies815,3895
testassemblies3751,3885
testassemblies3402,3835
testassemblies1612,3805
testassemblies4033,3782
testassemblies3353,3731
testassemblies469,3717
testassemblies4089,3682
testassemblies1637,3656
testassemblies2881,3592
testassemblies1267,3590
testassemblies1281,3582
testassemblies2920,3550
testassemblies2678,3518
testassemblies3794,3429
testassemblies4112,3338
testassemblies2276,3321
testassemblies203,3310
testassemblies3078,3298
testassemblies2496,3286
testassemblies3592,3279
testassemblies389,3242
testassemblies1334,3228
testassemblies4465,3216
testassemblies2009,3176
testassemblies202,3156
testassemblies8,3133
testassemblies3691,3043
testassemblies977,3019
testassemblies3116,2952
testassemblies3812,2918
testassemblies2696,2912
testassemblies1605,2866
testassemblies2697,2827
testassemblies2430,2819
testassemblies782,2818
testassemblies2403,2804
testassemblies4366,2796
testassemblies3280,2789
testassemblies2797,2779
testassemblies3114,2771
testassemblies1453,2747
testassemblies783,2740
testassemblies4207,2733
testassemblies1539,2683
testassemblies1340,2671
testassemblies2147,2643
testassemblies604,2629
testassemblies3191,2594
testassemblies2311,2584
testassemblies1513,2531
testassemblies2616,2478
testassemblies1544,2393
testassemblies1011,2381
testassemblies2058,2368
testassemblies2961,2314
testassemblies4048,2314
testassemblies1883,2297
testassemblies2592,2297
testassemblies861,2243
testassemblies3082,2225
testassemblies3803,2207
testassemblies1573,2186
testassemblies2928,2185
testassemblies1615,2170
testassemblies3955,2131
testassemblies1369,2124
testassemblies228,2101
testassemblies2054,2060
testassemblies2902,2043
testassemblies3296,2043
testassemblies302,2023
testassemblies2115,2001
testassemblies1066,1950
testassemblies2464,1882
testassemblies812,1857
testassemblies2651,1855
testassemblies667,1838
testassemblies306,1836
testassemblies7,1832
testassemblies2103,1796
testassemblies3518,1768
testassemblies3171,1750
testassemblies3244,1731
testassemblies2499,1705
testassemblies930,1692
testassemblies4318,1682
testassemblies825,1673
testassemblies1892,1669
testassemblies2955,1649
testassemblies4223,1612
testassemblies866,1566
testassemblies2280,1545
testassemblies312,1510
testassemblies880,1510
testassemblies1524,1503
testassemblies3617,1484
testassemblies3951,1481
testassemblies945,1475
testassemblies2112,1472
testassemblies1224,1468
testassemblies3003,1462
testassemblies3551,1458
testassemblies2964,1455
testassemblies1569,1453
testassemblies1284,1450
testassemblies2306,1448
testassemblies210,1421
testassemblies2586,1407
testassemblies3104,1394
testassemblies1187,1389
testassemblies2652,1388
testassemblies293,1385
testassemblies2934,1379
testassemblies2473,1378
testassemblies125,1368
testassemblies1538,1366
testassemblies1077,1347
testassemblies771,1343
testassemblies1435,1336
testassemblies3894,1333
testassemblies773,1316
testassemblies3552,1296
testassemblies2251,1285
testassemblies3090,1278
testassemblies1639,1263
testassemblies2020,1256
testassemblies16,1251
testassemblies2031,1249
testassemblies603,1246
testassemblies3174,1227
testassemblies518,1214
testassemblies216,1212
testassemblies2906,1209
testassemblies1490,1207
testassemblies2500,1207
testassemblies2507,1207
testassemblies34,1198
testassemblies2433,1196
testassemblies3313,1192
testassemblies1037,1189
testassemblies1592,1188
testassemblies2386,1188
testassemblies2724,1187
testassemblies3345,1184
testassemblies2340,1183
testassemblies151,1177
testassemblies2087,1173
testassemblies1751,1172
testassemblies2575,1171
testassemblies4206,1170
testassemblies2279,1167
testassemblies1647,1166
testassemblies4217,1156
testassemblies1469,1155
testassemblies3428,1154
testassemblies3235,1149
testassemblies86,1139
testassemblies2130,1136
testassemblies3251,1136
testassemblies2155,1122
testassemblies3182,1118
testassemblies3183,1107
testassemblies1103,1102
testassemblies1607,1099
testassemblies1800,1094
testassemblies2908,1081
testassemblies2474,1068
testassemblies1418,1065
testassemblies4388,1062
testassemblies2266,1061
testassemblies4243,1053
testassemblies1164,1050
testassemblies1989,1044
testassemblies3157,1042
testassemblies1152,1038
testassemblies2094,1029
testassemblies2083,1028
testassemblies2776,1018
testassemblies1266,1017
testassemblies764,1013
testassemblies3317,1012
testassemblies3809,1012
testassemblies3831,1011
testassemblies3268,1010
testassemblies2588,1003
testassemblies3269,1000
testassemblies3724,993
testassemblies3735,991
testassemblies1696,987
testassemblies399,979
testassemblies3742,976
testassemblies246,974
testassemblies3348,967
testassemblies2598,960
testassemblies3446,957
testassemblies1260,954
testassemblies1799,953
testassemblies2182,941
testassemblies2722,926
testassemblies4282,922
testassemblies3749,920
testassemblies3266,919
testassemblies2607,918
testassemblies729,917
testassemblies3118,906
testassemblies2949,905
testassemblies3216,905
testassemblies1247,902
testassemblies1940,901
testassemblies1543,899
testassemblies2886,892
testassemblies646,892
testassemblies4225,891
testassemblies1192,889
testassemblies510,871
testassemblies578,868
testassemblies4374,866
testassemblies3011,864
testassemblies1907,854
testassemblies1184,844
testassemblies2609,840
testassemblies195,836
testassemblies3152,832
testassemblies1194,831
testassemblies3544,831
testassemblies4393,827
testassemblies2262,825
testassemblies3622,818
testassemblies2355,816
testassemblies1502,810
testassemblies3239,808
testassemblies170,807
testassemblies2999,807
testassemblies3110,806
testassemblies864,804
testassemblies370,802
testassemblies3349,798
testassemblies2759,796
testassemblies3663,790
testassemblies1223,788
testassemblies396,788
testassemblies2001,782
testassemblies2365,782
testassemblies3779,780
testassemblies2679,776
testassemblies3882,775
testassemblies1591,767
testassemblies1525,764
testassemblies2565,761
testassemblies4428,759
testassemblies1420,755
testassemblies2356,753
testassemblies1386,752
testassemblies2321,752
testassemblies3612,752
testassemblies3377,750
testassemblies1801,749
testassemblies1985,745
testassemblies745,742
testassemblies1759,735
testassemblies1663,733
testassemblies837,733
testassemblies2713,730
testassemblies2325,727
testassemblies4240,724
testassemblies384,719
testassemblies1454,718
testassemblies557,715
testassemblies2922,710
testassemblies2019,707
testassemblies2898,707
testassemblies2274,704
testassemblies1482,701
testassemblies4076,700
testassemblies652,696
testassemblies2038,685
testassemblies1222,683
testassemblies2957,682
testassemblies1909,680
testassemblies3887,680
testassemblies342,678
testassemblies2903,677
testassemblies1119,675
testassemblies1772,671
testassemblies1109,662
testassemblies1560,658
testassemblies1082,657
testassemblies3021,655
testassemblies2382,654
testassemblies3991,653
testassemblies1370,649
testassemblies3195,649
testassemblies565,648
testassemblies1625,646
testassemblies2635,646
testassemblies3316,644
testassemblies2300,637
testassemblies3289,636
testassemblies637,635
testassemblies2777,634
testassemblies2328,631
testassemblies3961,630
testassemblies1242,629
testassemblies607,625
testassemblies3958,624
testassemblies1295,620
testassemblies2619,617
testassemblies4364,611
testassemblies272,606
testassemblies4277,605
testassemblies2258,601
testassemblies4303,601
testassemblies698,598
testassemblies133,593
testassemblies3524,591
testassemblies2884,590
testassemblies230,586
testassemblies1051,579
testassemblies605,578
testassemblies3540,576
testassemblies3697,575
testassemblies192,572
testassemblies3539,571
testassemblies2936,570
testassemblies2205,569
testassemblies2230,564
testassemblies3241,563
testassemblies3785,561
testassemblies2452,560
testassemblies1094,558
testassemblies1186,557
testassemblies1417,555
testassemblies1111,553
testassemblies1559,551
testassemblies943,547
testassemblies1629,545
testassemblies3767,545
testassemblies623,545
testassemblies766,544
testassemblies2044,540
testassemblies776,539
testassemblies1053,537
testassemblies3100,534
testassemblies2235,531
testassemblies3581,531
testassemblies914,529
testassemblies1383,526
testassemblies1719,525
testassemblies890,525
testassemblies3230,522
testassemblies444,521
testassemblies727,521
testassemblies2186,514
testassemblies4299,514
testassemblies1009,513
testassemblies1956,512
testassemblies2303,509
testassemblies3659,508
testassemblies2478,505
testassemblies300,500
testassemblies917,500
testassemblies4467,499
testassemblies3233,498
testassemblies1690,496
testassemblies3960,495
testassemblies116,494
testassemblies2408,493
testassemblies2359,492
testassemblies3790,491
testassemblies468,491
testassemblies938,490
testassemblies2494,489
testassemblies3634,489
testassemblies803,488
testassemblies105,485
testassemblies668,484
testassemblies222,483
testassemblies2763,482
testassemblies680,481
testassemblies1861,480
testassemblies1884,478
testassemblies3665,478
testassemblies3823,475
testassemblies2708,474
testassemblies2646,472
testassemblies1585,469
testassemblies221,466
testassemblies1012,465
testassemblies2123,465
testassemblies2966,465
testassemblies672,465
testassemblies1238,463
testassemblies2016,462
testassemblies1537,460
testassemblies1193,459
testassemblies1792,459
testassemblies3284,459
testassemblies878,457
testassemblies129,456
testassemblies3516,454
testassemblies2655,453
testassemblies317,453
testassemblies3523,449
testassemblies3159,446
testassemblies2292,445
testassemblies2118,443
testassemblies2950,442
testassemblies1283,440
testassemblies2283,439
testassemblies1618,438
testassemblies2462,438
testassemblies732,438
testassemblies2390,433
testassemblies2515,432
testassemblies191,431
testassemblies555,431
testassemblies205,430
testassemblies1248,429
testassemblies2805,429
testassemblies3756,428
testassemblies2208,427
testassemblies27,427
testassemblies4045,427
testassemblies3762,425
testassemblies4038,425
testassemblies3449,423
testassemblies3802,423
testassemblies3295,422
testassemblies1778,420
testassemblies1265,419
testassemblies1829,419
testassemblies2602,417
testassemblies4192,417
testassemblies3874,412
testassemblies1020,411
testassemblies1318,411
testassemblies1395,407
testassemblies1732,406
testassemblies4423,405
testassemblies751,404
testassemblies522,403
testassemblies961,398
testassemblies1214,397
testassemblies232,397
testassemblies2545,395
testassemblies3009,395
testassemblies3623,394
testassemblies4311,394
testassemblies3760,393
testassemblies1007,389
testassemblies3420,389
testassemblies2790,388
testassemblies1421,386
testassemblies3931,385
testassemblies998,385
testassemblies275,384
testassemblies871,384
testassemblies241,381
testassemblies594,381
testassemblies4193,379
testassemblies3120,378
testassemblies380,377
testassemblies1553,374
testassemblies1910,373
testassemblies3018,373
testassemblies1196,372
testassemblies3209,372
testassemblies1115,371
testassemblies4390,371
testassemblies3752,369
testassemblies4015,366
testassemblies1711,361
testassemblies3974,360
testassemblies997,360
testassemblies2466,358
testassemblies796,358
testassemblies1466,356
testassemblies723,356
testassemblies2838,354
testassemblies2977,353
testassemblies2841,352
testassemblies1558,351
testassemblies4182,349
testassemblies1365,348
testassemblies3907,341
testassemblies1897,339
testassemblies4123,338
testassemblies310,335
testassemblies610,335
testassemblies1828,334
testassemblies3186,331
testassemblies1512,328
testassemblies3298,324
testassemblies1451,323
testassemblies363,323
testassemblies4307,323
testassemblies1546,322
testassemblies2085,322
testassemblies229,321
testassemblies3568,321
testassemblies1540,319
testassemblies463,319
testassemblies2120,317
testassemblies855,314
testassemblies1030,313
testassemblies3389,313
testassemblies343,313
testassemblies295,312
testassemblies3998,312
testassemblies2100,311
testassemblies1761,310
testassemblies2605,310
testassemblies706,309
testassemblies1945,308
testassemblies2615,307
testassemblies3397,307
testassemblies4414,307
testassemblies1158,306
testassemblies1429,306
testassemblies1748,306
testassemblies3600,306
testassemblies2154,304
testassemblies3236,304
testassemblies1361,303
testassemblies4373,303
testassemblies995,303
testassemblies3529,301
testassemblies4040,301
testassemblies1202,300
testassemblies21,300
testassemblies895,300
testassemblies3215,299
testassemblies3715,299
testassemblies3713,297
testassemblies1519,296
testassemblies1784,296
testassemblies3797,296
testassemblies1882,294
testassemblies3360,294
testassemblies4096,293
testassemblies3225,289
testassemblies2122,287
testassemblies2337,286
testassemblies1464,285
testassemblies2030,285
testassemblies4385,284
testassemblies1097,282
testassemblies1530,282
testassemblies932,282
testassemblies1203,281
testassemblies2194,281
testassemblies642,280
testassemblies1440,279
testassemblies1014,278
testassemblies2711,278
testassemblies4005,277
testassemblies993,277
testassemblies1670,276
testassemblies2842,276
testassemblies1942,274
testassemblies2476,274
testassemblies1289,271
testassemblies1073,270
testassemblies1488,270
testassemblies2750,270
testassemblies3232,270
testassemblies3881,270
testassemblies1971,269
testassemblies259,268
testassemblies3629,268
testassemblies3988,268
testassemblies4341,268
testassemblies1614,266
testassemblies2771,266
testassemblies2872,266
testassemblies3094,266
testassemblies3136,266
testassemblies278,264
testassemblies3937,264
testassemblies4302,264
testassemblies1448,263
testassemblies2574,263
testassemblies1630,262
testassemblies1787,260
testassemblies2102,259
testassemblies596,259
testassemblies4288,258
testassemblies3101,256
testassemblies1859,255
testassemblies826,255
testassemblies92,255
testassemblies2367,254
testassemblies2989,253
testassemblies3434,253
testassemblies3498,252
testassemblies3768,251
testassemblies1093,250
testassemblies654,250
testassemblies754,248
testassemblies3044,247
testassemblies3190,247
testassemblies223,246
testassemblies137,245
testassemblies1494,245
testassemblies1797,245
testassemblies3369,245
testassemblies1329,242
testassemblies188,242
testassemblies126,241
testassemblies245,241
testassemblies2487,241
testassemblies2808,241
testassemblies1673,239
testassemblies757,239
testassemblies2643,237
testassemblies273,237
testassemblies194,236
testassemblies3250,235
testassemblies179,234
testassemblies1350,233
testassemblies2426,233
testassemblies630,233
testassemblies1373,232
testassemblies1924,231
testassemblies2585,230
testassemblies1396,228
testassemblies2562,228
testassemblies2990,228
testassemblies165,227
testassemblies1766,227
testassemblies2862,227
testassemblies959,227
testassemblies11,226
testassemblies3806,226
testassemblies632,226
testassemblies3720,225
testassemblies132,224
testassemblies167,224
testassemblies3147,223
testassemblies3628,223
testassemblies2301,222
testassemblies379,222
testassemblies4446,222
testassemblies670,222
testassemblies3711,221
testassemblies2295,220
testassemblies2248,219
testassemblies424,218
testassemblies2121,217
testassemblies1253,216
testassemblies3327,216
testassemblies4087,216
testassemblies130,215
testassemblies3426,215
testassemblies2582,214
testassemblies3660,214
testassemblies3848,214
testassemblies824,214
testassemblies3858,213
testassemblies3886,213
testassemblies2921,210
testassemblies949,208
testassemblies3404,207
testassemblies3885,207
testassemblies4173,207
testassemblies507,207
testassemblies139,206
testassemblies2393,206
testassemblies2960,206
testassemblies1040,205
testassemblies1668,205
testassemblies1834,205
testassemblies3827,204
testassemblies4394,204
testassemblies1090,203
testassemblies4102,203
testassemblies978,202
testassemblies2629,201
testassemblies2534,199
testassemblies2870,199
testassemblies2770,197
testassemblies3355,197
testassemblies1376,196
testassemblies1078,195
testassemblies1310,195
testassemblies1818,195
testassemblies2727,195
testassemblies3854,194
testassemblies4433,194
testassemblies682,194
testassemblies152,193
testassemblies2976,193
testassemblies3373,193
testassemblies2604,192
testassemblies935,192
testassemblies1954,191
testassemblies2448,191
testassemblies1522,190
testassemblies3279,190
testassemblies867,190
testassemblies2097,189
testassemblies2622,189
testassemblies3320,189
testassemblies2751,188
testassemblies3443,187
testassemblies858,187
testassemblies987,186
testassemblies4091,185
testassemblies4462,185
testassemblies879,185
testassemblies4018,184
testassemblies916,183
testassemblies2218,181
testassemblies2991,181
testassemblies392,181
testassemblies797,181
testassemblies164,180
testassemblies2972,180
testassemblies4266,180
testassemblies641,180
testassemblies1687,179
testassemblies1922,179
testassemblies2195,179
testassemblies2490,179
testassemblies2547,178
testassemblies1813,177
testassemblies2899,177
testassemblies3154,177
testassemblies435,177
testassemblies4475,177
testassemblies2294,176
testassemblies3971,176
testassemblies48,176
testassemblies794,176
testassemblies483,174
testassemblies2687,173
testassemblies2853,173
testassemblies2917,172
testassemblies339,172
testassemblies4068,172
testassemblies502,172
testassemblies1880,171
testassemblies3972,171
testassemblies950,171
testassemblies1049,169
testassemblies3729,169
testassemblies1145,168
testassemblies4357,168
testassemblies1013,167
testassemblies2207,167
testassemblies3363,167
testassemblies989,165
testassemblies1017,164
testassemblies1172,164
testassemblies2768,164
testassemblies3410,163
testassemblies1166,161
testassemblies1770,161
testassemblies1944,161
testassemblies3933,161
testassemblies4279,161
testassemblies1736,160
testassemblies778,160
testassemblies2172,159
testassemblies2313,159
testassemblies2129,158
testassemblies969,158
testassemblies2116,157
testassemblies2257,157
testassemblies3705,157
testassemblies39,157
testassemblies1213,156
testassemblies2690,156
testassemblies4072,154
testassemblies2735,153
testassemblies1113,152
testassemblies1509,152
testassemblies1535,152
testassemblies2377,152
testassemblies2580,152
testassemblies3436,152
testassemblies3,151
testassemblies3709,150
testassemblies703,150
testassemblies1059,149
testassemblies1493,149
testassemblies1951,149
testassemblies425,149
testassemblies2153,148
testassemblies3311,148
testassemblies2712,146
testassemblies2919,146
testassemblies3367,146
testassemblies3555,146
testassemblies1381,145
testassemblies2131,145
testassemblies2174,145
testassemblies1486,144
testassemblies4191,144
testassemblies3291,142
testassemblies1394,141
testassemblies1963,141
testassemblies3773,141
testassemblies145,140
testassemblies1317,139
testassemblies2491,139
testassemblies2528,139
testassemblies2649,139
testassemblies2968,139
testassemblies3454,139
testassemblies690,139
testassemblies4053,138
testassemblies4136,138
testassemblies1038,137
testassemblies4412,137
testassemblies1285,136
testassemblies4074,136
testassemblies627,136
testassemblies189,135
testassemblies3942,135
testassemblies270,134
testassemblies4349,134
testassemblies4469,134
testassemblies1414,133
testassemblies1721,133
testassemblies1456,132
testassemblies1617,132
testassemblies1887,132
testassemblies238,132
testassemblies2618,132
testassemblies4022,132
testassemblies2698,131
testassemblies2982,131
testassemblies3201,131
testassemblies3461,131
testassemblies531,131
testassemblies971,131
testassemblies1879,130
testassemblies2472,130
testassemblies3271,130
testassemblies1575,129
testassemblies231,129
testassemblies3869,129
testassemblies473,129
testassemblies207,128
testassemblies2169,128
testassemblies2555,128
testassemblies3315,128
testassemblies131,127
testassemblies2228,127
testassemblies3572,127
testassemblies928,127
testassemblies2202,126
testassemblies2887,126
testassemblies3534,126
testassemblies462,126
testassemblies2568,125
testassemblies586,124
testassemblies1563,122
testassemblies1580,122
testassemblies1969,122
testassemblies4214,122
testassemblies609,122
testassemblies193,121
testassemblies3878,121
testassemblies178,120
testassemblies3452,120
testassemblies4234,120
testassemblies1556,119
testassemblies2214,118
testassemblies2603,118
testassemblies798,118
testassemblies2824,117
testassemblies3870,117
testassemblies401,117
testassemblies1043,116
testassemblies1529,116
testassemblies3808,115
testassemblies4118,115
testassemblies2504,114
testassemblies2791,114
testassemblies2845,114
testassemblies3673,114
testassemblies1666,113
testassemblies3567,113
testassemblies3804,113
testassemblies4336,113
testassemblies1159,112
testassemblies1358,112
testassemblies4354,111
testassemblies1025,110
testassemblies3047,110
testassemblies3488,109
testassemblies548,109
testassemblies2486,108
testassemblies2427,107
testassemblies3308,107
testassemblies3364,106
testassemblies2621,105
testassemblies3547,105
testassemblies1134,104
testassemblies4426,104
testassemblies1462,103
testassemblies2840,103
testassemblies4252,103
testassemblies2381,102
testassemblies1619,101
testassemblies2644,101
testassemblies2506,99
testassemblies2590,99
testassemblies3088,99
testassemblies3131,99
testassemblies628,99
testassemblies2170,98
testassemblies2703,98
testassemblies3532,98
testassemblies3605,98
testassemblies3950,98
testassemblies611,98
testassemblies2407,97
testassemblies2783,97
testassemblies2794,97
testassemblies3160,97
testassemblies4391,97
testassemblies599,97
testassemblies1080,96
testassemblies1118,96
testassemblies2110,96
testassemblies3945,96
testassemblies4381,96
testassemblies3198,95
testassemblies3699,95
testassemblies4119,95
testassemblies4450,95
testassemblies602,95
testassemblies1150,94
testassemblies2756,94
testassemblies3084,94
testassemblies3177,94
testassemblies1036,93
testassemblies1167,93
testassemblies1294,93
testassemblies2215,93
testassemblies2608,93
testassemblies1257,92
testassemblies1749,92
testassemblies2772,92
testassemblies285,92
testassemblies2882,92
testassemblies856,92
testassemblies1500,91
testassemblies173,91
testassemblies2179,91
testassemblies2271,90
testassemblies3093,90
testassemblies3730,90
testassemblies512,90
testassemblies558,90
testassemblies1112,89
testassemblies1877,89
testassemblies3514,89
testassemblies967,89
testassemblies1731,88
testassemblies3509,88
testassemblies1062,87
testassemblies1098,87
testassemblies1106,87
testassemblies1773,87
testassemblies2634,87
testassemblies3590,87
testassemblies415,87
testassemblies4398,87
testassemblies918,87
testassemblies1245,86
testassemblies2424,86
testassemblies4308,86
testassemblies1425,85
testassemblies2495,85
testassemblies3695,85
testassemblies4020,85
testassemblies402,85
testassemblies1107,84
testassemblies1204,84
testassemblies2272,84
testassemblies3959,84
testassemblies1865,82
testassemblies2699,82
testassemblies2856,82
testassemblies4046,82
testassemblies6,82
testassemblies897,82
testassemblies174,81
testassemblies2232,81
testassemblies2671,81
testassemblies850,81
testassemblies1206,80
testassemblies140,80
testassemblies2319,80
testassemblies3368,80
testassemblies883,80
testassemblies1357,79
testassemblies3757,79
testassemblies787,79
testassemblies2145,78
testassemblies2357,78
testassemblies3953,78
testassemblies573,78
testassemblies546,77
testassemblies924,77
testassemblies2573,76
testassemblies3609,76
testassemblies3853,76
testassemblies2594,75
testassemblies2744,75
testassemblies2969,75
testassemblies3242,75
testassemblies3500,75
testassemblies4026,75
testassemblies4351,75
testassemblies4377,75
testassemblies2665,74
testassemblies2967,74
testassemblies3786,74
testassemblies3926,74
testassemblies500,74
testassemblies4438,73
testassemblies2158,72
testassemblies2456,72
testassemblies3533,72
testassemblies3618,72
testassemblies3865,72
testassemblies3924,72
testassemblies3934,72
testassemblies994,72
testassemblies1392,71
testassemblies2685,71
testassemblies3141,71
testassemblies3936,71
testassemblies517,71
testassemblies2630,70
testassemblies1005,69
testassemblies1016,69
testassemblies3334,69
testassemblies364,69
testassemblies738,69
testassemblies752,69
testassemblies1312,68
testassemblies2113,68
testassemblies733,68
testassemblies915,68
testassemblies1442,67
testassemblies2692,67
testassemblies2795,67
testassemblies3636,67
testassemblies2008,66
testassemblies2302,66
testassemblies3424,66
testassemblies1863,65
testassemblies422,65
testassemblies666,65
testassemblies1384,64
testassemblies1393,64
testassemblies2559,64
testassemblies2732,64
testassemblies2875,64
testassemblies3399,64
testassemblies3819,64
testassemblies1685,63
testassemblies1715,63
testassemblies2633,63
testassemblies3587,63
testassemblies1275,62
testassemblies2049,62
testassemblies2796,62
testassemblies3378,62
testassemblies545,62
testassemblies159,61
testassemblies1983,61
testassemblies2148,61
testassemblies3206,61
testassemblies3427,61
testassemblies3832,61
testassemblies4352,61
testassemblies515,61
testassemblies3376,60
testassemblies4210,60
testassemblies4228,60
testassemblies506,60
testassemblies872,60
testassemblies2109,59
testassemblies267,59
testassemblies3106,59
testassemblies865,59
testassemblies1816,58
testassemblies1973,58
testassemblies2428,58
testassemblies4010,58
testassemblies1244,57
testassemblies1718,57
testassemblies2370,57
testassemblies2670,57
testassemblies299,57
testassemblies927,57
testassemblies4185,56
testassemblies4383,56
testassemblies1191,55
testassemblies367,55
testassemblies4247,55
testassemblies904,55
testassemblies1351,54
testassemblies1353,54
testassemblies4085,54
testassemblies899,54
testassemblies1050,53
testassemblies1075,53
testassemblies2223,53
testassemblies2988,53
testassemblies3039,53
testassemblies3519,53
testassemblies3585,53
testassemblies3679,53
testassemblies3818,53
testassemblies1315,52
testassemblies1465,52
testassemblies2286,52
testassemblies737,52
testassemblies1444,51
testassemblies2316,51
testassemblies3307,51
testassemblies3323,51
testassemblies4107,51
testassemblies4309,51
testassemblies480,51
testassemblies1121,50
testassemblies1366,50
testassemblies3115,50
testassemblies3357,50
testassemblies1609,49
testassemblies1655,49
testassemblies1937,49
testassemblies197,49
testassemblies2449,49
testassemblies2689,49
testassemblies2784,49
testassemblies2820,49
testassemblies3117,49
testassemblies3489,49
testassemblies4249,49
testassemblies4404,49
testassemblies615,49
testassemblies1457,48
testassemblies1516,48
testassemblies1579,48
testassemblies1701,48
testassemblies20,48
testassemblies2942,48
testassemblies346,48
testassemblies3856,48
testassemblies804,48
testassemblies3321,47
testassemblies3388,47
testassemblies37,47
testassemblies3918,47
testassemblies4211,47
testassemblies509,47
testassemblies521,47
testassemblies1551,46
testassemblies1769,46
testassemblies187,46
testassemblies2177,46
testassemblies220,46
testassemblies2544,46
testassemblies4220,46
testassemblies2320,45
testassemblies3213,45
testassemblies3535,45
testassemblies3614,45
testassemblies3727,45
testassemblies423,45
testassemblies4270,45
testassemblies669,45
testassemblies1019,44
testassemblies1131,44
testassemblies1504,44
testassemblies2108,44
testassemblies2149,44
testassemblies3352,44
testassemblies493,44
testassemblies1255,43
testassemblies2007,43
testassemblies2156,43
testassemblies3128,43
testassemblies3130,43
testassemblies4321,43
testassemblies1678,42
testassemblies3173,42
testassemblies3667,42
testassemblies431,42
testassemblies4361,42
testassemblies1272,41
testassemblies1346,41
testassemblies1390,41
testassemblies1508,41
testassemblies1785,41
testassemblies2219,41
testassemblies2851,41
testassemblies3416,41
testassemblies3805,41
testassemblies4260,41
testassemblies1359,40
testassemblies1587,40
testassemblies1768,40
testassemblies1991,40
testassemblies2395,40
testassemblies3798,40
testassemblies3968,40
testassemblies1355,39
testassemblies1683,39
testassemblies243,39
testassemblies2918,39
testassemblies3569,39
testassemblies933,39
testassemblies1623,38
testassemblies2837,38
testassemblies3656,38
testassemblies4037,38
testassemblies4055,38
testassemblies4133,38
testassemblies446,38
testassemblies597,38
testassemblies1416,37
testassemblies2402,37
testassemblies2743,37
testassemblies279,37
testassemblies2916,37
testassemblies2938,37
testassemblies3034,37
testassemblies3385,37
testassemblies3537,37
testassemblies1240,36
testassemblies1590,36
testassemblies2209,36
testassemblies2532,36
testassemblies303,36
testassemblies3132,36
testassemblies13,35
testassemblies1838,35
testassemblies1961,35
testassemblies2021,35
testassemblies2227,35
testassemblies2827,35
testassemblies3336,35
testassemblies3602,35
testassemblies3693,35
testassemblies513,35
testassemblies769,35
testassemblies1660,34
testassemblies1895,34
testassemblies1960,34
testassemblies3189,34
testassemblies3828,34
testassemblies1207,33
testassemblies1594,33
testassemblies2059,33
testassemblies4153,33
testassemblies4396,33
testassemblies511,33
testassemblies1144,32
testassemblies2567,32
testassemblies257,32
testassemblies298,32
testassemblies4009,32
testassemblies4310,32
testassemblies4427,32
testassemblies4472,32
testassemblies869,32
testassemblies1352,31
testassemblies1491,31
testassemblies2046,31
testassemblies2150,31
testassemblies2895,31
testassemblies4222,31
testassemblies659,31
testassemblies885,31
testassemblies101,30
testassemblies1114,30
testassemblies2285,30
testassemblies2669,30
testassemblies3372,30
testassemblies3683,30
testassemblies3871,30
testassemblies575,30
testassemblies579,30
testassemblies801,30
testassemblies973,30
testassemblies991,30
testassemblies1642,29
testassemblies1677,29
testassemblies2548,29
testassemblies3134,29
testassemblies3777,29
testassemblies3868,29
testassemblies875,29
testassemblies1342,28
testassemblies1634,28
testassemblies2098,28
testassemblies3463,28
testassemblies464,28
testassemblies868,28
testassemblies1208,27
testassemblies1296,27
testassemblies1760,27
testassemblies2159,27
testassemblies2533,27
testassemblies2639,27
testassemblies3571,27
testassemblies440,27
testassemblies1309,26
testassemblies1681,26
testassemblies2997,26
testassemblies3658,26
testassemblies4036,26
testassemblies4058,26
testassemblies549,26
testassemblies658,26
testassemblies1042,25
testassemblies1063,25
testassemblies2220,25
testassemblies2726,25
testassemblies2730,25
testassemblies2806,25
testassemblies2940,25
testassemblies2946,25
testassemblies3747,25
testassemblies4143,25
testassemblies4215,25
testassemblies4339,25
testassemblies450,25
testassemblies818,25
testassemblies1475,24
testassemblies3113,24
testassemblies337,24
testassemblies352,24
testassemblies486,24
testassemblies960,24
testassemblies1400,23
testassemblies1806,23
testassemblies2256,23
testassemblies2374,23
testassemblies2819,23
testassemblies2852,23
testassemblies2984,23
testassemblies3562,23
testassemblies3603,23
testassemblies3725,23
testassemblies4078,23
testassemblies1307,22
testassemblies1767,22
testassemblies2193,22
testassemblies2225,22
testassemblies2945,22
testassemblies3137,22
testassemblies3361,22
testassemblies3708,22
testassemblies3732,22
testassemblies3774,22
testassemblies4255,22
testassemblies800,22
testassemblies9,22
testassemblies1141,21
testassemblies1235,21
testassemblies1349,21
testassemblies2018,21
testassemblies2305,21
testassemblies2318,21
testassemblies2485,21
testassemblies2733,21
testassemblies2973,21
testassemblies3153,21
testassemblies3205,21
testassemblies3287,21
testassemblies4314,21
testassemblies1362,20
testassemblies2180,20
testassemblies2293,20
testassemblies2331,20
testassemblies2662,20
testassemblies2859,20
testassemblies2958,20
testassemblies2970,20
testassemblies3099,20
testassemblies3331,20
testassemblies428,20
testassemblies4473,20
testassemblies1873,19
testassemblies201,19
testassemblies2371,19
testassemblies2848,19
testassemblies2900,19
testassemblies4262,19
testassemblies4408,19
testassemblies1147,18
testassemblies1372,18
testassemblies2297,18
testassemblies22,18
testassemblies2762,18
testassemblies3448,18
testassemblies3852,18
testassemblies4281,18
testassemblies1356,17
testassemblies1375,17
testassemblies1790,17
testassemblies190,17
testassemblies3020,17
testassemblies3630,17
testassemblies4424,17
testassemblies447,17
testassemblies896,17
testassemblies1052,16
testassemblies1201,16
testassemblies2360,16
testassemblies3329,16
testassemblies386,16
testassemblies404,16
testassemblies1268,15
testassemblies127,15
testassemblies1561,15
testassemblies1633,15
testassemblies1684,15
testassemblies1947,15
testassemblies24,15
testassemblies2614,15
testassemblies2785,15
testassemblies2993,15
testassemblies308,15
testassemblies3584,15
testassemblies3703,15
testassemblies3859,15
testassemblies1332,14
testassemblies138,14
testassemblies1441,14
testassemblies1548,14
testassemblies168,14
testassemblies1758,14
testassemblies1921,14
testassemblies252,14
testassemblies2775,14
testassemblies2855,14
testassemblies3283,14
testassemblies3638,14
testassemblies3963,14
testassemblies4353,14
testassemblies1709,13
testassemblies2066,13
testassemblies2084,13
testassemblies2265,13
testassemblies2529,13
testassemblies258,13
testassemblies2596,13
testassemblies2954,13
testassemblies3256,13
testassemblies3257,13
testassemblies3721,13
testassemblies4300,13
testassemblies1445,12
testassemblies1547,12
testassemblies154,12
testassemblies15,12
testassemblies1918,12
testassemblies1936,12
testassemblies1950,12
testassemblies2032,12
testassemblies2425,12
testassemblies2531,12
testassemblies3769,12
testassemblies390,12
testassemblies3921,12
testassemblies400,12
testassemblies4410,12
testassemblies1221,11
testassemblies1430,11
testassemblies1789,11
testassemblies2383,11
testassemblies2657,11
testassemblies3204,11
testassemblies3631,11
testassemblies3662,11
testassemblies3799,11
testassemblies4075,11
testassemblies4092,11
testassemblies4334,11
testassemblies4457,11
testassemblies992,11
testassemblies1234,10
testassemblies1576,10
testassemblies1658,10
testassemblies1943,10
testassemblies2010,10
testassemblies2275,10
testassemblies2701,10
testassemblies2782,10
testassemblies3619,10
testassemblies3876,10
testassemblies4013,10
testassemblies4455,10
testassemblies1899,9
testassemblies2282,9
testassemblies2432,9
testassemblies2889,9
testassemblies2978,9
testassemblies2979,9
testassemblies3046,9
testassemblies3490,9
testassemblies3531,9
testassemblies3814,9
testassemblies3817,9
testassemblies3896,9
testassemblies3999,9
testassemblies4105,9
testassemblies4124,9
testassemblies426,9
testassemblies4382,9
testassemblies461,9
testassemblies474,9
testassemblies508,9
testassemblies898,9
testassemblies1256,8
testassemblies1583,8
testassemblies1643,8
testassemblies2435,8
testassemblies2557,8
testassemblies2659,8
testassemblies2983,8
testassemblies3167,8
testassemblies3227,8
testassemblies3231,8
testassemblies3430,8
testassemblies3563,8
testassemblies3588,8
testassemblies3696,8
testassemblies3759,8
testassemblies3941,8
testassemblies4276,8
testassemblies57,8
testassemblies936,8
testassemblies1286,7
testassemblies1616,7
testassemblies1794,7
testassemblies255,7
testassemblies2873,7
testassemblies2877,7
testassemblies3086,7
testassemblies3237,7
testassemblies3297,7
testassemblies3499,7
testassemblies3610,7
testassemblies3611,7
testassemblies3919,7
testassemblies608,7
testassemblies97,7
testassemblies1142,6
testassemblies136,6
testassemblies1483,6
testassemblies1545,6
testassemblies1697,6
testassemblies1814,6
testassemblies2362,6
testassemblies2849,6
testassemblies2905,6
testassemblies2941,6
testassemblies3098,6
testassemblies3123,6
testassemblies3432,6
testassemblies3553,6
testassemblies3753,6
testassemblies4095,6
testassemblies4122,6
testassemblies620,6
testassemblies681,6
testassemblies75,6
testassemblies941,6
testassemblies1815,5
testassemblies1974,5
testassemblies2025,5
testassemblies2090,5
testassemblies2176,5
testassemblies2269,5
testassemblies2304,5
testassemblies2600,5
testassemblies2672,5
testassemblies3218,5
testassemblies3326,5
testassemblies3330,5
testassemblies3466,5
testassemblies3860,5
testassemblies552,5
testassemblies708,5
testassemblies755,5
testassemblies762,5
testassemblies786,5
testassemblies1046,4
testassemblies1091,4
testassemblies1431,4
testassemblies1675,4
testassemblies1693,4
testassemblies1826,4
testassemblies1855,4
testassemblies1856,4
testassemblies206,4
testassemblies208,4
testassemblies2388,4
testassemblies2497,4
testassemblies2736,4
testassemblies2738,4
testassemblies2742,4
testassemblies2757,4
testassemblies2758,4
testassemblies2883,4
testassemblies3045,4
testassemblies3077,4
testassemblies3124,4
testassemblies3517,4
testassemblies3801,4
testassemblies3826,4
testassemblies3917,4
testassemblies4256,4
testassemblies4304,4
testassemblies4378,4
testassemblies501,4
testassemblies547,4
testassemblies634,4
testassemblies699,4
testassemblies1018,3
testassemblies1072,3
testassemblies1130,3
testassemblies1148,3
testassemblies1485,3
testassemblies150,3
testassemblies1598,3
testassemblies1705,3
testassemblies1776,3
testassemblies1777,3
testassemblies2043,3
testassemblies2105,3
testassemblies2484,3
testassemblies269,3
testassemblies2707,3
testassemblies2948,3
testassemblies3006,3
testassemblies3070,3
testassemblies3613,3
testassemblies3811,3
testassemblies397,3
testassemblies4007,3
testassemblies4099,3
testassemblies4232,3
testassemblies4283,3
testassemblies4459,3
testassemblies781,3
testassemblies799,3
testassemblies955,3
testassemblies1001,2
testassemblies1044,2
testassemblies1183,2
testassemblies1635,2
testassemblies1744,2
testassemblies1798,2
testassemblies1920,2
testassemblies1962,2
testassemblies2119,2
testassemblies2204,2
testassemblies2710,2
testassemblies2947,2
testassemblies3029,2
testassemblies3176,2
testassemblies3556,2
testassemblies3632,2
testassemblies3938,2
testassemblies4024,2
testassemblies4346,2
testassemblies4411,2
testassemblies475,2
testassemblies556,2
testassemblies718,2
testassemblies939,2
testassemblies953,2
testassemblies962,2
testassemblies963,2
testassemblies972,2
testassemblies1000,1
testassemblies102,1
testassemblies1170,1
testassemblies1308,1
testassemblies144,1
testassemblies1531,1
testassemblies1661,1
testassemblies1747,1
testassemblies1791,1
testassemblies1795,1
testassemblies1870,1
testassemblies1908,1
testassemblies1970,1
testassemblies2096,1
testassemblies2171,1
testassemblies2216,1
testassemblies2501,1
testassemblies2508,1
testassemblies2530,1
testassemblies2654,1
testassemblies2660,1
testassemblies2788,1
testassemblies2801,1
testassemblies2935,1
testassemblies305,1
testassemblies3138,1
testassemblies3220,1
testassemblies3300,1
testassemblies341,1
testassemblies3469,1
testassemblies3476,1
testassemblies3482,1
testassemblies3573,1
testassemblies3719,1
testassemblies374,1
testassemblies385,1
testassemblies3989,1
testassemblies4060,1
testassemblies4171,1
testassemblies4198,1
testassemblies4338,1
testassemblies4375,1
testassemblies451,1
testassemblies542,1
testassemblies554,1
testassemblies592,1
testassemblies671,1
testassemblies673,1
testassemblies707,1
testassemblies709,1
testassemblies740,1
testassemblies749,1
testassemblies780,1
testassemblies849,1
testassemblies887,1
