testassemblies261,6122
testassemblies456,6041
testassemblies202,5882
testassemblies425,5792
testassemblies277,5582
testassemblies8,5574
testassemblies180,5518
testassemblies155,5463
testassemblies356,5430
testassemblies231,5406
testassemblies407,5375
testassemblies248,5369
testassemblies88,5350
testassemblies375,5276
testassemblies162,5157
testassemblies161,5098
testassemblies318,5065
testassemblies91,5030
testassemblies448,4952
testassemblies55,4938
testassemblies266,4919
testassemblies116,4889
testassemblies387,4827
testassemblies101,4775
testassemblies455,4736
testassemblies195,4716
testassemblies47,4690
testassemblies7,4689
testassemblies124,4584
testassemblies14,4567
testassemblies218,4540
testassemblies309,4402
testassemblies427,4318
testassemblies274,4276
testassemblies157,4238
testassemblies45,4157
testassemblies57,4151
testassemblies89,4131
testassemblies102,3978
testassemblies230,3831
testassemblies165,3784
testassemblies422,3770
testassemblies106,3764
testassemblies462,3659
testassemblies46,3615
testassemblies166,3540
testassemblies352,3417
testassemblies250,3405
testassemblies201,3337
testassemblies308,3238
testassemblies395,3235
testassemblies402,3189
testassemblies59,3175
testassemblies451,3172
testassemblies176,3054
testassemblies5,2905
testassemblies473,2625
testassemblies169,2595
testassemblies152,2549
testassemblies225,2549
testassemblies183,2548
testassemblies78,2547
testassemblies211,2545
testassemblies313,2545
testassemblies151,2544
testassemblies94,2544
testassemblies332,2543
testassemblies136,2542
testassemblies320,2542
testassemblies148,2540
testassemblies149,2540
testassemblies342,2540
testassemblies138,2538
testassemblies286,2538
testassemblies298,2538
testassemblies145,2537
testassemblies224,2537
testassemblies339,2531
testassemblies329,2528
testassemblies154,2461
testassemblies43,2331
testassemblies262,2313
testassemblies316,2290
testassemblies192,2282
testassemblies464,2200
testassemblies53,2094
testassemblies222,2091
testassemblies474,1988
testassemblies2,1919
testassemblies271,1872
testassemblies241,1839
testassemblies328,1827
testassemblies130,1820
testassemblies182,1820
testassemblies292,1817
testassemblies111,1813
testassemblies125,1813
testassemblies62,1809
testassemblies251,1807
testassemblies228,1801
testassemblies278,1800
testassemblies312,1794
testassemblies399,1794
testassemblies93,1794
testassemblies212,1793
testassemblies144,1791
testassemblies319,1791
testassemblies77,1790
testassemblies147,1789
testassemblies380,1783
testassemblies338,1782
testassemblies388,1779
testassemblies285,1778
testassemblies385,1778
testassemblies421,1777
testassemblies137,1776
testassemblies143,1775
testassemblies305,1774
testassemblies341,1774
testassemblies170,1772
testassemblies135,1770
testassemblies418,1764
testassemblies373,1763
testassemblies354,1752
testassemblies297,1743
testassemblies179,1739
testassemblies207,1738
testassemblies343,1737
testassemblies366,1736
testassemblies223,1729
testassemblies237,1729
testassemblies239,1720
testassemblies331,1718
testassemblies150,1716
testassemblies403,1700
testassemblies415,1690
testassemblies121,1665
testassemblies270,1614
testassemblies131,1610
testassemblies327,1576
testassemblies108,1567
testassemblies269,1567
testassemblies243,1466
testassemblies177,1463
testassemblies457,1457
testassemblies409,1427
testassemblies11,1370
testassemblies191,1344
testassemblies255,1332
testassemblies234,1314
testassemblies291,1313
testassemblies260,1303
testassemblies264,1302
testassemblies216,1297
testassemblies167,1292
testassemblies275,1292
testassemblies256,1289
testassemblies419,1282
testassemblies400,1275
testassemblies246,1272
testassemblies252,1240
testassemblies259,1236
testassemblies142,1232
testassemblies436,1227
testassemblies156,1226
testassemblies227,1209
testassemblies276,1203
testassemblies66,1200
testassemblies404,1199
testassemblies6,1195
testassemblies126,1183
testassemblies265,1177
testassemblies340,1175
testassemblies406,1174
testassemblies449,1174
testassemblies199,1173
testassemblies229,1161
testassemblies196,1150
testassemblies453,1149
testassemblies371,1130
testassemblies1,1113
testassemblies236,1110
testassemblies258,1110
testassemblies321,1109
testassemblies174,1104
testassemblies242,1098
testassemblies193,1078
testassemblies424,1075
testassemblies83,1073
testassemblies3,1066
testassemblies0,1059
testassemblies115,1059
testassemblies365,1056
testassemblies439,1054
testassemblies443,1047
testassemblies113,1042
testassemblies317,1042
testassemblies133,1016
testassemblies450,1016
testassemblies470,1003
testassemblies190,1001
testassemblies221,998
testassemblies107,992
testassemblies171,984
testassemblies376,980
testassemblies401,979
testassemblies114,978
testassemblies194,966
testassemblies127,942
testassemblies219,930
testassemblies416,924
testassemblies90,916
testassemblies428,913
testassemblies39,911
testassemblies345,908
testassemblies109,907
testassemblies60,905
testassemblies249,902
testassemblies153,898
testassemblies378,895
testassemblies112,886
testassemblies253,882
testassemblies459,882
testassemblies273,874
testassemblies447,872
testassemblies420,868
testassemblies398,852
testassemblies445,839
testassemblies460,837
testassemblies379,831
testassemblies189,819
testassemblies205,816
testassemblies232,811
testassemblies44,811
testassemblies353,803
testassemblies105,794
testassemblies307,794
testassemblies235,786
testassemblies215,785
testassemblies217,764
testassemblies65,758
testassemblies412,754
testassemblies103,751
testassemblies386,746
testassemblies440,738
testassemblies442,738
testassemblies172,732
testassemblies374,732
testassemblies163,731
testassemblies267,730
testassemblies13,714
testassemblies87,714
testassemblies471,713
testassemblies129,712
testassemblies444,698
testassemblies393,690
testassemblies315,686
testassemblies405,685
testassemblies446,685
testassemblies360,684
testassemblies355,682
testassemblies434,682
testassemblies226,678
testassemblies110,662
testassemblies184,657
testassemblies197,656
testassemblies54,647
testassemblies200,633
testassemblies461,611
testassemblies310,604
testassemblies431,604
testassemblies465,594
testassemblies394,590
testassemblies141,573
testassemblies12,572
testassemblies119,570
testassemblies117,567
testassemblies263,542
testassemblies408,531
testassemblies188,526
testassemblies288,522
testassemblies49,521
testassemblies100,520
testassemblies209,518
testassemblies429,517
testassemblies410,516
testassemblies294,514
testassemblies368,497
testassemblies349,492
testassemblies326,491
testassemblies351,477
testassemblies323,474
testassemblies58,470
testassemblies364,469
testassemblies344,468
testassemblies247,459
testassemblies463,458
testassemblies134,457
testassemblies413,455
testassemblies397,454
testassemblies392,446
testassemblies104,442
testassemblies73,437
testassemblies417,422
testassemblies454,421
testassemblies469,416
testassemblies56,406
testassemblies284,393
testassemblies433,392
testassemblies139,390
testassemblies4,388
testassemblies210,387
testassemblies245,385
testassemblies472,381
testassemblies204,370
testassemblies335,369
testassemblies414,352
testassemblies178,347
testassemblies426,340
testassemblies128,315
testassemblies430,302
testassemblies99,294
testassemblies168,284
testassemblies120,283
testassemblies29,281
testassemblies369,271
testassemblies238,266
testassemblies140,262
testassemblies452,261
testassemblies198,257
testassemblies468,234
testassemblies41,218
testassemblies181,179
testassemblies132,169
testassemblies214,165
testassemblies257,163
testassemblies213,160
testassemblies67,157
testassemblies233,141
testassemblies158,113
testassemblies208,109
testassemblies458,102
testassemblies359,98
testassemblies9,94
testassemblies272,91
testassemblies423,90
testassemblies391,86
testassemblies203,84
testassemblies146,82
testassemblies466,82
testassemblies384,80
testassemblies86,73
testassemblies346,70
testassemblies467,68
testassemblies118,60
testassemblies123,56
testassemblies432,48
testassemblies20,47
testassemblies441,35
testassemblies74,27
testassemblies347,25
testassemblies437,24
testassemblies160,16
testassemblies295,14
testassemblies85,7
testassemblies50,6
testassemblies283,5
testassemblies81,4
testassemblies206,1
testassemblies302,1
